-- phpMyAdmin SQL Dump
-- version 4.0.4
-- http://www.phpmyadmin.net
--
-- Servidor: 127.0.0.1
-- Tiempo de generación: 10-11-2013 a las 23:04:07
-- Versión del servidor: 5.5.32
-- Versión de PHP: 5.4.16

SET FOREIGN_KEY_CHECKS=0;
SET SQL_MODE = "NO_AUTO_VALUE_ON_ZERO";
SET time_zone = "+00:00";


/*!40101 SET @OLD_CHARACTER_SET_CLIENT=@@CHARACTER_SET_CLIENT */;
/*!40101 SET @OLD_CHARACTER_SET_RESULTS=@@CHARACTER_SET_RESULTS */;
/*!40101 SET @OLD_COLLATION_CONNECTION=@@COLLATION_CONNECTION */;
/*!40101 SET NAMES utf8 */;

--
-- Base de datos: `demanda_proyecto`
--
CREATE DATABASE IF NOT EXISTS `demanda_proyecto` DEFAULT CHARACTER SET latin1 COLLATE latin1_swedish_ci;
USE `demanda_proyecto`;

-- --------------------------------------------------------

--
-- Estructura de tabla para la tabla `area`
--

CREATE TABLE IF NOT EXISTS `area` (
  `idarea` bigint(20) NOT NULL AUTO_INCREMENT,
  `nombre_area` varchar(60) COLLATE utf8_spanish2_ci NOT NULL,
  PRIMARY KEY (`idarea`)
) ENGINE=InnoDB  DEFAULT CHARSET=utf8 COLLATE=utf8_spanish2_ci AUTO_INCREMENT=6 ;

--
-- Volcado de datos para la tabla `area`
--

INSERT INTO `area` (`idarea`, `nombre_area`) VALUES
(1, 'Alimentacion'),
(2, 'Educacion'),
(3, 'Gobierno'),
(4, 'Salud'),
(5, 'Seguridad');

-- --------------------------------------------------------

--
-- Estructura de tabla para la tabla `auxiliar`
--

CREATE TABLE IF NOT EXISTS `auxiliar` (
  `id` int(11) NOT NULL AUTO_INCREMENT,
  `cod_central` varchar(25) NOT NULL,
  `disponibilidad` int(10) NOT NULL,
  PRIMARY KEY (`id`)
) ENGINE=InnoDB DEFAULT CHARSET=latin1 AUTO_INCREMENT=1 ;

-- --------------------------------------------------------

--
-- Estructura de tabla para la tabla `cartera_instituciones`
--

CREATE TABLE IF NOT EXISTS `cartera_instituciones` (
  `idcedula` varchar(9) COLLATE utf8_spanish2_ci NOT NULL,
  `rif_institucion` varchar(20) COLLATE utf8_spanish2_ci NOT NULL,
  PRIMARY KEY (`idcedula`,`rif_institucion`),
  KEY `fk_cartera_instituciones_idcedula_idx` (`idcedula`),
  KEY `fk_cartera_instituciones_rif_institucion_idx` (`rif_institucion`)
) ENGINE=InnoDB DEFAULT CHARSET=utf8 COLLATE=utf8_spanish2_ci;

--
-- Volcado de datos para la tabla `cartera_instituciones`
--

INSERT INTO `cartera_instituciones` (`idcedula`, `rif_institucion`) VALUES
('0800', 'G200000031'),
('0800', 'G200000970'),
('0800', 'G200001330'),
('0800', 'G200001569'),
('0800', 'G200001720'),
('0800', 'G200001747'),
('0800', 'G200001771'),
('0800', 'G200001879'),
('0800', 'G200001925'),
('0800', 'G200001933'),
('0800', 'G200001976'),
('0800', 'G200001984'),
('0800', 'G200001992'),
('0800', 'G200002115'),
('0800', 'G200002140'),
('0800', 'G200002158'),
('0800', 'G200002174'),
('0800', 'G200002204'),
('0800', 'G200002301'),
('0800', 'G200002310'),
('0800', 'G200002400'),
('0800', 'G200002417'),
('0800', 'G200002433'),
('0800', 'G200002484'),
('0800', 'G200002492'),
('0800', 'G200002530'),
('0800', 'G200002565'),
('0800', 'G200002603'),
('0800', 'G200002735'),
('0800', 'G200002751'),
('0800', 'G200002808'),
('0800', 'G200002816'),
('0800', 'G200002824'),
('0800', 'G200002832'),
('0800', 'G200002905'),
('0800', 'G200002930'),
('0800', 'G200002972'),
('0800', 'G200002999'),
('0800', 'G200003022'),
('0800', 'G200003049'),
('0800', 'G200003073'),
('0800', 'G200003090'),
('0800', 'G200003278'),
('0800', 'G200003316'),
('0800', 'G200003340'),
('0800', 'G200003359'),
('0800', 'G200003375'),
('0800', 'G200003405'),
('0800', 'G200003448'),
('0800', 'G200003464'),
('0800', 'G200003472'),
('0800', 'G200003480'),
('0800', 'G200003529'),
('0800', 'G200003537'),
('0800', 'G200003545'),
('0800', 'G200003570'),
('0800', 'G200003588'),
('0800', 'G200003677'),
('0800', 'G200003685'),
('0800', 'G200003693'),
('0800', 'G200003699'),
('0800', 'G200003774'),
('0800', 'G200003804'),
('0800', 'G200003871'),
('0800', 'G200003936'),
('0800', 'G200003995'),
('0800', 'G200004002'),
('0800', 'G200004029'),
('0800', 'G200004037'),
('0800', 'G200004053'),
('0800', 'G200004118'),
('0800', 'G200004169'),
('0800', 'G200004207'),
('0800', 'G200004215'),
('0800', 'G200004231'),
('0800', 'G200004258'),
('0800', 'G200004266'),
('0800', 'G200004436'),
('0800', 'G200004509'),
('0800', 'G200004550'),
('0800', 'G200004606'),
('0800', 'G200004657'),
('0800', 'G200004738'),
('0800', 'G200004746'),
('0800', 'G200004762'),
('0800', 'G200004819'),
('0800', 'G200004851'),
('0800', 'G200004854'),
('0800', 'G200004908'),
('0800', 'G200004932'),
('0800', 'G200004983'),
('0800', 'G200005084'),
('0800', 'G200005130'),
('0800', 'G200005203'),
('0800', 'G200005238'),
('0800', 'G200005262'),
('0800', 'G200005289'),
('0800', 'G200005300'),
('0800', 'G200005319'),
('0800', 'G200005335'),
('0800', 'G200005360'),
('0800', 'G200005416'),
('0800', 'G200005491'),
('0800', 'G200005505'),
('0800', 'G200005521'),
('0800', 'G200005564'),
('0800', 'G200005629'),
('0800', 'G200005645'),
('0800', 'G200005653'),
('0800', 'G200005661'),
('0800', 'G200005670'),
('0800', 'G200005840'),
('0800', 'G200005866'),
('0800', 'G200005904'),
('0800', 'G200006080'),
('0800', 'G200006102'),
('0800', 'G200006200'),
('0800', 'G200006242'),
('0800', 'G200006250'),
('0800', 'G200006293'),
('0800', 'G200006382'),
('0800', 'G200006404'),
('0800', 'G200006447'),
('0800', 'G200006501'),
('0800', 'G200006544'),
('0800', 'G200006595'),
('0800', 'G200006668'),
('0800', 'G200006684'),
('0800', 'G200006692'),
('0800', 'G200006706'),
('0800', 'G200006749'),
('0800', 'G200006765'),
('0800', 'G200006773'),
('0800', 'G200006803'),
('0800', 'G200006846'),
('0800', 'G200006889'),
('0800', 'G200006900'),
('0800', 'G200006960'),
('0800', 'G200006986'),
('0800', 'G200007010'),
('0800', 'G200007052'),
('0800', 'G200007079'),
('0800', 'G200007117'),
('0800', 'G200007125'),
('0800', 'G200007184'),
('0800', 'G200007206'),
('0800', 'G200007214'),
('0800', 'G200007222'),
('0800', 'G200007257'),
('0800', 'G200007290'),
('0800', 'G200007346'),
('0800', 'G200007354'),
('0800', 'G200007397'),
('0800', 'G200007427'),
('0800', 'G200007451'),
('0800', 'G200007478'),
('0800', 'G200007579'),
('0800', 'G200007630'),
('0800', 'G200007699'),
('0800', 'G200007745'),
('0800', 'G200007761'),
('0800', 'G200007770'),
('0800', 'G200007818'),
('0800', 'G200007869'),
('0800', 'G200007940'),
('0800', 'G200007958'),
('0800', 'G200007974'),
('0800', 'G200007990'),
('0800', 'G200008024'),
('0800', 'G200008032'),
('0800', 'G200008040'),
('0800', 'G200008059'),
('0800', 'G200008067'),
('0800', 'G200008105'),
('0800', 'G200008148'),
('0800', 'G200008164'),
('0800', 'G200008172'),
('0800', 'G200008180'),
('0800', 'G200008199'),
('0800', 'G200008202'),
('0800', 'G200008210'),
('0800', 'G200008229'),
('0800', 'G200008288'),
('0800', 'G200008326'),
('0800', 'G200008415'),
('0800', 'G200008440'),
('0800', 'G200008458'),
('0800', 'G200008474'),
('0800', 'G200008547'),
('0800', 'G200008555'),
('0800', 'G200008563'),
('0800', 'G200008598'),
('0800', 'G200008601'),
('0800', 'G200008610'),
('0800', 'G200008628'),
('0800', 'G200008644'),
('0800', 'G200008725'),
('0800', 'G200008741'),
('0800', 'G200008768'),
('0800', 'G200008776'),
('0800', 'G200008784'),
('0800', 'G200008792'),
('0800', 'G200008814'),
('0800', 'G200008822'),
('0800', 'G200008857'),
('0800', 'G200008881'),
('0800', 'G200008903'),
('0800', 'G200008920'),
('0800', 'G200008962'),
('0800', 'G200008997'),
('0800', 'G200009071'),
('0800', 'G200009098'),
('0800', 'G200009128'),
('0800', 'G200009136'),
('0800', 'G200009144'),
('0800', 'G200009152'),
('0800', 'G200009187'),
('0800', 'G200009209'),
('0800', 'G200009225'),
('0800', 'G200009268'),
('0800', 'G200009276'),
('0800', 'G200009284'),
('0800', 'G200009322'),
('0800', 'G200009357'),
('0800', 'G200009403'),
('0800', 'G200009411'),
('0800', 'G200009438'),
('0800', 'G200009462'),
('0800', 'G200009527'),
('0800', 'G200009535'),
('0800', 'G200009551'),
('0800', 'G200009608'),
('0800', 'G200009632'),
('0800', 'G200009640'),
('0800', 'G200009659'),
('0800', 'G200009691'),
('0800', 'G200009802'),
('0800', 'G200009853'),
('0800', 'G200009918'),
('0800', 'G200009985'),
('0800', 'G200010010'),
('0800', 'G200010037'),
('0800', 'G200010096'),
('0800', 'G200010126'),
('0800', 'G200010177'),
('0800', 'G200010185'),
('0800', 'G200010193'),
('0800', 'G200010207'),
('0800', 'G200010290'),
('0800', 'G200010312'),
('0800', 'G200010363'),
('0800', 'G200010371'),
('0800', 'G200010380'),
('0800', 'G200010452'),
('0800', 'G200010460'),
('0800', 'G200010487'),
('0800', 'G200010517'),
('0800', 'G200010533'),
('0800', 'G200010550'),
('0800', 'G200010584'),
('0800', 'G200010630'),
('0800', 'G200010673'),
('0800', 'G200010690'),
('0800', 'G200010703'),
('0800', 'G200010720'),
('0800', 'G200010738'),
('0800', 'G200010762'),
('0800', 'G200010789'),
('0800', 'G200010819'),
('0800', 'G200010835'),
('0800', 'G200010860'),
('0800', 'G200010924'),
('0800', 'G200010940'),
('0800', 'G200010991'),
('0800', 'G200011084'),
('0800', 'G200011130'),
('0800', 'G200011157'),
('0800', 'G200011190'),
('0800', 'G200011203'),
('0800', 'G200011246'),
('0800', 'G200011351'),
('0800', 'G200011378'),
('0800', 'G200011386'),
('0800', 'G200011408'),
('0800', 'G200011467'),
('0800', 'G200011475'),
('0800', 'G200011483'),
('0800', 'G200011564'),
('0800', 'G200011580'),
('0800', 'G200011610'),
('0800', 'G200011670'),
('0800', 'G200011742'),
('0800', 'G200011815'),
('0800', 'G200011823'),
('0800', 'G200011920'),
('0800', 'G200012030'),
('0800', 'G200012129'),
('0800', 'G200012137'),
('0800', 'G200012145'),
('0800', 'G200012153'),
('0800', 'G200012170'),
('0800', 'G200012196'),
('0800', 'G200012307'),
('0800', 'G200012315'),
('0800', 'G200012323'),
('0800', 'G200012374'),
('0800', 'G200012501'),
('0800', 'G200012536'),
('0800', 'G200012560'),
('0800', 'G200012587'),
('0800', 'G200012714'),
('0800', 'G200012749'),
('0800', 'G200012765'),
('0800', 'G200012773'),
('0800', 'G200012870'),
('0800', 'G200012889'),
('0800', 'G200012960'),
('0800', 'G200012978'),
('0800', 'G200013060'),
('0800', 'G200013079'),
('0800', 'G200013109'),
('0800', 'G200013117'),
('0800', 'G200013141'),
('0800', 'G200013338'),
('0800', 'G200013354'),
('0800', 'G200013389'),
('0800', 'G200013427'),
('0800', 'G200013486'),
('0800', 'G200013559'),
('0800', 'G200013621'),
('0800', 'G200013710'),
('0800', 'G200013745'),
('0800', 'G200013788'),
('0800', 'G200013842'),
('0800', 'G200013869'),
('0800', 'G200013885'),
('0800', 'G200013974'),
('0800', 'G200014032'),
('0800', 'G200014075'),
('0800', 'G200014091'),
('0800', 'G200014121'),
('0800', 'G200014377'),
('0800', 'G200014440'),
('0800', 'G200014555'),
('0800', 'G200014563'),
('0800', 'G200014610'),
('0800', 'G200014717'),
('0800', 'G200014733'),
('0800', 'G200014750'),
('0800', 'G200014792'),
('0800', 'G200014911'),
('0800', 'G200014920'),
('0800', 'G200014970'),
('0800', 'G200015071'),
('0800', 'G200015110'),
('0800', 'G200015136'),
('0800', 'G200015438'),
('0800', 'G200015446'),
('0800', 'G200015594'),
('0800', 'G200015632'),
('0800', 'G200015659'),
('0800', 'G200015667'),
('0800', 'G200015713'),
('0800', 'G200015730'),
('0800', 'G200015764'),
('0800', 'G200015926'),
('0800', 'G200015985'),
('0800', 'G200016108'),
('0800', 'G200016248'),
('0800', 'G200016469'),
('0800', 'G200016485'),
('0800', 'G200016710'),
('0800', 'G200016728'),
('0800', 'G200016876'),
('0800', 'G200016930'),
('0800', 'G200017120'),
('0800', 'G200017287'),
('0800', 'G200017350'),
('0800', 'G200017392'),
('0800', 'G200017422'),
('0800', 'G200017465'),
('0800', 'G200017473'),
('0800', 'G200017570'),
('0800', 'G200017600'),
('0800', 'G200017635'),
('0800', 'G200017678'),
('0800', 'G200017686'),
('0800', 'G200017740'),
('0800', 'G200017767'),
('0800', 'G200017864'),
('0800', 'G200017902'),
('0800', 'G200017945'),
('0800', 'G200017961'),
('0800', 'G200017996'),
('0800', 'G200018089'),
('0800', 'G200018178'),
('0800', 'G200018313'),
('0800', 'G200018720'),
('0800', 'G200018739'),
('0800', 'G200018860'),
('0800', 'G200018879'),
('0800', 'G200018968'),
('0800', 'G200019018'),
('0800', 'G200019034'),
('0800', 'G200019093'),
('0800', 'G200019123'),
('0800', 'G200019140'),
('0800', 'G200019158'),
('0800', 'G200019204'),
('0800', 'G200019220'),
('0800', 'G200019310'),
('0800', 'G200019379'),
('0800', 'G200019603'),
('0800', 'G200019620'),
('0800', 'G200019670'),
('0800', 'G200019743'),
('0800', 'G200019883'),
('0800', 'G200019956'),
('0800', 'G200019972'),
('0800', 'G200020121'),
('0800', 'G200020180'),
('0800', 'G200020393'),
('0800', 'G200020415'),
('0800', 'G200020440'),
('0800', 'G200020571'),
('0800', 'G200020636'),
('0800', 'G200020679'),
('0800', 'G200020768'),
('0800', 'G200020806'),
('0800', 'G200020938'),
('0800', 'G200020946'),
('0800', 'G200020989'),
('0800', 'G200021225'),
('0800', 'G200021489'),
('0800', 'G200021624'),
('0800', 'G200021632'),
('0800', 'G200021667'),
('0800', 'G200021675'),
('0800', 'G200021683'),
('0800', 'G200021713'),
('0800', 'G200021837'),
('0800', 'G200021853'),
('0800', 'G200021870'),
('0800', 'G200021977'),
('0800', 'G200022256'),
('0800', 'G200022280'),
('0800', 'G200022345'),
('0800', 'G200022396'),
('0800', 'G200022426'),
('0800', 'G200022493'),
('0800', 'G200022809'),
('0800', 'G200022868'),
('0800', 'G200022930'),
('0800', 'G200022981'),
('0800', 'G200023015'),
('0800', 'G200023082'),
('0800', 'G200023163'),
('0800', 'G200023309'),
('0800', 'G200023465'),
('0800', 'G200023694'),
('0800', 'G200023740'),
('0800', 'G200023775'),
('0800', 'G200023821'),
('0800', 'G200024038'),
('0800', 'G200024224'),
('0800', 'G200024291'),
('0800', 'G200024313'),
('0800', 'G200024615'),
('0800', 'G200024771'),
('0800', 'G200024925'),
('0800', 'G200025808'),
('0800', 'G200025875'),
('0800', 'G200025980'),
('0800', 'G200026014'),
('0800', 'G200026227'),
('0800', 'G200026332'),
('0800', 'G200026367'),
('0800', 'G200026405'),
('0800', 'G200026685'),
('0800', 'G200026723'),
('0800', 'G200026740'),
('0800', 'G200026928'),
('0800', 'G200027436'),
('0800', 'G200027525'),
('0800', 'G200027541'),
('0800', 'G200027657'),
('0800', 'G200027800'),
('0800', 'G200027835'),
('0800', 'G200027843'),
('0800', 'G200027932'),
('0800', 'G200028017'),
('0800', 'G200028025'),
('0800', 'G200028068'),
('0800', 'G200028092'),
('0800', 'G200028190'),
('0800', 'G200028254'),
('0800', 'G200028270'),
('0800', 'G200028343'),
('0800', 'G200028351'),
('0800', 'G200028416'),
('0800', 'G200028440'),
('0800', 'G200028521'),
('0800', 'G200028548'),
('0800', 'G200028718'),
('0800', 'G200028840'),
('0800', 'G200028998'),
('0800', 'G200029030'),
('0800', 'G200029170'),
('0800', 'G200029471'),
('0800', 'G200029552'),
('0800', 'G200029900'),
('0800', 'G200029986'),
('0800', 'G200030054'),
('0800', 'G200030232'),
('0800', 'G200030259'),
('0800', 'G200030437'),
('0800', 'G200031077'),
('0800', 'G200031255'),
('0800', 'G200031298'),
('0800', 'G200031301'),
('0800', 'G200031387'),
('0800', 'G200031506'),
('0800', 'G200031786'),
('0800', 'G200031980'),
('0800', 'G200032057'),
('0800', 'G200032111'),
('0800', 'G200032146'),
('0800', 'G200032227'),
('0800', 'G200032340'),
('0800', 'G200032367'),
('0800', 'G200032499'),
('0800', 'G200032545'),
('0800', 'G200032600'),
('0800', 'G200032626'),
('0800', 'G200032928'),
('0800', 'G200033029'),
('0800', 'G200033088'),
('0800', 'G200033371'),
('0800', 'G200033410'),
('0800', 'G200033444'),
('0800', 'G200033495'),
('0800', 'G200033533'),
('0800', 'G200033568'),
('0800', 'G200033690'),
('0800', 'G200033733'),
('0800', 'G200033967'),
('0800', 'G200034130'),
('0800', 'G200034165'),
('0800', 'G200034220'),
('0800', 'G200034440'),
('0800', 'G200034653'),
('0800', 'G200034777'),
('0800', 'G200034807'),
('0800', 'G200034823'),
('0800', 'G200035234'),
('0800', 'G200035250'),
('0800', 'G200035293'),
('0800', 'G200035382'),
('0800', 'G200035404'),
('0800', 'G200035625'),
('0800', 'G200035730'),
('0800', 'G200035749'),
('0800', 'G200035765'),
('0800', 'G200035986'),
('0800', 'G200036214'),
('0800', 'G200036346'),
('0800', 'G200036362'),
('0800', 'G200036443'),
('0800', 'G200036672'),
('0800', 'G200036915'),
('0800', 'G200036958'),
('0800', 'G200037172'),
('0800', 'G200037180'),
('0800', 'G200037385'),
('0800', 'G200037440'),
('0800', 'G200037598'),
('0800', 'G200037644'),
('0800', 'G200037695'),
('0800', 'G200037768'),
('0800', 'G200038012'),
('0800', 'G200038136'),
('0800', 'G200038179'),
('0800', 'G200038284'),
('0800', 'G200038306'),
('0800', 'G200038470'),
('0800', 'G200038500'),
('0800', 'G200038527'),
('0800', 'G200038624'),
('0800', 'G200039159'),
('0800', 'G200039230'),
('0800', 'G200039442'),
('0800', 'G200039566'),
('0800', 'G200039590'),
('0800', 'G200039795'),
('0800', 'G200039841'),
('0800', 'G200039922'),
('0800', 'G200039930'),
('0800', 'G200040068'),
('0800', 'G200040262'),
('0800', 'G200040491'),
('0800', 'G200040530'),
('0800', 'G200040556'),
('0800', 'G200040777'),
('0800', 'G200040785'),
('0800', 'G200040939'),
('0800', 'G200041544'),
('0800', 'G200041579'),
('0800', 'G200041986'),
('0800', 'G200042001'),
('0800', 'G200042249'),
('0800', 'G200042273'),
('0800', 'G200042370'),
('0800', 'G200042486'),
('0800', 'G200042656'),
('0800', 'G200042702'),
('0800', 'G200042974'),
('0800', 'G200043172'),
('0800', 'G200043261'),
('0800', 'G200043296'),
('0800', 'G200043407'),
('0800', 'G200043512'),
('0800', 'G200043601'),
('0800', 'G200043938'),
('0800', 'G200043970'),
('0800', 'G200044098'),
('0800', 'G200044136'),
('0800', 'G200044390'),
('0800', 'G200044438'),
('0800', 'G200044446'),
('0800', 'G200044640'),
('0800', 'G200044659'),
('0800', 'G200044748'),
('0800', 'G200044756'),
('0800', 'G200044802'),
('0800', 'G200045019'),
('0800', 'G200045108'),
('0800', 'G200045167'),
('0800', 'G200045388'),
('0800', 'G200045442'),
('0800', 'G200045450'),
('0800', 'G200045540'),
('0800', 'G200045558'),
('0800', 'G200045588'),
('0800', 'G200045612'),
('0800', 'G200045647'),
('0800', 'G200045906'),
('0800', 'G200046236'),
('0800', 'G200046252'),
('0800', 'G200046287'),
('0800', 'G200046422'),
('0800', 'G200046570'),
('0800', 'G200046651'),
('0800', 'G200046775'),
('0800', 'G200046910'),
('0800', 'G200047003'),
('0800', 'G200047127'),
('0800', 'G200047160'),
('0800', 'G200047232'),
('0800', 'G200047313'),
('0800', 'G200047356'),
('0800', 'G200047453'),
('0800', 'G200047518'),
('0800', 'G200047666'),
('0800', 'G200047712'),
('0800', 'G200047933'),
('0800', 'G200047941'),
('0800', 'G200048123'),
('0800', 'G200048174'),
('0800', 'G200048328'),
('0800', 'G200048344'),
('0800', 'G200048476'),
('0800', 'G200048638'),
('0800', 'G200048646'),
('0800', 'G200048662'),
('0800', 'G200048751'),
('0800', 'G200048778'),
('0800', 'G200049022'),
('0800', 'G200049030'),
('0800', 'G200049189'),
('0800', 'G200049251'),
('0800', 'G200049375'),
('0800', 'G200049472'),
('0800', 'G200049707'),
('0800', 'G200049898'),
('0800', 'G200049944'),
('0800', 'G200049979'),
('0800', 'G200050136'),
('0800', 'G200050144'),
('0800', 'G200050209'),
('0800', 'G200050217'),
('0800', 'G200050373'),
('0800', 'G200050454'),
('0800', 'G200050462'),
('0800', 'G200050578'),
('0800', 'G200050748'),
('0800', 'G200050756'),
('0800', 'G200050764'),
('0800', 'G200050969'),
('0800', 'G200051000'),
('0800', 'G200051124'),
('0800', 'G200051213'),
('0800', 'G200051256'),
('0800', 'G200051477'),
('0800', 'G200051620'),
('0800', 'G200051752'),
('0800', 'G200051809'),
('0800', 'G200051922'),
('0800', 'G200052015'),
('0800', 'G200052040'),
('0800', 'G200052066'),
('0800', 'G200052341'),
('0800', 'G200052449'),
('0800', 'G200052465'),
('0800', 'G200052627'),
('0800', 'G200052872'),
('0800', 'G200052937'),
('0800', 'G200053062'),
('0800', 'G200053194'),
('0800', 'G200053291'),
('0800', 'G200053356'),
('0800', 'G200053437'),
('0800', 'G200053461'),
('0800', 'G200053470'),
('0800', 'G200053518'),
('0800', 'G200053640'),
('0800', 'G200053666'),
('0800', 'G200053747'),
('0800', 'G200053852'),
('0800', 'G200053925'),
('0800', 'G200053933'),
('0800', 'G200054115'),
('0800', 'G200054174'),
('0800', 'G200054310'),
('0800', 'G200054581'),
('0800', 'G200054867'),
('0800', 'G200055146'),
('0800', 'G200055251'),
('0800', 'G200055715'),
('0800', 'G200055839'),
('0800', 'G200056096'),
('0800', 'G200056274'),
('0800', 'G200056290'),
('0800', 'G200056320'),
('0800', 'G200056410'),
('0800', 'G200056444'),
('0800', 'G200056452'),
('0800', 'G200056550'),
('0800', 'G200056568'),
('0800', 'G200056886'),
('0800', 'G200057068'),
('0800', 'G200057483'),
('0800', 'G200057491'),
('0800', 'G200057629'),
('0800', 'G200057734'),
('0800', 'G200057769'),
('0800', 'G200057777'),
('0800', 'G200057807'),
('0800', 'G200058099'),
('0800', 'G200058404'),
('0800', 'G200058412'),
('0800', 'G200058463'),
('0800', 'G200058536'),
('0800', 'G200058978'),
('0800', 'G200059150'),
('0800', 'G200059168'),
('0800', 'G200059303'),
('0800', 'G200059826'),
('0800', 'G200060042'),
('0800', 'G200060115'),
('0800', 'G200060174'),
('0800', 'G200060450'),
('0800', 'G200060476'),
('0800', 'G200060573'),
('0800', 'G200060930'),
('0800', 'G200061022'),
('0800', 'G200061197'),
('0800', 'G200061235'),
('0800', 'G200061294'),
('0800', 'G200061316'),
('0800', 'G200061332'),
('0800', 'G200061375'),
('0800', 'G200061448'),
('0800', 'G200061464'),
('0800', 'G200061545'),
('0800', 'G200061553'),
('0800', 'G200061618'),
('0800', 'G200061707'),
('0800', 'G200061774'),
('0800', 'G200061936'),
('0800', 'G200061944'),
('0800', 'G200061995'),
('0800', 'G200062010'),
('0800', 'G200062126'),
('0800', 'G200062169'),
('0800', 'G200062266'),
('0800', 'G200062339'),
('0800', 'G200062355'),
('0800', 'G200062452'),
('0800', 'G200062843'),
('0800', 'G200062860'),
('0800', 'G200062975'),
('0800', 'G200063041'),
('0800', 'G200063084'),
('0800', 'G200063157'),
('0800', 'G200063165'),
('0800', 'G200063190'),
('0800', 'G200063297'),
('0800', 'G200063335'),
('0800', 'G200063467'),
('0800', 'G200063556'),
('0800', 'G200063572'),
('0800', 'G200063610'),
('0800', 'G200063858'),
('0800', 'G200064030'),
('0800', 'G200064080'),
('0800', 'G200064170'),
('0800', 'G200064218'),
('0800', 'G200064226'),
('0800', 'G200064374'),
('0800', 'G200064480'),
('0800', 'G200064510'),
('0800', 'G200064730'),
('0800', 'G200064854'),
('0800', 'G200064919'),
('0800', 'G200064994'),
('0800', 'G200065362'),
('0800', 'G200065621'),
('0800', 'G200065818'),
('0800', 'G200065990'),
('0800', 'G200066199'),
('0800', 'G200066229'),
('0800', 'G200066237'),
('0800', 'G200066504'),
('0800', 'G200066555'),
('0800', 'G200066679'),
('0800', 'G200066989'),
('0800', 'G200067063'),
('0800', 'G200067128'),
('0800', 'G200067373'),
('0800', 'G200067632'),
('0800', 'G200067691'),
('0800', 'G200067950'),
('0800', 'G200068124'),
('0800', 'G200068396'),
('0800', 'G200068523'),
('0800', 'G200068582'),
('0800', 'G200068590'),
('0800', 'G200068795'),
('0800', 'G200068876'),
('0800', 'G200068957'),
('0800', 'G200069015'),
('0800', 'G200069139'),
('0800', 'G200069163'),
('0800', 'G200069198'),
('0800', 'G200069295'),
('0800', 'G200069554'),
('0800', 'G200069651'),
('0800', 'G200069970'),
('0800', 'G200070064'),
('0800', 'G200070196'),
('0800', 'G200070412'),
('0800', 'G200070544'),
('0800', 'G200070749'),
('0800', 'G200070870'),
('0800', 'G200070960'),
('0800', 'G200071222'),
('0800', 'G200071443'),
('0800', 'G200071540'),
('0800', 'G200071672'),
('0800', 'G200071702'),
('0800', 'G200071982'),
('0800', 'G200072113'),
('0800', 'G200072474'),
('0800', 'G200072776'),
('0800', 'G200073039'),
('0800', 'G200073063'),
('0800', 'G200073136'),
('0800', 'G200073233'),
('0800', 'G200073284'),
('0800', 'G200073292'),
('0800', 'G200073420'),
('0800', 'G200073640'),
('0800', 'G200073934'),
('0800', 'G200074027'),
('0800', 'G200074035'),
('0800', 'G200074205'),
('0800', 'G200074248'),
('0800', 'G200074280'),
('0800', 'G200074450'),
('0800', 'G200074620'),
('0800', 'G200074671'),
('0800', 'G200074817'),
('0800', 'G200074981'),
('0800', 'G200075007'),
('0800', 'G200075058'),
('0800', 'G200075147'),
('0800', 'G200075252'),
('0800', 'G200075325'),
('0800', 'G200075376'),
('0800', 'G200075767'),
('0800', 'G200076160'),
('0800', 'G200076291'),
('0800', 'G200076321'),
('0800', 'G200076500'),
('0800', 'G200076593'),
('0800', 'G200076607'),
('0800', 'G200076720'),
('0800', 'G200076739'),
('0800', 'G200076801'),
('0800', 'G200076917'),
('0800', 'G200076968'),
('0800', 'G200077107'),
('0800', 'G200077115'),
('0800', 'G200077620'),
('0800', 'G200077786'),
('0800', 'G200077808'),
('0800', 'G200077824'),
('0800', 'G200077999'),
('0800', 'G200078189'),
('0800', 'G200078448'),
('0800', 'G200078693'),
('0800', 'G200078723'),
('0800', 'G200078847'),
('0800', 'G200079070'),
('0800', 'G200079142'),
('0800', 'G200079550'),
('0800', 'G200079924'),
('0800', 'G200080396'),
('0800', 'G200080400'),
('0800', 'G200080493'),
('0800', 'G200080655'),
('0800', 'G200081074'),
('0800', 'G200081112'),
('0800', 'G200081341'),
('0800', 'G200081414'),
('0800', 'G200081686'),
('0800', 'G200081759'),
('0800', 'G200081783'),
('0800', 'G200081848'),
('0800', 'G200081864'),
('0800', 'G200082097'),
('0800', 'G200082100'),
('0800', 'G200082267'),
('0800', 'G200082283'),
('0800', 'G200082658'),
('0800', 'G200082828'),
('0800', 'G200082925'),
('0800', 'G200083301'),
('0800', 'G200083387'),
('0800', 'G200083433'),
('0800', 'G200083980'),
('0800', 'G200084235'),
('0800', 'G200084383'),
('0800', 'G200084707'),
('0800', 'G200084952'),
('0800', 'G200085177'),
('0800', 'G200085690'),
('0800', 'G200085762'),
('0800', 'G200085908'),
('0800', 'G200085924'),
('0800', 'G200086092'),
('0800', 'G200086424'),
('0800', 'G200086572'),
('0800', 'G200086904'),
('0800', 'G200087080'),
('0800', 'G200091606'),
('0800', 'G201000060'),
('0800', 'G201000175'),
('0800', 'I001163371'),
('0800', 'I001163794'),
('0800', 'I001169795'),
('0800', 'I001176088'),
('0800', 'I001184961'),
('0800', 'I001184963'),
('0800', 'I001184991'),
('0800', 'I001184998'),
('0800', 'I001185004'),
('0800', 'I001185005'),
('0800', 'I001185007'),
('0800', 'I001185010'),
('0800', 'I001185023'),
('0800', 'I001185062'),
('0800', 'I001185174'),
('0800', 'I001185175'),
('0800', 'I001187198'),
('0800', 'I001187250'),
('0800', 'I001187252'),
('0800', 'I001187296'),
('0800', 'I001187408'),
('0800', 'I001187417'),
('0800', 'I001187530'),
('0800', 'I001187576'),
('0800', 'I001187639'),
('0800', 'I001187694'),
('0800', 'I001187747'),
('0800', 'I001187958'),
('0800', 'I001188054'),
('0800', 'I001216460'),
('0800', 'I001216518'),
('0800', 'I001216537'),
('0800', 'I001216541'),
('0800', 'I001216542'),
('0800', 'I001216546'),
('0800', 'I001216552'),
('0800', 'I001216596'),
('0800', 'I001216608'),
('0800', 'I001216643'),
('0800', 'I001216681'),
('0800', 'I001216704'),
('0800', 'I001216705'),
('0800', 'I001216707'),
('0800', 'I001218420'),
('0800', 'I001218430'),
('0800', 'I001220116'),
('0800', 'I001220482'),
('0800', 'I001220603'),
('0800', 'I001220604'),
('0800', 'I001220605'),
('0800', 'I001264707'),
('0800', 'I001266520'),
('0800', 'I001271670'),
('0800', 'I001272887'),
('0800', 'I001316002'),
('0800', 'I001344125'),
('0800', 'J000006170'),
('0800', 'J000035045'),
('0800', 'J000153248'),
('0800', 'J000330275'),
('0800', 'J000636818'),
('0800', 'J000641781'),
('0800', 'J000678278'),
('0800', 'J001216447'),
('0800', 'J001271919'),
('0800', 'J001550135'),
('0800', 'J001892877'),
('0800', 'J002251565'),
('0800', 'J002379014'),
('0800', 'J002423161'),
('0800', 'J002459687'),
('0800', 'J002541409'),
('0800', 'J002743010'),
('0800', 'J002974496'),
('0800', 'J003019211'),
('0800', 'J003169447'),
('0800', 'J003228931'),
('0800', 'J003309850'),
('0800', 'J003329460'),
('0800', 'J003348783'),
('0800', 'J003687597'),
('0800', 'J004020912'),
('0800', 'J004170235'),
('0800', 'J006737710'),
('0800', 'J006739905'),
('0800', 'J007207797'),
('0800', 'J007300007'),
('0800', 'J008007430'),
('0800', 'J008466872'),
('0800', 'J008584809'),
('0800', 'J008944449'),
('0800', 'J020001322'),
('0800', 'J030604642'),
('0800', 'J057064877'),
('0800', 'J060012660'),
('0800', 'J060049881'),
('0800', 'J067399330'),
('0800', 'J070005319'),
('0800', 'J070061472'),
('0800', 'J070131632'),
('0800', 'J070171723'),
('0800', 'J075300610'),
('0800', 'J075335104'),
('0800', 'J075453476'),
('0800', 'J075473507'),
('0800', 'J075577370'),
('0800', 'J075755227'),
('0800', 'J075757688'),
('0800', 'J075911342'),
('0800', 'J080072316'),
('0800', 'J080134885'),
('0800', 'J080205332'),
('0800', 'J080254031'),
('0800', 'J085033394'),
('0800', 'J085089330'),
('0800', 'J085106987'),
('0800', 'J090028358'),
('0800', 'J090135758'),
('0800', 'J090140913'),
('0800', 'J090293892'),
('0800', 'J090335579'),
('0800', 'J090345779'),
('0800', 'J090367497'),
('0800', 'J095051242'),
('0800', 'J095099121'),
('0800', 'J095130967'),
('0800', 'J095178935'),
('0800', 'J200000098'),
('0800', 'J200008342'),
('0800', 'J200009497'),
('0800', 'J200015098'),
('0800', 'J200015446'),
('0800', 'J200016612'),
('0800', 'J200027410'),
('0800', 'J201000091'),
('0800', 'J232309341'),
('0800', 'J295322445'),
('0800', 'J298778920'),
('0800', 'J299441643'),
('0800', 'J300008827'),
('0800', 'J300023460'),
('0800', 'J300256073'),
('0800', 'J300267857'),
('0800', 'J300320960'),
('0800', 'J300696561'),
('0800', 'J300720268'),
('0800', 'J300798526'),
('0800', 'J300855473'),
('0800', 'J301017790'),
('0800', 'J301452429'),
('0800', 'J301519540'),
('0800', 'J301528620'),
('0800', 'J301601831'),
('0800', 'J301616634'),
('0800', 'J301687396'),
('0800', 'J301722167'),
('0800', 'J301762622'),
('0800', 'J301835980'),
('0800', 'J301837901'),
('0800', 'J301860616'),
('0800', 'J301953924'),
('0800', 'J301971736'),
('0800', 'J301979958'),
('0800', 'J301984455'),
('0800', 'J302032776'),
('0800', 'J302151155'),
('0800', 'J302207126'),
('0800', 'J302409764'),
('0800', 'J302448859'),
('0800', 'J302497892'),
('0800', 'J302595576'),
('0800', 'J302631629'),
('0800', 'J302748089'),
('0800', 'J302789524'),
('0800', 'J302851823'),
('0800', 'J303118160'),
('0800', 'J303175872'),
('0800', 'J303176445'),
('0800', 'J303213871'),
('0800', 'J303219209'),
('0800', 'J303230440'),
('0800', 'J303338887'),
('0800', 'J303395295'),
('0800', 'J303435386'),
('0800', 'J303443060'),
('0800', 'J303513468'),
('0800', 'J303626939'),
('0800', 'J303657389'),
('0800', 'J303672205'),
('0800', 'J303795811'),
('0800', 'J303819214'),
('0800', 'J304073119'),
('0800', 'J304092717'),
('0800', 'J304222173'),
('0800', 'J304230966'),
('0800', 'J304275870'),
('0800', 'J304410255'),
('0800', 'J304518072'),
('0800', 'J304545010'),
('0800', 'J304570333'),
('0800', 'J304629397'),
('0800', 'J304645368'),
('0800', 'J304747110'),
('0800', 'J304748620'),
('0800', 'J304947224'),
('0800', 'J304948174'),
('0800', 'J304972130'),
('0800', 'J305030120'),
('0800', 'J305055963'),
('0800', 'J305091080'),
('0800', 'J305163430'),
('0800', 'J305296715'),
('0800', 'J305444781'),
('0800', 'J305519099'),
('0800', 'J305526630'),
('0800', 'J305558043'),
('0800', 'J305619328'),
('0800', 'J305640980'),
('0800', 'J305737363'),
('0800', 'J305767262'),
('0800', 'J305785023'),
('0800', 'J305796858'),
('0800', 'J305825955'),
('0800', 'J305829993'),
('0800', 'J305863806'),
('0800', 'J305910855'),
('0800', 'J305935360'),
('0800', 'J305965137'),
('0800', 'J305990786'),
('0800', 'J305993033'),
('0800', 'J306006532'),
('0800', 'J306025731'),
('0800', 'J306043357'),
('0800', 'J306058001'),
('0800', 'J306075143'),
('0800', 'J306076344'),
('0800', 'J306077596'),
('0800', 'J306088083'),
('0800', 'J306118063'),
('0800', 'J306168508'),
('0800', 'J306192824'),
('0800', 'J306251790'),
('0800', 'J306256210'),
('0800', 'J306260790'),
('0800', 'J306283439'),
('0800', 'J306358480'),
('0800', 'J306497773'),
('0800', 'J306526943'),
('0800', 'J306552065'),
('0800', 'J306567372'),
('0800', 'J306577238'),
('0800', 'J306613544'),
('0800', 'J306668292'),
('0800', 'J306742352'),
('0800', 'J306784136'),
('0800', 'J306868690'),
('0800', 'J307091215'),
('0800', 'J307167661'),
('0800', 'J307226641'),
('0800', 'J307513764'),
('0800', 'J307515155'),
('0800', 'J307601159'),
('0800', 'J307606541'),
('0800', 'J307608358'),
('0800', 'J307618493'),
('0800', 'J307713844'),
('0800', 'J307789450'),
('0800', 'J307792752'),
('0800', 'J307803452'),
('0800', 'J307846003'),
('0800', 'J307857447'),
('0800', 'J307863137'),
('0800', 'J307896213'),
('0800', 'J307936967'),
('0800', 'J307959800'),
('0800', 'J308038784'),
('0800', 'J308105740'),
('0800', 'J308178632'),
('0800', 'J308276693'),
('0800', 'J308325279'),
('0800', 'J308355275'),
('0800', 'J308355860'),
('0800', 'J308391158'),
('0800', 'J308413810'),
('0800', 'J308428973'),
('0800', 'J308475939'),
('0800', 'J308627607'),
('0800', 'J308640034'),
('0800', 'J308674044'),
('0800', 'J308695297'),
('0800', 'J308728934'),
('0800', 'J308799726'),
('0800', 'J308804606'),
('0800', 'J308830780'),
('0800', 'J308908436'),
('0800', 'J308974714'),
('0800', 'J308996130'),
('0800', 'J309000225'),
('0800', 'J309004344'),
('0800', 'J309170554'),
('0800', 'J309219081'),
('0800', 'J309257480'),
('0800', 'J309361783'),
('0800', 'J309377752'),
('0800', 'J309390899'),
('0800', 'J309466615'),
('0800', 'J309537059'),
('0800', 'J309632175'),
('0800', 'J309700570'),
('0800', 'J309891855'),
('0800', 'J309911821'),
('0800', 'J310105413'),
('0800', 'J310195730'),
('0800', 'J310271348'),
('0800', 'J310603383'),
('0800', 'J310606013'),
('0800', 'J310640491'),
('0800', 'J310891257'),
('0800', 'J311167536'),
('0800', 'J311255001'),
('0800', 'J311417907'),
('0800', 'J311658262'),
('0800', 'J312266562'),
('0800', 'J312282045'),
('0800', 'J312795255'),
('0800', 'J313574724'),
('0800', 'J313606979'),
('0800', 'J313871583'),
('0800', 'J314487159'),
('0800', 'J314690280'),
('0800', 'J314968629'),
('0800', 'J315704838'),
('0800', 'J315882892'),
('0800', 'J316136418'),
('0800', 'J316547116'),
('0800', 'J316950107'),
('0800', 'J370565500'),
('0800', 'J604057401'),
('0800', 'J900009632'),
('0800', 'V000530934'),
('0800', 'V002308813'),
('0800', 'V002521974'),
('0800', 'V003962653'),
('0800', 'V004328242'),
('0800', 'V004344349'),
('0800', 'V004554689'),
('0800', 'V004869644'),
('0800', 'V007162175'),
('0800', 'V007400362'),
('0800', 'V007521724'),
('0800', 'V008158867'),
('0800', 'V008876830'),
('0800', 'V009123637'),
('0800', 'V009453356'),
('V10111422', 'G200001631'),
('V10111422', 'G200002034'),
('V10111422', 'G200002522'),
('V10111422', 'G200002913'),
('V10111422', 'G200003081'),
('V10111422', 'G200003634'),
('V10111422', 'G200004142'),
('V10111422', 'G200004223'),
('V10111422', 'G200005211'),
('V10111422', 'G200017538'),
('V10111422', 'G200033436'),
('V10111422', 'G200044985'),
('V10111422', 'G200046937'),
('V10111422', 'G200063149'),
('V10111422', 'G200074167'),
('V10111422', 'G200075422'),
('V10111422', 'G200078090'),
('V10111422', 'G200082003'),
('V10111422', 'G200088230'),
('V10111422', 'I001188065'),
('V10111422', 'J080345681'),
('V10111422', 'J300629783'),
('V10111422', 'J301304659'),
('V10111422', 'J303483194'),
('V10111422', 'J304659300'),
('V10111422', 'J306476369'),
('V10403444', 'G200004150'),
('V10403444', 'G200004460'),
('V10403444', 'G200004592'),
('V10403444', 'G200004630'),
('V10403444', 'G200006145'),
('V10403444', 'G200006315'),
('V10403444', 'G200006340'),
('V10403444', 'G200006374'),
('V10403444', 'G200006480'),
('V10403444', 'G200006781'),
('V10403444', 'G200007150'),
('V10403444', 'G200007273'),
('V10403444', 'G200008407'),
('V10403444', 'G200009829'),
('V10403444', 'G200013532'),
('V10403444', 'G200013540'),
('V10403444', 'G200017228'),
('V10403444', 'G200019468'),
('V10403444', 'G200020601'),
('V10403444', 'G200022094'),
('V10403444', 'G200022230'),
('V10403444', 'G200022655'),
('V10403444', 'G200028483'),
('V10403444', 'G200028530'),
('V10403444', 'G200029226'),
('V10403444', 'G200030216'),
('V10403444', 'G200032235'),
('V10403444', 'G200033509'),
('V10403444', 'G200034491'),
('V10403444', 'G200035498'),
('V10403444', 'G200037237'),
('V10403444', 'G200041889'),
('V10403444', 'G200042869'),
('V10403444', 'G200045507'),
('V10403444', 'G200054077'),
('V10403444', 'G200055677'),
('V10403444', 'G200056029'),
('V10403444', 'G200056070'),
('V10403444', 'G200056142'),
('V10403444', 'G200056207'),
('V10403444', 'G200056312'),
('V10403444', 'G200056436'),
('V10403444', 'G200056606'),
('V10403444', 'G200056975'),
('V10403444', 'G200060131'),
('V10403444', 'G200060557'),
('V10403444', 'G200060670'),
('V10403444', 'G200060700'),
('V10403444', 'G200061910'),
('V10403444', 'G200062274'),
('V10403444', 'G200062525'),
('V10403444', 'G200063319'),
('V10403444', 'G200064021'),
('V10403444', 'G200064692'),
('V10403444', 'G200065117'),
('V10403444', 'G200065982'),
('V10403444', 'G200068310'),
('V10403444', 'G200068868'),
('V10403444', 'G200069260'),
('V10403444', 'G200070781'),
('V10403444', 'G200070790'),
('V10403444', 'G200071478'),
('V10403444', 'G200072431'),
('V10403444', 'G200079053'),
('V10403444', 'G200079797'),
('V10403444', 'G200080450'),
('V10403444', 'G200081031'),
('V10403444', 'G200083280'),
('V10403444', 'G200085703'),
('V10403444', 'G200086025'),
('V10403444', 'G200087188'),
('V10403444', 'G200088397'),
('V10403444', 'G200090561'),
('V10403444', 'G200091169'),
('V10403444', 'G200092637'),
('V10403444', 'G200093315'),
('V10403444', 'G200093650'),
('V10403444', 'J085336109'),
('V10403444', 'J085358161'),
('V10403444', 'J300681610'),
('V10403444', 'J301249410'),
('V10403444', 'J305276994'),
('V10403444', 'J306698981'),
('V10403444', 'J307614641'),
('V10403444', 'J308845825'),
('V10570740', 'G200000449'),
('V10570740', 'G200000643'),
('V10570740', 'G200000732'),
('V10570740', 'G200003880'),
('V10570740', 'G200012455'),
('V10570740', 'G200015144'),
('V10570740', 'G200019433'),
('V10570740', 'G200021802'),
('V10570740', 'G200024402'),
('V10570740', 'G200024593'),
('V10570740', 'G200030291'),
('V10570740', 'G200035838'),
('V10570740', 'G200041005'),
('V10570740', 'G200046376'),
('V10570740', 'G200054620'),
('V10570740', 'G200056657'),
('V10570740', 'G200078570'),
('V10570740', 'G200080000'),
('V10570740', 'G200080264'),
('V10570740', 'G200084006'),
('V10570740', 'I001163554'),
('V10570740', 'I001163608'),
('V10570740', 'I001163785'),
('V10570740', 'I001163788'),
('V10570740', 'I001168660'),
('V10570740', 'I001169839'),
('V10570740', 'I001185229'),
('V10570740', 'I001187760'),
('V10570740', 'J001615199'),
('V10570740', 'J311118438'),
('V10612161', 'G200000252'),
('V10612161', 'G200000325'),
('V10612161', 'G200017899'),
('V10612161', 'G200021349'),
('V10612161', 'G200021810'),
('V10612161', 'G200037130'),
('V10612161', 'G200044225'),
('V10612161', 'G200044497'),
('V10612161', 'G200044683'),
('V10612161', 'G200044705'),
('V10612161', 'G200047550'),
('V10612161', 'G200056339'),
('V10612161', 'I001184925'),
('V10612161', 'J313049972'),
('V10788565', 'G200004924'),
('V10788565', 'G200014113'),
('V10788565', 'G200028564'),
('V10788565', 'G200030100'),
('V10788565', 'G200045841'),
('V10788565', 'G200059060'),
('V10788565', 'G200083344'),
('V10788565', 'G200084294'),
('V10788565', 'J297647333'),
('V10788565', 'J314227220'),
('V10788565', 'J314799533'),
('V10803148', 'G200000856'),
('V10803148', 'G200003430'),
('V10803148', 'G200051710'),
('V10803148', 'G200078588'),
('V10803148', 'G200099976'),
('V10803148', 'I001187352'),
('V10803148', 'I001187374'),
('V10803148', 'I001187388'),
('V10803148', 'J000029555'),
('V10803148', 'J000597715'),
('V10803148', 'J070001747'),
('V10803148', 'J300040437'),
('V10803148', 'J301078985'),
('V10803148', 'J304742029'),
('V10883104', 'J000767270'),
('V10883104', 'J000925046'),
('V10883104', 'J001230726'),
('V10883104', 'J295352409'),
('V10883104', 'J306250530'),
('V10883104', 'J306269207'),
('V10883104', 'J316485200'),
('V10966987', 'G200000694'),
('V10966987', 'G200001143'),
('V10966987', 'G200001615'),
('V10966987', 'G200003006'),
('V10966987', 'G200003057'),
('V10966987', 'G200003189'),
('V10966987', 'G200004177'),
('V10966987', 'G200004339'),
('V10966987', 'G200004401'),
('V10966987', 'G200004410'),
('V10966987', 'G200004576'),
('V10966987', 'G200004681'),
('V10966987', 'G200005068'),
('V10966987', 'G200005254'),
('V10966987', 'G200005297'),
('V10966987', 'G200005912'),
('V10966987', 'G200006153'),
('V10966987', 'G200006471'),
('V10966987', 'G200007168'),
('V10966987', 'G200007419'),
('V10966987', 'G200007605'),
('V10966987', 'G200007664'),
('V10966987', 'G200009349'),
('V10966987', 'G200009594'),
('V10966987', 'G200011181'),
('V10966987', 'G200011831'),
('V10966987', 'G200013320'),
('V10966987', 'G200013982'),
('V10966987', 'G200014350'),
('V10966987', 'G200014636'),
('V10966987', 'G200019107'),
('V10966987', 'G200021926'),
('V10966987', 'G200024674'),
('V10966987', 'G200028696'),
('V10966987', 'G200029080'),
('V10966987', 'G200033460'),
('V10966987', 'G200035080'),
('V10966987', 'G200041056'),
('V10966987', 'G200045353'),
('V10966987', 'G200046678'),
('V10966987', 'G200047283'),
('V10966987', 'G200047488'),
('V10966987', 'G200049774'),
('V10966987', 'G200049847'),
('V10966987', 'G200053909'),
('V10966987', 'G200054050'),
('V10966987', 'G200054590'),
('V10966987', 'G200054824'),
('V10966987', 'G200055014'),
('V10966987', 'G200055855'),
('V10966987', 'G200059028'),
('V10966987', 'G200060158'),
('V10966987', 'G200060409'),
('V10966987', 'G200062207'),
('V10966987', 'G200063238'),
('V10966987', 'G200063513'),
('V10966987', 'G200064056'),
('V10966987', 'G200066806'),
('V10966987', 'G200067853'),
('V10966987', 'G200068175'),
('V10966987', 'G200074612'),
('V10966987', 'G200076550'),
('V10966987', 'G200076640'),
('V10966987', 'G200076933'),
('V10966987', 'G200077980'),
('V10966987', 'G200082062'),
('V10966987', 'G200082615'),
('V10966987', 'G200082771'),
('V10966987', 'G200082950'),
('V10966987', 'G200085339'),
('V10966987', 'G200087498'),
('V10966987', 'G200088184'),
('V10966987', 'G200088249'),
('V10966987', 'G200089431'),
('V10966987', 'G200090766'),
('V10966987', 'G200092017'),
('V10966987', 'G200092920'),
('V10966987', 'G200094818'),
('V10966987', 'I001176094'),
('V10966987', 'I001220405'),
('V10966987', 'J002457945'),
('V10966987', 'J003378372'),
('V10966987', 'J070234300'),
('V10966987', 'J070500956'),
('V10966987', 'J070511940'),
('V10966987', 'J085234560'),
('V10966987', 'J090336699'),
('V10966987', 'J293490537'),
('V10966987', 'J300435709'),
('V10966987', 'J302070589'),
('V10966987', 'J305198608'),
('V10966987', 'J312856246'),
('V10966987', 'J316441482'),
('V10966987', 'J316666093'),
('V10966987', 'J317082761'),
('V11199323', 'G200000120'),
('V11199323', 'G200000457'),
('V11199323', 'G200003294'),
('V11199323', 'G200006838'),
('V11199323', 'G200018232'),
('V11199323', 'G200032758'),
('V11199323', 'G200037806'),
('V11199323', 'G200039256'),
('V11199323', 'G200040769'),
('V11199323', 'G200042478'),
('V11199323', 'G200044462'),
('V11199323', 'G200044489'),
('V11199323', 'G200054662'),
('V11199323', 'G200070625'),
('V11199323', 'G200075066'),
('V11199323', 'G200075996'),
('V11199323', 'G200080566'),
('V11199323', 'G200081813'),
('V11199323', 'G200087714'),
('V11199323', 'G200088303'),
('V11199323', 'J308902098'),
('V11510103', 'G200070714'),
('V11510103', 'I001187484'),
('V11510103', 'J000043663'),
('V11510103', 'J000212430'),
('V11510103', 'J000483264'),
('V11510103', 'J000568588'),
('V11510103', 'J000665052'),
('V11510103', 'J001159924'),
('V11510103', 'J075055926'),
('V11510103', 'J300736857'),
('V11510103', 'J301123662'),
('V11510103', 'J301159691'),
('V11510103', 'J301171519'),
('V11510103', 'J301328221'),
('V11510103', 'J304993650'),
('V11510103', 'J305401888'),
('V11510103', 'J305649057'),
('V11510103', 'J305773912'),
('V11767877', 'J070006862'),
('V11767877', 'J070058072'),
('V11767877', 'J070407190'),
('V11767877', 'J070492910'),
('V11767877', 'J301565312'),
('V11767877', 'J316665992'),
('V11924878', 'G200071613'),
('V11924878', 'G200080477'),
('V11924878', 'G200087013'),
('V11924878', 'G200090430'),
('V11924878', 'J000213763'),
('V11960389', 'G200000406'),
('V11960389', 'G200016531'),
('V11960389', 'G200020504'),
('V11960389', 'G200020865'),
('V11960389', 'G200040653'),
('V11960389', 'G200074400'),
('V11960389', 'G200078472'),
('V11960389', 'I001187079'),
('V11960389', 'I001187205'),
('V11960389', 'I001187226'),
('V11960389', 'I001187260'),
('V11960389', 'I001187351'),
('V11960389', 'I001187874'),
('V11960389', 'J090143700'),
('V11960389', 'J090329161'),
('V11960389', 'J090343059'),
('V11960389', 'J090381376'),
('V11960389', 'J309509179'),
('V11994183', 'G200002476'),
('V11994183', 'G200033207'),
('V11994183', 'G200044950'),
('V11994183', 'G200054875'),
('V11994183', 'G200077743'),
('V11994183', 'G200078618'),
('V11994183', 'G200088494'),
('V11994183', 'J000200548'),
('V11994183', 'J000881189'),
('V11994183', 'J070028564'),
('V11994183', 'J075035046'),
('V11994183', 'J080021410'),
('V11994183', 'J303994911'),
('V11994183', 'J308093360'),
('V12047665', 'G200000597'),
('V12047665', 'G200001100'),
('V12047665', 'G200018305'),
('V12047665', 'G200043300'),
('V12047665', 'G200045035'),
('V12047665', 'J002151889'),
('V12047665', 'J002427833'),
('V12067637', 'G200000015'),
('V12067637', 'G200003707'),
('V12067637', 'G200007338'),
('V12067637', 'G200008245'),
('V12067637', 'G200009420'),
('V12067637', 'G200010320'),
('V12067637', 'G200011289'),
('V12067637', 'G200013761'),
('V12067637', 'G200021578'),
('V12067637', 'G200024143'),
('V12067637', 'G200032839'),
('V12067637', 'G200037121'),
('V12067637', 'G200041820'),
('V12067637', 'G200042567'),
('V12067637', 'G200073080'),
('V12067637', 'G200099240'),
('V12067637', 'I001187458'),
('V12067637', 'J302072662'),
('V12067637', 'J304473249'),
('V12067637', 'J306660305'),
('V12067637', 'J307841214'),
('V12094584', 'G200004088'),
('V12094584', 'G200044330'),
('V12094584', 'G200100249'),
('V12094584', 'J000114188'),
('V12094584', 'J000416273'),
('V12094584', 'J000950369'),
('V12094584', 'J001108483'),
('V12094584', 'J001824952'),
('V12094584', 'J002220325'),
('V12094584', 'J295355939'),
('V12094584', 'J300457079'),
('V12094584', 'J301655958'),
('V12094584', 'J301769368'),
('V12094584', 'J304034407'),
('V12111752', 'G200000287'),
('V12111752', 'G200000309'),
('V12111752', 'G200001763'),
('V12111752', 'G200015390'),
('V12111752', 'G200016159'),
('V12111752', 'G200021560'),
('V12111752', 'G200021691'),
('V12111752', 'G200035951'),
('V12111752', 'G200043679'),
('V12111752', 'G200050110'),
('V12111752', 'G200053453'),
('V12111752', 'G200055464'),
('V12111752', 'G200074256'),
('V12111752', 'G200080094'),
('V12111752', 'G200081619'),
('V12111752', 'G200083778'),
('V12111752', 'I001184936'),
('V12111752', 'I001184937'),
('V12111752', 'I001184979'),
('V12111752', 'I001185015'),
('V12111752', 'I001185016'),
('V12111752', 'I001185167'),
('V12111752', 'I001216524'),
('V12111752', 'I001293473'),
('V12111752', 'J001184938'),
('V12260913', 'G200047526'),
('V12260913', 'G200057955'),
('V12260913', 'G200091487'),
('V12260913', 'J080074769'),
('V12260913', 'J296963274'),
('V12260913', 'J314264680'),
('V12378846', 'G314799501'),
('V12378846', 'I001187798'),
('V12378846', 'I001188044'),
('V12378846', 'J000008914'),
('V12378846', 'J000413916'),
('V12378846', 'J001114912'),
('V12378846', 'J006985970'),
('V12378846', 'J012763998'),
('V12378846', 'J095128555'),
('V12378846', 'J294969976'),
('V12378846', 'J301079639'),
('V12378846', 'J301748115'),
('V12378846', 'J304370032'),
('V12378846', 'J304582439'),
('V12378846', 'J304662882'),
('V12378846', 'J309194518'),
('V12378846', 'J314798774'),
('V12378846', 'J316485030'),
('V12378846', 'J316607550'),
('V12378846', 'J316959830'),
('V12722023', 'G200000198'),
('V12722023', 'G200000333'),
('V12722023', 'G200000775'),
('V12722023', 'G200001640'),
('V12722023', 'G200001887'),
('V12722023', 'G200002077'),
('V12722023', 'G200002328'),
('V12722023', 'G200002646'),
('V12722023', 'G200003111'),
('V12722023', 'G200003243'),
('V12722023', 'G200004673'),
('V12722023', 'G200004754'),
('V12722023', 'G200004789'),
('V12722023', 'G200005734'),
('V12722023', 'G200005920'),
('V12722023', 'G200005947'),
('V12722023', 'G200006048'),
('V12722023', 'G200006730'),
('V12722023', 'G200009179'),
('V12722023', 'G200011599'),
('V12722023', 'G200013419'),
('V12722023', 'G200013672'),
('V12722023', 'G200016825'),
('V12722023', 'G200021071'),
('V12722023', 'G200021896'),
('V12722023', 'G200023058'),
('V12722023', 'G200026049'),
('V12722023', 'G200031468'),
('V12722023', 'G200032677'),
('V12722023', 'G200033142'),
('V12722023', 'G200033215'),
('V12722023', 'G200037083'),
('V12722023', 'G200037245'),
('V12722023', 'G200038632'),
('V12722023', 'G200042494'),
('V12722023', 'G200044543'),
('V12722023', 'G200045183'),
('V12722023', 'G200047992'),
('V12722023', 'G200048310'),
('V12722023', 'G200050918'),
('V12722023', 'G200052090'),
('V12722023', 'G200053844'),
('V12722023', 'G200055359'),
('V12722023', 'G200056215'),
('V12722023', 'G200056959'),
('V12722023', 'G200057149'),
('V12722023', 'G200057157'),
('V12722023', 'G200057866'),
('V12722023', 'G200058110'),
('V12722023', 'G200058129'),
('V12722023', 'G200058498'),
('V12722023', 'G200058528'),
('V12722023', 'G200058765'),
('V12722023', 'G200060077'),
('V12722023', 'G200060301'),
('V12722023', 'G200060484'),
('V12722023', 'G200060743'),
('V12722023', 'G200060760'),
('V12722023', 'G200061057'),
('V12722023', 'G200062878'),
('V12722023', 'G200064803'),
('V12722023', 'G200065303'),
('V12722023', 'G200065761'),
('V12722023', 'G200066164'),
('V12722023', 'G200067233'),
('V12722023', 'G200068701'),
('V12722023', 'G200069171'),
('V12722023', 'G200069287'),
('V12722023', 'G200069350'),
('V12722023', 'G200069821'),
('V12722023', 'G200070455'),
('V12722023', 'G200070706'),
('V12722023', 'G200070943'),
('V12722023', 'G200077450'),
('V12722023', 'G200079665'),
('V12722023', 'G200080191'),
('V12722023', 'G200081708'),
('V12722023', 'G200081970'),
('V12722023', 'G200082054'),
('V12722023', 'G200082089'),
('V12722023', 'G200082119'),
('V12722023', 'G200082240'),
('V12722023', 'G200082496'),
('V12722023', 'G200083743'),
('V12722023', 'G200086610'),
('V12722023', 'G200086939'),
('V12722023', 'G200087048'),
('V12722023', 'G200090170'),
('V12722023', 'G200091142'),
('V12722023', 'G200091983'),
('V12722023', 'G200093340'),
('V12722023', 'G200094176'),
('V12722023', 'G200095687'),
('V12722023', 'G200096322'),
('V12722023', 'G200096667'),
('V12722023', 'G200096683'),
('V12722023', 'G200100206'),
('V12722023', 'G200100630'),
('V12722023', 'I001187288'),
('V12722023', 'J002559730'),
('V12722023', 'J085025812'),
('V12722023', 'J302325960'),
('V12722023', 'J305639221'),
('V12722023', 'J313699438'),
('V12967862', 'G200001496'),
('V12967862', 'G200001550'),
('V12967862', 'G200002000'),
('V12967862', 'G200002190'),
('V12967862', 'G200002425'),
('V12967862', 'G200005742'),
('V12967862', 'G200006579'),
('V12967862', 'G200014512'),
('V12967862', 'G200019794'),
('V12967862', 'G200022590'),
('V12967862', 'G200029242'),
('V12967862', 'G200029897'),
('V12967862', 'G200031522'),
('V12967862', 'G200032251'),
('V12967862', 'G200039078'),
('V12967862', 'G200045965'),
('V12967862', 'G200048760'),
('V12967862', 'G200050926'),
('V12967862', 'G200062215'),
('V12967862', 'G200078170'),
('V12967862', 'J003709247'),
('V12967862', 'J060044693'),
('V12967862', 'J075820169'),
('V12967862', 'J300316505'),
('V12967862', 'J301567358'),
('V12967862', 'J301851498'),
('V12967862', 'J303494323'),
('V12967862', 'J307364688'),
('V12967862', 'J307439823'),
('V12967862', 'J307590580'),
('V13035786', 'G200000414'),
('V13035786', 'G200000953'),
('V13035786', 'G200001526'),
('V13035786', 'G200004274'),
('V13035786', 'G200005246'),
('V13035786', 'G200005718'),
('V13035786', 'G200022841'),
('V13035786', 'G200051574'),
('V13035786', 'G200054239'),
('V13035786', 'G200057874'),
('V13035786', 'I001187238'),
('V13035786', 'I001187239'),
('V13035786', 'I001187240'),
('V13035786', 'I001187241'),
('V13035786', 'J000006431'),
('V13035786', 'J000237468'),
('V13035786', 'J000987459'),
('V13035786', 'J075528239'),
('V13035786', 'J304254504'),
('V13035786', 'J313181650'),
('V13257340', 'G200002220'),
('V13257340', 'G200002743'),
('V13257340', 'G200005688'),
('V13257340', 'G200007559'),
('V13257340', 'G200013400'),
('V13257340', 'G200027908'),
('V13257340', 'G200033908'),
('V13257340', 'G200040637'),
('V13257340', 'G200065133'),
('V13257340', 'G200077441'),
('V13257340', 'G200078979'),
('V13257340', 'G200082135'),
('V13257340', 'I001187660'),
('V13257340', 'J302988055'),
('V13257340', 'J304854730'),
('V13257340', 'J308759708'),
('V13257340', 'J309273752'),
('V13257340', 'J309431099'),
('V13571006', 'G000742799'),
('V13571006', 'G200002069'),
('V13571006', 'G200004282'),
('V13571006', 'G200006013'),
('V13571006', 'G200010843'),
('V13571006', 'G200012366'),
('V13571006', 'G200013028'),
('V13571006', 'G200013230'),
('V13571006', 'G200020563'),
('V13571006', 'G200026456'),
('V13571006', 'G200026561'),
('V13571006', 'G200032669'),
('V13571006', 'G200033428'),
('V13571006', 'G200038055'),
('V13571006', 'G200039990'),
('V13571006', 'G200045094'),
('V13571006', 'G200046520'),
('V13571006', 'G200048654'),
('V13571006', 'G200049901'),
('V13571006', 'G200049910'),
('V13571006', 'G200062134'),
('V13571006', 'G200080914'),
('V13571006', 'G200088133'),
('V13571006', 'G200092408'),
('V13571006', 'G200093030'),
('V13571006', 'I001187159'),
('V13571006', 'I001187454'),
('V13571006', 'I001187547'),
('V13571006', 'J000929971'),
('V13571006', 'J301582462'),
('V13571006', 'J302130786'),
('V13571006', 'J304854579'),
('V13571006', 'J306211292'),
('V13959691', 'G200000430'),
('V13959691', 'G200002050'),
('V13959691', 'G200002379'),
('V13959691', 'G200007460'),
('V13959691', 'G200008261'),
('V13959691', 'G200010800'),
('V13959691', 'G200011904'),
('V13959691', 'G200015551'),
('V13959691', 'G200016639'),
('V13959691', 'G200023376'),
('V13959691', 'G200030909'),
('V13959691', 'G200037369'),
('V13959691', 'G200043539'),
('V13959691', 'G200045000'),
('V13959691', 'G200045590'),
('V13959691', 'G200046945'),
('V13959691', 'G200054646'),
('V13959691', 'G200055782'),
('V13959691', 'G200064951'),
('V13959691', 'G200075287'),
('V13959691', 'G200076879'),
('V13959691', 'G200080035'),
('V13959691', 'G200082933'),
('V13959691', 'G200084626'),
('V13959691', 'G200090596'),
('V13959691', 'G200090669'),
('V13959691', 'G200090685'),
('V13959691', 'G200094010'),
('V13959691', 'I001184909'),
('V13959691', 'I001184966'),
('V13959691', 'I001184978'),
('V13959691', 'I001185000'),
('V13959691', 'I001185169'),
('V13959691', 'I001187309'),
('V13959691', 'J001574026'),
('V13959691', 'J310601526'),
('V13959691', 'J311517600'),
('V13959691', 'J313996890'),
('V14006684', 'J000342750'),
('V14006684', 'J000413630'),
('V14006684', 'J000924929'),
('V14006684', 'J295369956'),
('V14006684', 'J303176739'),
('V14006684', 'J304993668'),
('V14006684', 'J305935297'),
('V14006684', 'J316441318'),
('V14006684', 'J316485021'),
('V14006684', 'J316485137'),
('V14006684', 'J316541010'),
('V14006684', 'J316842258'),
('V14018915', 'G200000244'),
('V14018915', 'G200001704'),
('V14018915', 'G200024518'),
('V14018915', 'G200043350'),
('V14018915', 'G200071842'),
('V14018915', 'G200077859'),
('V14018915', 'G200094729'),
('V14018915', 'I001187510'),
('V14018915', 'J000136556'),
('V14018915', 'J000388393'),
('V14018915', 'J001721860'),
('V14018915', 'J301328159'),
('V14018915', 'J304404697'),
('V14018915', 'J306146415'),
('V14018915', 'J308093360'),
('V14095695', 'G200000040'),
('V14095695', 'G200000589'),
('V14095695', 'G200004452'),
('V14095695', 'G200004525'),
('V14095695', 'G200004649'),
('V14095695', 'G200011971'),
('V14095695', 'G200032308'),
('V14095695', 'G200036923'),
('V14095695', 'G200042389'),
('V14095695', 'G200047135'),
('V14095695', 'G200080647'),
('V14095695', 'G200088893'),
('V14095695', 'I001187029'),
('V14095695', 'I001187032'),
('V14095695', 'I001187037'),
('V14095695', 'I001187488'),
('V14095695', 'I001187494'),
('V14095695', 'I001187974'),
('V14095695', 'J000757569'),
('V14095695', 'J001493999'),
('V14095695', 'J002427825'),
('V14095695', 'J002427906'),
('V14351870', 'G200000155'),
('V14351870', 'G200000767'),
('V14351870', 'G200000805'),
('V14351870', 'G200024089'),
('V14351870', 'G200032804'),
('V14351870', 'G200032898'),
('V14351870', 'G200042060'),
('V14351870', 'G200046406'),
('V14351870', 'G200068299'),
('V14351870', 'G200073209'),
('V14351870', 'G200077930'),
('V14351870', 'G200079959'),
('V14351870', 'G200080248'),
('V14351870', 'J001001085'),
('V14351870', 'J001635700'),
('V14351870', 'J001839380'),
('V14351870', 'J003167029'),
('V14351870', 'J003391913'),
('V14351870', 'J309090020'),
('V14351870', 'J316386120'),
('V14363884', 'G200000562'),
('V14363884', 'G200017970');
INSERT INTO `cartera_instituciones` (`idcedula`, `rif_institucion`) VALUES
('V14363884', 'G200034378'),
('V14363884', 'G200036036'),
('V14363884', 'G200055952'),
('V14363884', 'G200066776'),
('V14363884', 'G200068167'),
('V14363884', 'G200077093'),
('V14363884', 'G200077492'),
('V14363884', 'G200081643'),
('V14363884', 'G200083220'),
('V14363884', 'G200091312'),
('V14363884', 'J001039090'),
('V14363884', 'J001542345'),
('V14363884', 'J302282152'),
('V14363884', 'J305683425'),
('V14482859', 'G200001585'),
('V14482859', 'G200001674'),
('V14482859', 'G200001895'),
('V14482859', 'G200001909'),
('V14482859', 'G200001968'),
('V14482859', 'G200003065'),
('V14482859', 'G200004002'),
('V14482859', 'G200004703'),
('V14482859', 'G200004733'),
('V14482859', 'G200005114'),
('V14482859', 'G200006609'),
('V14482859', 'G200006617'),
('V14482859', 'G200006722'),
('V14482859', 'G200006749'),
('V14482859', 'G200007109'),
('V14482859', 'G200007591'),
('V14482859', 'G200007613'),
('V14482859', 'G200009020'),
('V14482859', 'G200009993'),
('V14482859', 'G200015810'),
('V14482859', 'G200017104'),
('V14482859', 'G200021675'),
('V14482859', 'G200022000'),
('V14482859', 'G200024909'),
('V14482859', 'G200027304'),
('V14482859', 'G200033770'),
('V14482859', 'G200034491'),
('V14482859', 'G200034823'),
('V14482859', 'G200035617'),
('V14482859', 'G200040726'),
('V14482859', 'G200043768'),
('V14482859', 'G200045108'),
('V14482859', 'G200045205'),
('V14482859', 'G200048247'),
('V14482859', 'G200048417'),
('V14482859', 'G200048476'),
('V14482859', 'G200048980'),
('V14482859', 'G200052490'),
('V14482859', 'G200053704'),
('V14482859', 'G200056754'),
('V14482859', 'G200058200'),
('V14482859', 'G200063483'),
('V14482859', 'G200065630'),
('V14482859', 'G200067250'),
('V14482859', 'G200067900'),
('V14482859', 'G200068337'),
('V14482859', 'G200068345'),
('V14482859', 'G200068868'),
('V14482859', 'G200068990'),
('V14482859', 'G200070986'),
('V14482859', 'G200071214'),
('V14482859', 'G200074752'),
('V14482859', 'G200075058'),
('V14482859', 'G200077670'),
('V14482859', 'G200079100'),
('V14482859', 'G200081414'),
('V14482859', 'G200081970'),
('V14482859', 'G200082119'),
('V14482859', 'G200084243'),
('V14482859', 'G200085703'),
('V14482859', 'G200086939'),
('V14482859', 'G200089334'),
('V14482859', 'G200089342'),
('V14482859', 'G200090200'),
('V14482859', 'G200090219'),
('V14482859', 'G200090227'),
('V14482859', 'G200091029'),
('V14482859', 'G200091177'),
('V14482859', 'G200092670'),
('V14482859', 'G200095393'),
('V14482859', 'G200097515'),
('V14482859', 'G200098260'),
('V14482859', 'G200098880'),
('V14482859', 'G200101822'),
('V14482859', 'J075854748'),
('V14482859', 'J307994290'),
('V14482859', 'J308820814'),
('V14482859', 'J313191086'),
('V14545441', 'G200003146'),
('V14545441', 'G200005386'),
('V14545441', 'G200005980'),
('V14545441', 'G200006056'),
('V14545441', 'G200006129'),
('V14545441', 'G200007796'),
('V14545441', 'G200008679'),
('V14545441', 'G200011122'),
('V14545441', 'G200012242'),
('V14545441', 'G200012510'),
('V14545441', 'G200014369'),
('V14545441', 'G200017589'),
('V14545441', 'G200018810'),
('V14545441', 'G200021101'),
('V14545441', 'G200021969'),
('V14545441', 'G200031409'),
('V14545441', 'G200048492'),
('V14545441', 'G200051841'),
('V14545441', 'G200053160'),
('V14545441', 'G200060978'),
('V14545441', 'G200061979'),
('V14545441', 'G200062568'),
('V14545441', 'G200075210'),
('V14545441', 'G200085649'),
('V14545441', 'G200086289'),
('V14545441', 'G200088419'),
('V14545441', 'I001187271'),
('V14545441', 'I001187403'),
('V14545441', 'I001187755'),
('V14545441', 'J070189240'),
('V14545441', 'J070318414'),
('V14545441', 'J070452080'),
('V14545441', 'J300204103'),
('V14545441', 'J301095073'),
('V14545441', 'J302032091'),
('V14545441', 'J303580033'),
('V14545441', 'J305048029'),
('V14545441', 'J307537990'),
('V14545441', 'J307999845'),
('V14810572', 'G200001321'),
('V14810572', 'G200001500'),
('V14810572', 'G200001607'),
('V14810572', 'G200002085'),
('V14810572', 'G200002859'),
('V14810572', 'G200004320'),
('V14810572', 'G200004797'),
('V14810572', 'G200006528'),
('V14810572', 'G200010932'),
('V14810572', 'G200016566'),
('V14810572', 'G200019042'),
('V14810572', 'G200035196'),
('V14810572', 'G200036435'),
('V14810572', 'G200048867'),
('V14810572', 'G200053151'),
('V14810572', 'G200058072'),
('V14810572', 'G200073497'),
('V14810572', 'I001187376'),
('V14810572', 'I001187415'),
('V14810572', 'J070052988'),
('V14810572', 'J301713737'),
('V14810572', 'J305484112'),
('V14810572', 'J306114823'),
('V14889589', 'G200000210'),
('V14889589', 'G200001224'),
('V14889589', 'G200002093'),
('V14889589', 'G200002255'),
('V14889589', 'G200002891'),
('V14889589', 'G200003740'),
('V14889589', 'G200003901'),
('V14889589', 'G200005190'),
('V14889589', 'G200010916'),
('V14889589', 'G200011114'),
('V14889589', 'G200011360'),
('V14889589', 'G200012056'),
('V14889589', 'G200012102'),
('V14889589', 'G200012722'),
('V14889589', 'G200016086'),
('V14889589', 'G200017171'),
('V14889589', 'G200017368'),
('V14889589', 'G200017708'),
('V14889589', 'G200023724'),
('V14889589', 'G200023996'),
('V14889589', 'G200028106'),
('V14889589', 'G200045078'),
('V14889589', 'G200058226'),
('V14889589', 'G200071834'),
('V14889589', 'G200080019'),
('V14889589', 'J080220463'),
('V14889589', 'J080317963'),
('V14990086', 'G200000279'),
('V14990086', 'G200017210'),
('V14990086', 'G200024372'),
('V14990086', 'G200042222'),
('V14990086', 'G200043458'),
('V14990086', 'G200044080'),
('V14990086', 'G200045795'),
('V14990086', 'G200080060'),
('V14990086', 'G200080370'),
('V14990086', 'I001184965'),
('V14990086', 'J000621730'),
('V14990086', 'J000661472'),
('V14990086', 'J000923744'),
('V14990086', 'J002624884'),
('V14990086', 'J090027521'),
('V14990086', 'J300236226'),
('V14990086', 'J300849341'),
('V14990086', 'J304116128'),
('V14990086', 'J304879970'),
('V14998012', 'G200000104'),
('V14998012', 'G200000988'),
('V14998012', 'G200001011'),
('V14998012', 'G200003456'),
('V14998012', 'G200006196'),
('V14998012', 'G200018496'),
('V14998012', 'G200036036'),
('V14998012', 'G200042028'),
('V14998012', 'G200057866'),
('V14998012', 'G200059168'),
('V14998012', 'G200062215'),
('V14998012', 'G200068167'),
('V14998012', 'I001184892'),
('V14998012', 'I001187444'),
('V14998012', 'I001187462'),
('V14998012', 'I001187463'),
('V14998012', 'I001187464'),
('V14998012', 'I001187479'),
('V14998012', 'I001187703'),
('V14998012', 'I001187789'),
('V14998012', 'J313699438'),
('V15521359', 'G200047062'),
('V15521359', 'G200048360'),
('V15521359', 'J000212449'),
('V15521359', 'J000808716'),
('V15521359', 'J001005420'),
('V15521359', 'J001138544'),
('V15521359', 'J001511202'),
('V15521359', 'J002663820'),
('V15521359', 'J003024201'),
('V15521359', 'J095095061'),
('V15521359', 'J095102661'),
('V15521359', 'J095117790'),
('V15521359', 'J305751757'),
('V15732544', 'I001187190'),
('V15732544', 'I001187339'),
('V15732544', 'I001187363'),
('V15732544', 'I001187716'),
('V15732544', 'I001187930'),
('V15732544', 'J002398272'),
('V15732544', 'J080318501'),
('V15732544', 'J293490499'),
('V15732544', 'J293523583'),
('V15732544', 'J295318715'),
('V15732544', 'J295346816'),
('V15732544', 'J295352450'),
('V15732544', 'J295504195'),
('V15732544', 'J295562233'),
('V15732544', 'J296735417'),
('V15732544', 'J302721121'),
('V15732544', 'J303406297'),
('V15732544', 'J303645747'),
('V15732544', 'J304552076'),
('V15732544', 'J304642296'),
('V15732544', 'J304847297'),
('V15732544', 'J304847351'),
('V15732544', 'J305292450'),
('V15732544', 'J306671595'),
('V15732544', 'J307432993'),
('V15732544', 'J308481947'),
('V15732544', 'J308725633'),
('V15732544', 'J314720210'),
('V15732544', 'J315937980'),
('V15732544', 'J316519775'),
('V15732544', 'J316519856'),
('V15732544', 'J316720829'),
('V15732544', 'J316959953'),
('V16051491', 'G200000066'),
('V16051491', 'G200001623'),
('V16051491', 'G200004061'),
('V16051491', 'G200042311'),
('V16051491', 'G200043741'),
('V16051491', 'G200048050'),
('V16051491', 'G200054549'),
('V16051491', 'G200088346'),
('V16051491', 'G201000027'),
('V16051491', 'J002130598'),
('V16051491', 'J075120981'),
('V16051491', 'J075462629'),
('V16051491', 'J075815416'),
('V16051491', 'J075873505'),
('V16051491', 'J201000113'),
('V16051491', 'J297599070'),
('V16051491', 'J300979024'),
('V16051491', 'J301100522'),
('V16051491', 'J302302250'),
('V16051491', 'J305883068'),
('V16051491', 'J306122222'),
('V16051491', 'J309841742'),
('V17058249', 'G200006277'),
('V17461917', 'G200001020'),
('V17461917', 'G200001461'),
('V17461917', 'G200001860'),
('V17461917', 'G200003391'),
('V17461917', 'G200023112'),
('V17461917', 'G200023872'),
('V17461917', 'G200024356'),
('V17461917', 'G200042915'),
('V17461917', 'G200082801'),
('V17461917', 'I001187479'),
('V17461917', 'J000570159'),
('V17461917', 'J301810392'),
('V17691596', 'G200000465'),
('V17691596', 'G200005440'),
('V17691596', 'G200006323'),
('V17691596', 'G200006820'),
('V17691596', 'G200035994'),
('V17691596', 'G200040416'),
('V17691596', 'G200040564'),
('V17691596', 'G200051442'),
('V17691596', 'G200054395'),
('V17691596', 'G200063939'),
('V17691596', 'G200070218'),
('V17691596', 'G200070471'),
('V17691596', 'G200071133'),
('V17691596', 'G200071621'),
('V17691596', 'G200074930'),
('V17691596', 'G200081473'),
('V17691596', 'G200081988'),
('V17691596', 'G200082330'),
('V17691596', 'G200084561'),
('V17691596', 'G200095067'),
('V17691596', 'J001490175'),
('V17691596', 'J298792469'),
('V17691596', 'J303435629'),
('V17691596', 'J307554452'),
('V18190118', 'G200002549'),
('V18190118', 'G200003669'),
('V18190118', 'G200005556'),
('V18190118', 'G200008830'),
('V18190118', 'G200019581'),
('V18190118', 'G200020709'),
('V18190118', 'G200047119'),
('V6207717', 'G200000686'),
('V6207717', 'G200007060'),
('V6207717', 'G200025484'),
('V6207717', 'G200036419'),
('V6207717', 'G200068850'),
('V6207717', 'G200073489'),
('V6207717', 'G200074515'),
('V6207717', 'G200080299'),
('V6207717', 'G200085665'),
('V6207717', 'G200086084'),
('V6207717', 'J001883304'),
('V6207717', 'J301649087'),
('V6207717', 'J302622050'),
('V6207717', 'J307695986'),
('V6207717', 'J308496570'),
('V6207717', 'J316034836'),
('V6227576', 'G200000147'),
('V6227576', 'G200000546'),
('V6227576', 'G200000988'),
('V6227576', 'G200001011'),
('V6227576', 'G200001240'),
('V6227576', 'G200018496'),
('V6227576', 'G200020229'),
('V6227576', 'G200021411'),
('V6227576', 'G200042028'),
('V6227576', 'G200042362'),
('V6227576', 'G200048719'),
('V6227576', 'G200062894'),
('V6227576', 'G200087889'),
('V6227576', 'J303973191'),
('V6321766', 'G200000716'),
('V6321766', 'G200002336'),
('V6321766', 'G200050586'),
('V6321766', 'G200060883'),
('V6321766', 'G200067160'),
('V6321766', 'G200072849'),
('V6321766', 'G200075414'),
('V6321766', 'G200077956'),
('V6321766', 'G200082020'),
('V6321766', 'J304403542'),
('V6321766', 'J306230670'),
('V6865885', 'G200001380'),
('V6865885', 'G200001534'),
('V6865885', 'G200002018'),
('V6865885', 'G200011785'),
('V6865885', 'G200014547'),
('V6865885', 'G200017198'),
('V6865885', 'G200017643'),
('V6865885', 'G200040360'),
('V6865885', 'G200044179'),
('V6865885', 'G200045728'),
('V6865885', 'G200046074'),
('V6865885', 'G200046805'),
('V6865885', 'G200051728'),
('V6865885', 'G200054387'),
('V6865885', 'G200058919'),
('V6865885', 'G200065095'),
('V6865885', 'G200068442'),
('V6865885', 'G200069791'),
('V6865885', 'G200070420'),
('V6865885', 'G200079720'),
('V6865885', 'G200087927'),
('V6865885', 'G200088168'),
('V6865885', 'I001187457'),
('V6865885', 'I001187595'),
('V6865885', 'J302146801'),
('V6865885', 'J302816424'),
('V6865885', 'J303937756'),
('V6870336', 'G200003413'),
('V6870336', 'G200004452'),
('V6870336', 'G200031824'),
('V6870336', 'G200038217'),
('V6870336', 'G200055561'),
('V6870336', 'G200074221'),
('V6870336', 'G200083875'),
('V6870336', 'G200099003'),
('V6870336', 'J001993657'),
('V6870336', 'J075127064'),
('V6948110', 'G200001070'),
('V6948110', 'G200080272'),
('V6948110', 'G200090146'),
('V6948110', 'I001187201'),
('V6948110', 'I001187202'),
('V6948110', 'J000124825'),
('V6948110', 'J000127379'),
('V6948110', 'J000230706'),
('V6948110', 'J000711020'),
('V6948110', 'J000925054'),
('V6948110', 'J000925119'),
('V6948110', 'J060045487'),
('V6948110', 'J060048494'),
('V6948110', 'J070072555'),
('V6948110', 'J075094174'),
('V6948110', 'J085282114'),
('V6948110', 'J090005501'),
('V6948110', 'J090006079'),
('V6948110', 'J090062432'),
('V6948110', 'J090280847'),
('V6948110', 'J300341275'),
('V6948110', 'J300664597'),
('V6948110', 'J301663004'),
('V6948110', 'J305820759'),
('V6948110', 'J314310852'),
('V8345212', 'G200000520'),
('V8345212', 'G200001577'),
('V8345212', 'G200002611'),
('V8345212', 'G200003499'),
('V8345212', 'G200003553'),
('V8345212', 'G200011025'),
('V8345212', 'I001187192'),
('V8345212', 'J065108215'),
('V8345212', 'J080317351'),
('V8345212', 'J301552350'),
('V8345212', 'J304094540'),
('V8345212', 'J304495307'),
('V8345212', 'J305008353'),
('V8345212', 'J307655984'),
('V8345212', 'J310571023'),
('V8774134', 'G200000627'),
('V8774134', 'G200000635'),
('V8774134', 'G200000813'),
('V8774134', 'G200000929'),
('V8774134', 'G200001178'),
('V8774134', 'G200030240'),
('V8774134', 'G200037733'),
('V8774134', 'G200038713'),
('V8774134', 'I001188100'),
('V8774134', 'J002085231'),
('V8774134', 'J300037940'),
('V8774134', 'J301672330'),
('V8774134', 'J302612101'),
('V8774134', 'J311789472'),
('V8774134', 'J314410822');

-- --------------------------------------------------------

--
-- Estructura de tabla para la tabla `central`
--

CREATE TABLE IF NOT EXISTS `central` (
  `idcentral` bigint(20) NOT NULL AUTO_INCREMENT,
  `cccc` varchar(25) COLLATE utf8_spanish2_ci NOT NULL,
  `ubcc` varchar(25) COLLATE utf8_spanish2_ci NOT NULL,
  `nombre_central` varchar(150) COLLATE utf8_spanish2_ci NOT NULL,
  `seriales` varchar(45) COLLATE utf8_spanish2_ci NOT NULL,
  `idregion` bigint(20) NOT NULL,
  `idestado` bigint(20) NOT NULL,
  `idmunicipio` bigint(20) NOT NULL,
  `disp_voz` bigint(20) NOT NULL,
  `disp_abangn` bigint(20) NOT NULL,
  `disp_aba` bigint(20) NOT NULL,
  `disp_metro` bigint(20) NOT NULL,
  `disp_atmfr` bigint(20) NOT NULL,
  PRIMARY KEY (`idcentral`),
  KEY `fk_central_region_estado_municipio1_idx` (`idregion`,`idestado`,`idmunicipio`)
) ENGINE=InnoDB  DEFAULT CHARSET=utf8 COLLATE=utf8_spanish2_ci AUTO_INCREMENT=1493 ;

--
-- Volcado de datos para la tabla `central`
--

INSERT INTO `central` (`idcentral`, `cccc`, `ubcc`, `nombre_central`, `seriales`, `idregion`, `idestado`, `idmunicipio`, `disp_voz`, `disp_abangn`, `disp_aba`, `disp_metro`, `disp_atmfr`) VALUES
(1, '2019', '2213', 'BOLEITA', '0212-232,4,5,7,8,9,271,2', 2, 10, 104, 2425, 0, 2633, 514, 98),
(2, '2022', '2217', 'LA URBINA', '0212-241,2,3,4,290,1', 2, 10, 104, 1432, 0, 3242, 277, 83),
(3, '2023', '2218M', 'URB. MIRANDA', '0212-242,3', 2, 10, 104, 0, 0, 799, 0, 0),
(4, '3610', '2327', 'TURUMO', '0212-244', 2, 10, 104, 457, 0, 0, 0, 0),
(5, '2018', '2018', 'RESIDENCIAS MIRAVILA  NDA', '0212-244', 2, 10, 104, 22, 152, 0, 0, 0),
(6, '2149', '2149', 'PARQUE CAIZA  NDA', '0212-244', 2, 10, 104, 214, 13, 0, 0, 0),
(7, '2250', '2250', 'C.C. LIDER  NDA', '0212-236', 2, 10, 104, 318, 145, 0, 14, 0),
(8, '2254', '2254', 'CAUCAGÜITA 1  NDA', '0212-244', 2, 10, 104, 36, 213, 0, 0, 0),
(9, '2255', '2255', 'CAUCAGÜITA 2  NDA', '0212-244', 2, 10, 104, 52, 209, 0, 0, 0),
(10, '3612', '2326', 'FILA DE MARICHES', '0212-532', 2, 10, 104, 0, 0, 859, 114, 47),
(11, '2026', '2220', 'MACARACUAY', '0212-256,7,8', 2, 10, 104, 329, 0, 2591, 71, 0),
(12, '2247', '2247', 'EL ENCANTADO  NDA', '0212-988', 2, 10, 104, 589, 627, 0, 0, 0),
(13, '2025', '2216', 'PALO VERDE', '0212-251,2', 2, 10, 104, 0, 0, 871, 62, 0),
(14, '2005', '2005', 'TERRAFRANCA  NDA', '0212-988', 2, 10, 104, 246, 110, 0, 0, 0),
(15, '2006', '2006', 'LOMAS DEL SOL  NDA', '0212-988', 2, 10, 104, 583, 13, 0, 0, 0),
(16, '2007', '2007', 'MACARACUAY XPRESS  NDA', '0212-988', 2, 10, 104, 397, 111, 0, 0, 0),
(17, '2030', '2030', 'TORRE DIGITEL  NDA', '0212-262', 2, 10, 104, 414, 499, 0, 0, 0),
(18, '2031', '2223', 'LOS PALOS GRANDES', '0212-283,4,5,6,7', 2, 10, 104, 2110, 0, 4001, 258, 75),
(19, '2120', '2224', 'EL CAFETAL', '0212-985,8', 2, 10, 104, 0, 0, 4296, 38, 0),
(20, '2141', '2224', 'EL CAFETAL  NDA', '0212-986,7,9881', 2, 10, 104, 0, 0, 4296, 38, 0),
(21, '3216', '3206', 'LOS TEQUES  NDA', '0212-3220,328,364', 2, 15, 186, 2105, 0, 1577, 171, 0),
(22, '3202', '3206', 'LOS TEQUES', '0212-321,2,3,3640,6 al 9', 2, 15, 186, 2105, 0, 1577, 171, 109),
(23, '3203', '3209R', 'SAN OMERO', '0212-322', 2, 15, 186, 16, 0, 19, 0, 0),
(24, '3212', '3211P', 'SAN PEDRO', '0212-378', 2, 15, 186, 76, 0, 156, 0, 0),
(25, '3215', '3231', 'EL  JARILLO', '0212-392', 2, 15, 186, 0, 0, 158, 23, 0),
(26, '3220', '3220', 'CARRIZALES  NDA', '0212-381', 2, 15, 182, 411, 0, 244, 32, 0),
(27, '3205', '3220', 'CARRIZALES', '0212-383', 2, 15, 182, 411, 0, 244, 32, 0),
(28, '3206', '3220C', 'COLINAS DE CARRIZALES', '0212-383', 2, 15, 182, 821, 0, 301, 0, 0),
(29, '3207', '3221', 'SAN ANTONIO DE LOS ALTOS', '0212-371,2', 2, 15, 189, 343, 0, 473, 56, 20),
(30, '3208', '3223', 'LAS MINAS', '0212-372,3', 2, 15, 189, 0, 0, 542, 49, 0),
(31, '3232', '3232', 'LAS QUINTAS  NDA', '0212-378', 2, 15, 186, 663, 311, 0, 0, 0),
(32, '3233', '3233', 'ALTO VERDE  NDA', '0212-328', 2, 15, 186, 81, 214, 0, 0, 0),
(33, '3234', '3234', 'LA MATICA  NDA', '0212-328', 2, 15, 186, 136, 297, 0, 0, 0),
(34, '3219', '3221V', 'LOS CASTORES  NDA', '0212-373', 2, 15, 189, 1849, 0, 145, 0, 0),
(35, '3229', '3229', 'SAN JOSE DE LOS ALTOS  NDA', '0212-375', 2, 15, 186, 366, 124, 0, 0, 0),
(36, '3230', '3230', 'PARACOTOS  NDA', '0212-381,391', 2, 15, 197, 0, 0, 0, 0, 0),
(37, '3916', '3921', 'CUA', '0239-212,249', 2, 15, 196, 0, 0, 301, 72, 11),
(38, '3920', '3921', 'CUA  NDA', '0239-246', 2, 15, 188, 0, 0, 301, 72, 0),
(39, '3901', '3901', 'JARDINES DE BETANIA  NDA', '0239-224', 2, 15, 188, 366, 171, 0, 0, 0),
(40, '3908', '3908', 'LA RAIZA  NDA', '0239-232', 2, 15, 187, 50, 155, 0, 0, 0),
(41, '3909', '3909', 'COLINAS DE BETANIA  NDA', '0239-246', 2, 15, 188, 355, 137, 0, 0, 0),
(42, '3910', '3910', 'SANTA BARBARA  NDA', '0239-246', 2, 15, 188, 317, 224, 0, 0, 0),
(43, '3913', '3913', 'CIUDAD MIRANDA 1  NDA', '0239-246', 2, 15, 188, 11, 193, 0, 0, 0),
(44, '3922', '3922', 'DOS LAGUNAS  NDA', '0239-232', 2, 15, 187, 18, 110, 0, 0, 0),
(45, '3923', '3923', 'GUAICAIPURO  NDA', '0239-232', 2, 15, 187, 177, 238, 0, 0, 0),
(46, '3924', '3924', 'MATALINDA  NDA', '0239-246', 2, 15, 188, 195, 396, 0, 0, 0),
(47, '3925', '3925', 'EL JOBITO  NDA', '0239-222', 2, 15, 177, 134, 256, 0, 0, 0),
(48, '3926', '3926', 'CARTANAL 1  NDA', '0239-232', 2, 15, 187, 0, 172, 0, 0, 0),
(49, '3927', '3927', 'VALLES DE CHARA  NDA', '0239-246', 2, 15, 188, 351, 114, 0, 0, 0),
(50, '3928', '3928', 'CARTANAL 2  NDA', '0239-232', 2, 15, 187, 0, 128, 0, 0, 0),
(51, '3929', '3929', 'SANTA BARBARA 2  NDA', '0239-232', 2, 15, 187, 100, 255, 0, 0, 0),
(52, '3930', '3930', 'LAS CAROLINAS  NDA', '0239-232', 2, 15, 187, 16, 94, 0, 0, 0),
(53, '3937', '3937', 'VALLE ALTO  NDA', '0239-246', 2, 15, 188, 208, 286, 0, 0, 0),
(54, '3938', '3938', 'CIUDAD BETANIA  NDA', '0239-224', 2, 15, 188, 56, 895, 0, 0, 0),
(55, '3943', '3943', 'LOMAS DE BETANIA  NDA', '0239-249', 2, 15, 184, 81, 123, 0, 0, 0),
(56, '3939', '3939', 'CIUDAD MIRANDA 2   NDA', '0239-249', 2, 15, 184, 282, 89, 0, 0, 0),
(57, '3940', '3940', 'CIUDAD MIRANDA 3   NDA', '0239-249', 2, 15, 184, 47, 109, 0, 0, 0),
(58, '3944', '3944', 'CIUDAD MIRANDA 4   NDA', '0239-249', 2, 15, 184, 114, 234, 0, 0, 0),
(59, '3949', '3949', 'CIUDAD MIRANDA 5   NDA', '0239-249', 2, 15, 184, 178, 287, 0, 0, 0),
(60, '3945', '3945', 'CASA AGRARIA   NDA', '0239-249', 2, 15, 184, 158, 288, 0, 0, 0),
(61, '3941', '3941', 'VISTA REAL  NDA', '0239-249', 2, 15, 184, 381, 428, 0, 0, 0),
(62, '3942', '3942', 'PASEO TUY  NDA', '0239-232', 2, 15, 187, 319, 93, 0, 0, 0),
(63, '3903', '3931', 'OCUMARE DEL TUY', '0239-224,5,228', 2, 15, 188, 65, 0, 0, 41, 13),
(64, '3931', '3931', 'OCUMARE DEL TUY  NDA', '0239-2242,4,5,6', 2, 15, 188, 65, 0, 0, 41, 0),
(65, '3932', '3932', 'SAN FRANCISCO DE YARE  NDA', '0239-222', 2, 15, 194, 98, 499, 0, 0, 0),
(66, '3933', '3933', 'SANTA LUCIA  NDA', '0239-2181,7', 2, 15, 191, 494, 0, 0, 0, 0),
(67, '3907', '3934', 'SANTA  TERESA', '0239-231', 2, 15, 187, 76, 0, 7, 31, 0),
(68, '3951', '3951', 'SALAMANCA  NDA', '0239-249', 2, 15, 184, 228, 320, 0, 0, 0),
(69, '3918', '3935', 'CHARALLAVE', '0239-246,8,282', 2, 15, 188, 0, 0, 1258, 157, 89),
(70, '3600', '3307', 'TRAPICHITO (GUARENAS)', '0212-361,2,3,5', 2, 15, 193, 1692, 0, 173, 275, 93),
(71, '3608', '3307', 'TRAPICHITO NDA', '0212-365,2,3,4,5,6,7', 2, 15, 193, 1692, 0, 173, 275, 0),
(72, '3302', '3308', 'SANTIAGO DE LEON  NDA', '0212-369', 2, 15, 193, 249, 185, 0, 0, 0),
(73, '3310', '3310', 'VALLE ARRIBA  NDA', '0212-342', 2, 15, 197, 366, 0, 232, 19, 0),
(74, '3611', '3611', 'BOSQUE DEL INGENIO  NDA', '0212-342', 2, 15, 197, 9, 55, 0, 0, 0),
(75, '3621', '3621', 'OASIS SUITE  NDA', '0212-381', 2, 15, 197, 566, 122, 0, 0, 0),
(76, '3622', '3622', 'TZAS BUENAVENTURA  NDA', '0212-381', 2, 15, 197, 257, 121, 0, 0, 0),
(77, '3624', '3624', 'VILLAS DEL ESTE  NDA', '0212-342', 2, 15, 197, 385, 134, 0, 0, 0),
(78, '3625', '3625', 'COPACABANA  NDA', '0212-365', 2, 15, 193, 223, 81, 0, 31, 0),
(79, '3626', '3626', 'JARDINES DE CASTILLEJO  NDA', '0212-342', 2, 15, 197, 342, 100, 0, 0, 0),
(80, '3628', '3628', 'LA ESPERANZA  NDA', '0212-342', 2, 15, 197, 133, 70, 0, 0, 0),
(81, '3629', '3629', 'EL ENCANTADO II  NDA', '0212-342', 2, 15, 197, 275, 102, 0, 0, 0),
(82, '3630', '3630', 'LOS PORTALES  NDA', '0212-365', 2, 15, 193, 811, 391, 0, 0, 0),
(83, '3632', '3632', 'LA LAGUNA  NDA', '0212-365', 2, 15, 193, 509, 316, 0, 0, 0),
(84, '3633', '3633', 'EL RODEO  NDA', '0212-342', 2, 15, 197, 31, 144, 0, 0, 0),
(85, '3634', '3634', 'LAS NEREIDAS  NDA', '0212-342', 2, 15, 197, 228, 283, 0, 0, 0),
(86, '3620', '3620', 'PALO ALTO  NDA', '0212-346,3479', 2, 15, 197, 119, 0, 886, 0, 0),
(87, '3607', '3608', 'GUATIRE', '0212-341,2,4', 2, 15, 197, 144, 0, 531, 81, 90),
(88, '3603', '3309', 'CIUDAD FAJARDO', '0212-381', 2, 15, 197, 0, 0, 409, 15, 0),
(89, '3605', '3310', 'VALLE ARRIBA', '0212-341', 2, 15, 197, 366, 0, 232, 19, 0),
(90, '3615', '3620', 'PALO ALTO', '0212-347', 2, 15, 197, 119, 0, 886, 0, 0),
(91, '3412-15', '3412', 'CAUCAGUA  NDA', '0234-662,0,1,3', 2, 15, 177, 143, 0, 0, 0, 0),
(92, '3406', '3406', 'RÍO NEGRO  NDA', '0234-662', 2, 15, 177, 324, 351, 0, 0, 0),
(93, '3407', '3407', 'SOTILLO  NDA', '0234-342', 2, 15, 180, 297, 337, 0, 0, 0),
(94, '3410', '3410', 'EL CAFÉ  NDA', '0234-662', 2, 15, 177, 352, 455, 0, 0, 0),
(95, '3417', '3417', 'BELEN  NDA', '0234-342', 2, 15, 180, 114, 225, 0, 0, 0),
(96, '3421', '3421', 'LAS MARAVILLAS  NDA', '0234-342', 2, 15, 180, 400, 289, 0, 0, 0),
(97, '3422', '3422', 'MAMPORAL  NDA', '0234-342', 2, 15, 180, 0, 291, 0, 0, 0),
(98, '3428', '3428', 'CAPAYA  NDA', '0234-662', 2, 15, 177, 345, 538, 0, 0, 0),
(99, '3427', '3430', 'SAN FERNANDO DEL GUAPO', '0234-882', 2, 15, 190, 12, 0, 0, 0, 0),
(100, '3436', '3436', 'LA FUNDACIÓN  NDA', '0234-342', 2, 15, 180, 439, 509, 0, 0, 0),
(101, '3437', '3437', 'VIRGEN DE LA PAZ  NDA', '0234-662', 2, 15, 177, 349, 216, 0, 0, 0),
(102, '3438', '3438', 'TACARIGÜITA   NDA', '0234-662', 2, 15, 177, 238, 262, 0, 0, 0),
(103, '3441', '3441', 'CHIRIMENA  NDA', '0234-338', 2, 15, 180, 106, 100, 0, 0, 0),
(104, '3404', '3452', 'HIGUEROTE', '0234-323', 2, 15, 180, 1695, 0, 443, 140, 61),
(105, '3432', '3425', 'TACARIGUA DE MAMPORAL', '0234-342,3', 2, 15, 180, 45, 0, 0, 13, 0),
(106, '3425', '3425', 'TACARIGUA DE MAMP.  NDA', '0234-3421', 2, 15, 180, 45, 0, 0, 13, 0),
(107, '3453', '3453', 'CUPIRA  NDA', '0234-887', 2, 15, 192, 0, 17, 0, 0, 0),
(108, '3454', '3454', 'EL GUAPO  NDA', '0234-881', 2, 15, 190, 99, 103, 0, 0, 0),
(109, '3456', '3456', 'RIO CHICO  NDA', '0234-872', 2, 15, 178, 120, 0, 0, 0, 0),
(110, '3457', '3457', 'SAN JOSE DE RIO CHICO  NDA', '0234-872', 2, 15, 178, 29, 2, 0, 0, 0),
(111, '3458', '3458', 'TACARIGUA DE LA LAG.  NDA', '0234-871', 2, 15, 190, 15, 0, 0, 0, 0),
(112, '2131', '2316', 'LA TRINIDAD', '0212-943,4,5,9452,3', 2, 15, 179, 0, 0, 1520, 96, 69),
(113, '2142', '2316', 'LA TRINIDAD  NDA', '0212-941,2,9454,5,6,7', 2, 15, 179, 0, 0, 1520, 96, 0),
(114, '2111', '2318', 'EL HATILLO', '0212-961,3', 2, 15, 185, 0, 0, 0, 41, 0),
(115, '2137', '2713', 'C.N.T. EL ROSAL', '0212-500', 2, 15, 183, 0, 0, 0, 0, 0),
(116, '2029', '2221', 'CHACAO', '0212-261 al 267', 2, 15, 183, 0, 0, 4529, 488, 113),
(117, '2147', '2147', 'LA TRINIDAD TAHONA I  NDA', '0212-942', 2, 15, 179, 255, 148, 0, 0, 0),
(118, '2148', '2148', 'LA TRINIDAD TAHONA II  NDA', '0212-942', 2, 15, 179, 152, 0, 0, 0, 0),
(119, '2106', '2301', 'EL ROSAL', '0212-951,2,3,4', 2, 15, 183, 5721, 0, 1568, 458, 140),
(120, '2027', '2215P', 'PETARE', '0212-256', 2, 15, 195, 0, 0, 370, 85, 46),
(121, '2215', '2215P', 'PETARE  NDA', '0212-258', 2, 15, 195, 0, 0, 370, 85, 0),
(122, '2261', '2261', 'C. E. EL HATILLO  NDA', '0212-961', 2, 15, 185, 272, 423, 0, 32, 0),
(123, '2113', '2318L', 'LOMAS DE LA LAGUNITA', '0212-963', 2, 15, 185, 0, 0, 0, 0, 0),
(124, '2117', '2324P', 'ALTO PRADO', '0212-975,6', 2, 15, 179, 0, 0, 1280, 0, 0),
(125, '2010', '2010', 'LOMA LINDA  NDA', '0212-961', 2, 15, 185, 202, 140, 0, 0, 0),
(126, '2110', '2317', 'LOS GUAYABITOS', '0212-962', 2, 15, 179, 48, 299, 0, 22, 0),
(127, '2265', '2265', 'EL LIMON  NDA', '0212-878', 2, 15, 186, 0, 239, 0, 0, 0),
(128, '2046', '2246R', 'RIO CRISTAL', '0212-433', 2, 15, 186, 0, 0, 0, 0, 0),
(129, '2258', '2258', 'TAMANAQUITO  NDA', '0212-878', 2, 15, 177, 330, 343, 0, 0, 0),
(130, '2058', '2239', 'CENTRO NACIONAL', '0212-531', 2, 10, 104, 0, 0, 38, 46, 59),
(131, '2240', '2240', 'SAN AGUSTIN  NDA', '0212-541', 2, 10, 104, 0, 0, 653, 107, 0),
(132, '2128', '2240', 'SAN AGUSTIN', '0212-542,3,5', 2, 10, 104, 0, 0, 653, 107, 90),
(133, '2153', '2241', 'ROMULO GALLEGOS  NDA', '0212-5505,551,5520 al 5524', 2, 10, 104, 1736, 0, 1607, 132, 0),
(134, '2124', '2241', 'ROMULO GALLEGOS', '0212-550,2,5525', 2, 10, 104, 1736, 0, 1607, 132, 22),
(135, '2304', '2304', 'CARACAS  NDA', '0212-561,2,3', 2, 10, 104, 1256, 0, 165, 275, 36),
(136, '2063', '2304', 'CARACAS', '0212-564,5,5636 al 5639', 2, 10, 104, 1256, 0, 165, 275, 0),
(137, '2011', '2311', 'BELLO MONTE  NDA', '0212-751', 2, 10, 104, 497, 0, 511, 152, 77),
(138, '2129', '2311', 'BELLO MONTE', '0212-753,4,7519', 2, 10, 104, 497, 0, 511, 152, 0),
(139, '2107', '2312', 'CHUAO', '0212-959', 2, 10, 104, 4397, 0, 132, 175, 0),
(140, '2122', '2319', 'LAS MERCEDES III', '0212-991,2,3', 2, 10, 104, 1541, 0, 1561, 222, 50),
(141, '2319', '2319', 'LAS MERCEDES III NDA', '0212-994', 2, 10, 104, 1541, 0, 1561, 222, 0),
(142, '2225', '2225', 'ALFREDO SADEL  NDA', '0212-754', 2, 10, 104, 881, 91, 0, 0, 0),
(143, '2151', '2322', 'LOS CAOBOS  NDA', '0212-572,3,4,5784,5,6', 2, 10, 104, 0, 0, 0, 652, 0),
(144, '2067', '2322', 'LOS CAOBOS', '0212-571,575,6,7,8', 2, 10, 104, 0, 0, 0, 652, 28),
(145, '2135', '2716', 'C.N.T. LA SALLE', '0212-500', 2, 10, 104, 0, 0, 0, 0, 0),
(146, '2020', '2020', 'PLAZA JARDÍN  NDA', '0212-532', 2, 10, 104, 512, 567, 0, 0, 0),
(147, '2180', '2300', 'ALTA FLORIDA  NDA', '0212-730', 2, 10, 104, 362, 0, 688, 93, 73),
(148, '2079', '2300', 'ALTA FLORIDA', '0212-731,7300 al 7302', 2, 10, 104, 362, 0, 688, 93, 0),
(149, '2085', '2302', 'LA FLORIDA', '0212-761,2,3', 2, 10, 104, 6812, 0, 846, 88, 65),
(150, '2303', '2303', 'LA SALLE  NDA', '0212-781,2', 2, 10, 104, 673, 0, 2, 201, 69),
(151, '2088', '2303', 'LA SALLE', '0212-793,4,7820 al 7823', 2, 10, 104, 673, 0, 2, 201, 0),
(152, '2118', '2118', 'PIEDRA AZUL  NDA', '0212-977', 2, 10, 104, 216, 240, 0, 0, 0),
(153, '2248', '2248', 'EL ENCANTADO HUMBOLDT  NDA', '0212-988', 2, 10, 104, 886, 895, 0, 0, 0),
(154, '2253', '2253', 'SANTA CRUZ DEL ESTE  NDA', '0212-978', 2, 10, 104, 83, 193, 0, 0, 0),
(155, '2266', '2266', 'LA LIMONERA  NDA', '0212-962', 2, 10, 104, 113, 175, 0, 0, 0),
(156, '2114', '2318P', 'POTRO REDONDO', '0212-961,3', 2, 10, 104, 0, 0, 0, 0, 0),
(157, '2103', '2320H', 'HOYO DE LA PUERTA', '0212-942', 2, 10, 104, 0, 0, 212, 0, 0),
(158, '2143', '2324', 'FRANCISCO SALIAS  NDA', '0212-9785,979', 2, 10, 104, 348, 0, 2757, 198, 92),
(159, '2116', '2324', 'FRANCISCO SALIAS', '0212-975,6,7,8,9794 al 9799', 2, 10, 104, 348, 0, 2757, 198, 0),
(160, '2115', '2324A', 'VALLE ARRIBA', '0212-975,7', 2, 10, 104, 0, 0, 1303, 0, 0),
(161, '2053', '2228', 'MADERERO', '0212-481,2,3,4,5', 2, 10, 104, 0, 0, 0, 166, 47),
(162, '2230', '2230', 'SAN MARTIN  NDA', '0212-461,2, 4626 al 4629', 2, 10, 104, 972, 0, 1578, 269, 0),
(163, '2049', '2230V', 'SAN MARTIN', '0212-451,2,', 2, 10, 104, 0, 0, 0, 0, 82),
(164, '2230', '2230V', 'SAN MARTIN  NDA', '0212-4521,2', 2, 10, 104, 0, 0, 0, 0, 0),
(165, '2136', '2513', 'C.N.T. - SAN MARTIN', '0212-500', 2, 10, 104, 0, 0, 0, 0, 0),
(166, '2051', '2227', 'FRANCISCO FAJARDO', '0212-472', 2, 10, 104, 1481, 0, 0, 218, 61),
(167, '2227', '2227', 'FRANCISCO FAJARDO  NDA', '0212-448', 2, 10, 104, 1481, 0, 0, 218, 0),
(168, '2051', '2227V', 'FRANCISCO FAJARDO', '0212-471', 2, 10, 104, 0, 0, 0, 0, 0),
(169, '2051', '2229', 'FRANCISCO FAJARDO', '0212-442,3', 2, 10, 104, 0, 0, 323, 0, 0),
(170, '2012', '2012', 'ARNULFO ROMERO  NDA', '0212-448', 2, 10, 104, 177, 231, 0, 0, 0),
(171, '2039', '2039', 'MACARAO 1  NDA', '0212-438', 2, 10, 104, 348, 453, 0, 0, 0),
(172, '2040', '2040', 'MACARAO 2  NDA', '0212-476', 2, 10, 104, 273, 721, 0, 0, 0),
(173, '2139', '2139', 'OSCAR A ROMERO 2 NDA', '0212-476', 2, 10, 104, 159, 171, 0, 0, 0),
(174, '2150', '2150', 'LOS PARAPAROS  NDA', '0212-476', 2, 10, 104, 400, 350, 0, 0, 0),
(175, '2152', '2152', 'EL CARMEN  NDA', '0212-476', 2, 10, 104, 462, 10, 0, 0, 0),
(176, '2154', '2154', 'EL ALMENDRON  NDA', '0212-476', 2, 10, 104, 284, 2, 0, 0, 0),
(177, '2162', '2162', 'LAS CASITAS  NDA', '0212-476', 2, 10, 104, 41, 23, 0, 0, 0),
(178, '2163', '2163', 'LOS MANGOS  NDA', '0212-476', 2, 10, 104, 187, 4, 0, 0, 0),
(179, '2164', '2164', 'VINICIO ADAMES  NDA', '0212-476', 2, 10, 104, 233, 74, 0, 0, 0),
(180, '2165', '2151', 'ALEJANDRO FUENMAYOR  NDA', '0212-476', 2, 10, 104, 294, 13, 0, 0, 0),
(181, '2167', '2153', 'RIO NEGRO  NDA', '0212-476', 2, 10, 104, 127, 2, 0, 0, 0),
(182, '2201', '2201', 'TERRAZAS DE LA VEGA  NDA', '0212-476', 2, 10, 104, 0, 274, 0, 0, 0),
(183, '2233', '2233', 'C.C.CARICUAO PLAZA  NDA', '0212-438', 2, 10, 104, 544, 557, 0, 0, 0),
(184, '2231', '2231', 'CARICUAO  NDA', '0212-431,2', 2, 10, 104, 106, 0, 1152, 5, 0),
(185, '2043', '2231', 'CARICUAO', '0212-433,4', 2, 10, 104, 106, 0, 1152, 5, 0),
(186, '2044', '2231K', 'KENNEDY', '0212-433', 2, 10, 104, 0, 0, 0, 0, 0),
(187, '2045', '2231M', 'MACARAO', '0212-433', 2, 10, 104, 0, 0, 402, 0, 0),
(188, '2047', '2321J', 'LAS ADJUNTAS', '0212-433,4', 2, 10, 104, 0, 0, 0, 0, 0),
(189, '2072', '2242', 'LOS CHAGUARAMOS - RSU', '0212-661,2,690,3', 2, 10, 104, 330, 0, 162, 127, 37),
(190, '2242', '2242', 'LOS CHAGUARAMOS  NDA', '0212-668', 2, 10, 104, 330, 0, 162, 127, 0),
(191, '2119', '2119', 'LAS TORRES NDA', '0212-699', 2, 10, 104, 251, 235, 0, 0, 0),
(192, '2070', '2243', 'PRADO DE MARIA', '0212-631,2,3', 2, 10, 104, 107, 0, 58, 192, 125),
(193, '2243', '2243', 'PRADO DE MARIA  NDA', '0212-668', 2, 10, 104, 107, 0, 58, 192, 0),
(194, '2202', '2202', 'BOSQUE VALLE  NDA', '0212-690', 2, 10, 104, 516, 297, 0, 0, 0),
(195, '2212', '2212', 'EL CEMENTERIO  NDA', '0212-633', 2, 10, 104, 611, 231, 0, 0, 0),
(196, '2244', '2244', 'COCHE  NDA', '0212-681,2', 2, 10, 104, 174, 0, 1588, 34, 0),
(197, '2348', '2348', 'TURMERITO  NDA', '0212-690', 2, 10, 104, 258, 271, 0, 0, 0),
(198, '3311', '3311', 'TERRAZAS DEL ALBA  NDA', '0212-668', 2, 10, 104, 365, 469, 0, 0, 0),
(199, '3312', '3312', 'TERRAZAS DEL ALBA 2  NDA', '0212-668', 2, 10, 104, 145, 188, 0, 0, 0),
(200, '2144', '2245', 'LOS JARDINES  NDA', '0212-671,2,690', 2, 10, 104, 864, 112, 1660, 29, 0),
(201, '2094', '2305', 'LA PASTORA', '0212-860,1,2,3,4', 2, 10, 104, 278, 0, 12, 88, 0),
(202, '2083', '2308', '23 DE ENERO', '0212-858', 2, 10, 104, 3, 0, 389, 94, 0),
(203, '2105', '2305', 'LA PASTORA  NDA', '0212-8634', 2, 10, 104, 278, 0, 12, 88, 0),
(204, '2351', '2351', 'SAN JOSE DEL AVILA NDA', '0212-863', 2, 10, 104, 230, 320, 0, 0, 0),
(205, '2097', '2306A', 'ALTA VISTA', '0212-872,3', 2, 10, 104, 0, 0, 842, 0, 23),
(206, '2096', '2307', 'RICARDO ZULOAGA', '0212-870,2,3,8718,9', 2, 10, 104, 26, 0, 916, 89, 0),
(207, '2140', '2307', 'RICARDO ZULOAGA  NDA', '0212-871,8738,9', 2, 10, 104, 26, 0, 916, 89, 0),
(208, '2078', '2078', 'BRISAS DE PROPATRIA  NDA', '0212-878', 2, 10, 104, 165, 284, 0, 0, 0),
(209, '2232', '2232', 'EL AMPARO  NDA', '0212-878', 2, 10, 104, 142, 204, 0, 0, 0),
(210, '2256', '2256', 'CASALTA 3  NDA', '0212-878', 2, 10, 104, 403, 425, 0, 0, 0),
(211, '2257', '2257', 'ISAIAS MEDINA  NDA', '0212-878', 2, 10, 104, 73, 167, 0, 0, 0),
(212, '2259', '2259', 'NUEVO HORIZONTE  NDA', '0212-878', 2, 10, 104, 158, 101, 0, 0, 0),
(213, '2260', '2260', 'GRAMOVEN  NDA', '0212-878', 2, 10, 104, 418, 444, 0, 0, 0),
(214, '2263', '2263', 'TACAGUA VIEJA 1  NDA', '0212-878', 2, 10, 104, 319, 447, 0, 0, 0),
(215, '2264', '2264', 'TACAGUA VIEJA 2  NDA', '0212-878', 2, 10, 104, 279, 355, 0, 0, 0),
(216, '3301', '2310', 'LUIS HURTADO', '0212-422', 2, 10, 104, 0, 0, 0, 0, 0),
(217, '3135', '3135', 'CIUDAD CARIBIA  NDA', '0212-353', 2, 22, 300, 171, 319, 0, 0, 0),
(218, '3308', '2309', 'EL JUNKO', '0212-412', 2, 22, 300, 85, 0, 419, 0, 0),
(219, '3120', '3103', 'MAIQUETIA  NDA', '0212-331,3318,9,332,3329', 2, 22, 300, 426, 0, 497, 109, 77),
(220, '3142', '3142', 'CIUDAD CARIBIA 2  NDA', '0212-355', 2, 22, 300, 553, 591, 0, 0, 0),
(221, '2029', '3710R', 'LOS ROQUES', '0237-221', 2, 22, 300, 232, 0, 0, 0, 0),
(222, '3116', '3111', 'NAIGUATA', '0212-337', 2, 22, 300, 0, 0, 41, 0, 0),
(223, '3133', '3133', 'MONTE AVILA  NDA', '0212-353', 2, 22, 300, 132, 305, 0, 0, 0),
(224, '3134', '3134', 'CARIBE II  NDA', '0212-353', 2, 22, 300, 291, 417, 0, 0, 0),
(225, '3313', '3313', 'JUNQUITO KM 7 NDA', '0212-422', 2, 22, 300, 142, 380, 0, 0, 0),
(226, '2203', '2203', 'CARIBE  NDA', '0212-337', 2, 22, 300, 1044, 131, 0, 0, 0),
(227, '2204', '2204', 'INTERCOMUNAL MACUTO NDA', '0212-337', 2, 22, 300, 355, 364, 0, 0, 0),
(228, '2205', '2205', 'TANAGUARENA  NDA', '0212-337', 2, 22, 300, 828, 132, 0, 0, 0),
(229, '2206', '2206', 'LA LLANADA  NDA', '0212-337', 2, 22, 300, 787, 533, 0, 0, 0),
(230, '2207', '2207', 'MACUTO  NDA', '0212-355', 2, 22, 300, 401, 222, 0, 0, 0),
(231, '2208', '2208', 'PALMAR OESTE  NDA', '0212-355', 2, 22, 300, 547, 233, 0, 0, 0),
(232, '2210', '2210', 'PALMAR ESTE  NDA', '0212-355', 2, 22, 300, 509, 90, 0, 0, 0),
(233, '3128', '3108', 'CATIA LA MAR  NDA', '0212-351', 2, 22, 300, 784, 0, 584, 40, 0),
(234, '3109', '3108', 'CATIA LA MAR II', '0212-352,3518 al 3519', 2, 22, 300, 784, 0, 584, 40, 5),
(235, '2211', '2211', 'SOTAVENTO  NDA', '0212-353,5', 2, 22, 300, 269, 165, 0, 0, 0),
(236, '3130', '3130', 'SOLIDARIDAD  NDA', '0212-353', 2, 22, 300, 482, 513, 0, 0, 0),
(237, '3136', '3136', 'ARRECIFE  NDA', '0212-353', 2, 22, 300, 194, 332, 0, 0, 0),
(238, '3137', '3137', 'MAMO PARTE ALTA  NDA', '0212-353,5', 2, 22, 300, 578, 600, 0, 0, 0),
(239, '3138', '3138', 'MAMO PARTE BAJA  NDA', '0212-353', 2, 22, 300, 76, 436, 0, 0, 0),
(240, '3139', '3139', 'LAS TUNITAS 1  NDA', '0212-353,5', 2, 22, 300, 116, 526, 0, 0, 0),
(241, '3140', '3140', 'LAS TUNITAS 2  NDA', '0212-353', 2, 22, 300, 265, 424, 0, 0, 0),
(242, '3141', '3141', 'VISTA AL MAR  NDA', '0212-355', 2, 22, 300, 173, 275, 0, 0, 0),
(243, '3145', '3145', 'BRISAS DE MAIQUETÍA  NDA', '0212-355', 2, 22, 300, 96, 200, 0, 0, 0),
(244, '3129', '3129', 'PLAYA GRANDE  NDA', '0212-353', 2, 22, 300, 278, 377, 0, 0, 0),
(245, '3121', '3106', 'AEROPUERTO  NDA', '0212-355', 2, 22, 300, 126, 0, 356, 99, 91),
(246, '3132', '3132', 'LAS SALINAS  NDA', '0212-353', 2, 22, 300, 292, 352, 0, 0, 0),
(247, '3306', '3121', 'CARAYACA', '0212-336', 2, 22, 300, 98, 0, 0, 0, 0),
(248, '4154', '4181', 'CAMORUCO  NDA', '0241-821,8268,9', 3, 7, 90, 0, 0, 828, 150, 0),
(249, '4108', '4181', 'CAMORUCO', '0241-822,3,4,5,6', 3, 7, 90, 0, 0, 828, 150, 60),
(250, '4109', '4181G', 'GUATAPARO', '0241-826', 3, 7, 90, 425, 0, 132, 0, 0),
(251, '4107', '4188B', 'EL BOSQUE', '0241-823', 3, 7, 90, 0, 0, 614, 0, 0),
(252, '4103', '4103', 'LOS MANGOS  NDA', '0241-827', 3, 7, 90, 150, 191, 0, 0, 0),
(253, '4110', '4110', 'JARDIN MAÑONGO  NDA', '0241-894', 3, 7, 82, 341, 389, 0, 0, 0),
(254, '4124', '4124', 'WORLD TRADE CENTER  NDA', '0241-894', 3, 7, 82, 107, 188, 0, 9, 0),
(255, '4133', '4133', 'EL BOSQUE  NDA', '0241-826', 3, 7, 90, 239, 82, 0, 0, 0),
(256, '4120', '4183', 'EL TRIGAL', '0241-843,8420', 3, 7, 86, 5, 0, 841, 42, 0),
(257, '4150', '4183', 'EL TRIGAL  NDA', '0241-842,8435,6', 3, 7, 86, 5, 0, 841, 42, 0),
(258, '4157', '4157', 'TERRAZAS MAÑONGO  NDA', '0241-843', 3, 7, 86, 333, 129, 0, 0, 0),
(259, '4158', '4158', 'TASAJAL  NDA', '0241-891,8918', 3, 7, 86, 643, 44, 0, 0, 0),
(260, '4112', '4112', 'MAÑONGO  NDA', '0241-894', 3, 7, 82, 128, 193, 0, 0, 0),
(261, '4131', '4131', 'TZAS DEL COUNTRY  NDA', '0241-826', 3, 7, 90, 208, 127, 0, 0, 0),
(262, '4134', '4134', 'LA TRIGALEÑA  NDA', '0241-843', 3, 7, 86, 531, 88, 0, 0, 0),
(263, '4135', '4135', 'EL RINCON  NDA', '0241-894', 3, 7, 82, 262, 13, 0, 0, 0),
(264, '4151', '4185', 'NAGUANAGUA  NDA', '0241-866,8689,891,8918,897', 3, 7, 86, 317, 0, 468, 213, 0),
(265, '4125', '4185', 'NAGUANAGUA II', '0241-867,8,866,4 al 8669', 3, 7, 83, 317, 0, 468, 213, 78),
(266, '4140', '4132', 'LA ENTRADA', '0241-913', 3, 7, 86, 72, 0, 179, 0, 0),
(267, '4121', '4122', 'LA FUNDACION', '0241-847,8,877', 3, 7, 83, 0, 0, 462, 120, 40),
(268, '4122', '4126', 'ARTURO MICHELENA', '0241-857,8,9', 3, 7, 86, 625, 0, 0, 149, 109),
(269, '4123', '4126B', 'SAN BLAS', '0241-859', 3, 7, 86, 0, 0, 316, 0, 0),
(270, '4106', '4106', 'RUIZ PINEDA 2  NDA', '0241-896', 3, 7, 90, 52, 136, 0, 0, 0),
(271, '4114', '4114', 'NEGRO PRIMERO  NDA', '0241-892', 3, 7, 90, 92, 389, 0, 0, 22),
(272, '4115', '4115', 'LA FLORIDA  NDA', '0241-892', 3, 7, 90, 33, 688, 0, 0, 0),
(273, '4116', '4116', 'OASIS  NDA', '0241-892', 3, 7, 90, 39, 210, 0, 0, 0),
(274, '4139', '4139', 'LIBERTADOR I  NDA', '0241-894', 3, 7, 82, 0, 50, 0, 0, 0),
(275, '4141', '4141', 'LIBERTADOR II  NDA', '0241-894', 3, 7, 82, 25, 0, 0, 0, 0),
(276, '4942', '4142', 'CAMPO CARABOBO  NDA', '0249-232', 3, 7, 82, 220, 195, 0, 0, 0),
(277, '4147', '4147', 'ADACA  NDA', '0241-892', 3, 7, 90, 68, 233, 0, 0, 0),
(278, '4187', '4187', 'EL MOLINO  NDA', '0241-897', 3, 7, 86, 59, 23, 0, 0, 0),
(279, '4169', '4169', 'CIUDADELA JOSE MARTI  NDA', '0241-831', 3, 7, 90, 129, 232, 0, 0, 0),
(280, '4160', '4160', 'BARRIO BUENO (F. CAP)  NDA', '0241-831', 3, 7, 90, 9, 208, 0, 0, 0),
(281, '4162', '4162', 'CIUDAD PLAZA 1  NDA', '0241-896', 3, 7, 90, 130, 531, 0, 0, 0),
(282, '4163', '4163', 'CIUDAD PLAZA 2  NDA', '0241-896', 3, 7, 90, 192, 446, 0, 0, 0),
(283, '4164', '4164', 'CIUDAD PLAZA 3  NDA', '0241-896', 3, 7, 90, 218, 639, 0, 0, 0),
(284, '4166', '4166', 'LA VICTORIA  NDA', '0241-859', 3, 7, 90, 222, 330, 0, 0, 0),
(285, '4175', '4175', 'LISANDRO ALVARADO  NDA', '0241-853', 3, 7, 90, 345, 96, 0, 0, 0),
(286, '4152', '4189', 'VALENCIA SUR  NDA', '0241-831,897', 3, 7, 86, 136, 0, 2, 39, 0),
(287, '4113', '4189', 'VALENCIA SUR', '0241-835,6,853', 3, 7, 90, 136, 0, 2, 39, 30),
(288, '4132', '4189S', 'TOCUYITO', '0241-894', 3, 7, 82, 71, 0, 346, 17, 0),
(289, '4126', '4190', 'LA ESMERALDA', '0241-871,2', 3, 7, 88, 119, 0, 1389, 74, 15),
(290, '4127', '4180C', 'CASTILLITO', '0241-871', 3, 7, 88, 0, 0, 56, 30, 4),
(291, '4130', '4136D', 'LA ESMERALDA - SAN DIEGO', '0241-891', 3, 7, 88, 793, 0, 533, 17, 0),
(292, '4156', '4136D', 'LA ESMERALDA-S. DIEGO  NDA', '0241-8915,6', 3, 7, 88, 793, 0, 533, 17, 0),
(293, '4190', '4190', 'LA ESMERALDA  NDA', '0241-8727,8,9', 3, 7, 88, 119, 0, 1389, 74, 0),
(294, '4104', '4104', 'LOS FRAILES  NDA', '0241-892', 3, 7, 80, 606, 651, 0, 0, 0),
(295, '4129', '4129', 'LOS GUAYOS 2  NDA', '0241-837', 3, 7, 83, 7, 193, 0, 0, 0),
(296, '4137', '4137', 'EL TULIPAN  NDA', '0241-894', 3, 7, 82, 108, 9, 0, 0, 0),
(297, '4138', '4138', 'TIZIANA VILLAS  NDA', '0241-894', 3, 7, 82, 18, 7, 0, 0, 0),
(298, '4145', '4145', 'C. E. LA UNION  NDA', '0241-872', 3, 7, 88, 470, 109, 0, 0, 0),
(299, '4146', '4146', 'CASCABEL  NDA', '0241-877', 3, 7, 90, 195, 319, 0, 0, 0),
(300, '4148', '4148', 'EL TULIPAN 2  NDA', '0241-892', 3, 7, 90, 466, 529, 0, 0, 0),
(301, '4519', '4519', 'PARQUE AZUL  NDA', '0245-341', 3, 7, 78, 6, 618, 0, 0, 0),
(302, '4555', '4555', 'BUENAVENTURA  NDA', '0245-341', 3, 7, 78, 91, 265, 0, 0, 0),
(303, '4556', '4556', 'GUAICA  NDA', '0245-341', 3, 7, 78, 12, 271, 0, 0, 0),
(304, '4143', '4143', 'FELIX POLITO  NDA', '0241-837', 3, 7, 83, 161, 349, 0, 0, 0),
(305, '4128', '4144', 'FLOR AMARILLO', '0241-878', 3, 7, 90, 0, 0, 553, 76, 0),
(306, '4144', '4144', 'FLOR AMARILLO  NDA', '0241-877', 3, 7, 83, 0, 0, 553, 76, 0),
(307, '4551', '4151', 'BELEN  NDA', '0245-333', 3, 7, 78, 62, 95, 0, 0, 0),
(308, '4553-54', '4153', 'GUIGUE  NDA', '0245-341', 3, 7, 78, 559, 5, 0, 18, 0),
(309, '4159', '4159', 'LAS JOSEFINAS I  NDA', '0241-891', 3, 7, 88, 356, 11, 0, 0, 0),
(310, '4167', '4167', 'BELLO MONTE 3  NDA', '0241-896', 3, 7, 90, 162, 248, 0, 0, 0),
(311, '4170', '4170', 'PASO REAL  NDA', '0241-894', 3, 7, 88, 195, 9, 0, 0, 0),
(312, '4172', '4172', 'VALLE DE ORO  NDA', '0241-872,876', 3, 7, 88, 106, 17, 0, 0, 0),
(313, '4173', '4173', 'LAS INDUSTRIAS  NDA', '0241-872', 3, 7, 88, 323, 89, 0, 11, 0),
(314, '4174', '4174', 'LOS GUAYOS  NDA', '0241-877', 3, 7, 83, 455, 52, 0, 0, 0),
(315, '4153', '4182', 'LA ISABELICA  NDA', '0241-834,897', 3, 7, 86, 68, 0, 1796, 175, 0),
(316, '4111', '4182', 'LA ISABELICA', '0241-832,3,8,864', 3, 7, 90, 68, 0, 1796, 175, 71),
(317, '4117', '4184A', 'LAS AGÜITAS I', '0241-838', 3, 7, 90, 0, 0, 21, 0, 0),
(318, '4117', '4184B', 'LAS AGÜITAS', '0241-864', 3, 7, 83, 7, 0, 36, 0, 0),
(319, '4118', '4184P', 'PIEDRAS  NEGRAS', '0241-838', 3, 7, 90, 0, 0, 0, 0, 0),
(320, '4591', '4191', 'CENTRAL TACARIGUA  NDA', '0245-335', 3, 7, 78, 275, 156, 0, 0, 0),
(321, '4507', '4161V', 'GUACARA', '0245-564,5', 3, 7, 80, 0, 0, 79, 0, 75),
(322, '4561', '4161V', 'GUACARA  NDA', '0245-5652,3', 3, 7, 89, 0, 0, 79, 0, 0),
(323, '4565-6', '4165', 'SAN JOAQUIN  NDA', '0245-552', 3, 7, 89, 648, 103, 0, 26, 0),
(324, '4513', '4177', 'VIGIRIMITA', '0245-591', 3, 7, 80, 54, 0, 0, 0, 0),
(325, '4592', '4192', 'CIUDAD ALIANZA  NDA', '0245-571', 3, 7, 80, 0, 0, 154, 63, 35),
(326, '4311', '4311', 'LA GUARICHA  NDA', '0243-268', 3, 7, 79, 224, 304, 0, 0, 0),
(327, '4313', '4313', 'EL LIMONAL  NDA', '0243-268', 3, 7, 79, 237, 332, 0, 0, 0),
(328, '4317', '4317', 'BICENTENARIA  NDA', '0243-268', 3, 7, 79, 242, 370, 0, 0, 0),
(329, '4517', '4517', 'VILLA ALIANZA  NDA', '0245-581', 3, 7, 80, 175, 13, 0, 0, 0),
(330, '4518', '4518', 'EL ROBLE NDA', '0245-562', 3, 7, 89, 121, 136, 0, 0, 0),
(331, '4515', '4193P', 'PARAPARAL', '0245-581', 3, 7, 83, 0, 0, 377, 16, 0),
(332, '4514', '4194N', 'NEGRO PRIMERO', '0245-581', 3, 7, 90, 0, 0, 0, 23, 0),
(333, '4509', '4195P', 'LA PRADERA', '0245-562', 3, 7, 89, 0, 0, 153, 0, 0),
(334, '4594', '4194N', 'NEGRO PRIMERO  NDA', '0245-5817', 3, 7, 90, 0, 0, 0, 23, 0),
(335, '4595', '4195P', 'LA PRADERA  NDA', '0245-5621,2', 3, 7, 89, 0, 0, 153, 0, 0),
(336, '4369', '4149', 'MARIARA  NDA', '0243-268', 3, 7, 79, 430, 0, 0, 12, 0),
(337, '4321', '4149', 'MARIARA', '0243-263', 3, 7, 79, 430, 0, 0, 12, 0),
(338, '4950', '4150', 'MIRANDA  NDA', '0249-788', 3, 7, 84, 126, 12, 0, 0, 0),
(339, '4911', '4171', 'BEJUMA', '0249-793', 3, 7, 77, 31, 0, 0, 0, 0),
(340, '4971', '4171', 'BEJUMA  NDA', '0249-7934', 3, 7, 77, 31, 0, 0, 0, 0),
(341, '4996', '4196', 'CANOABO  NDA', '0249-797', 3, 7, 77, 24, 96, 0, 0, 0),
(342, '4997', '4197', 'CHIRGUA  NDA', '0249-787', 3, 7, 77, 72, 140, 0, 0, 0),
(343, '4912', '4212', 'EL PAJAL  NDA', '0249-788', 3, 7, 84, 28, 224, 0, 0, 0),
(344, '4910', '4910', 'SANTA EDUVIGES  NDA', '0249-788', 3, 7, 84, 358, 471, 0, 0, 0),
(345, '4913', '4913', 'VALLE ALTO  NDA', '0249-788', 3, 7, 84, 271, 337, 0, 0, 0),
(346, '4914', '4914', 'LOS NARANJOS  NDA', '0249-788', 3, 7, 84, 326, 545, 0, 0, 0),
(347, '4915', '4915', 'TOCORÓN  NDA', '0249-798', 3, 7, 85, 291, 499, 0, 0, 0),
(348, '4999', '4199', 'MONTALBAN  NDA', '0249-798', 3, 7, 85, 149, 1, 0, 0, 0),
(349, '4203', '4231', 'PUERTO CABELLO', '0242-361,2', 3, 7, 87, 32, 0, 683, 136, 98),
(350, '4205', '4225S', 'LA SORPRESA', '0242-364,5', 3, 7, 87, 0, 0, 84, 13, 0),
(351, '4225', '4225S', 'LA SORPRESA  NDA', '0242-3654', 3, 7, 87, 0, 0, 84, 13, 0),
(352, '4232', '4232', 'CUMBOTO  NDA', '0242-3652,3', 3, 7, 87, 271, 0, 430, 116, 0),
(353, '4206', '4232', 'CUMBOTO', '0242-364,5', 3, 7, 87, 271, 0, 430, 116, 39),
(354, '4211', '4232P', 'EL PALITO', '0242-377', 3, 7, 87, 0, 0, 40, 0, 0),
(355, '4234', '4234', 'PALMA SOLA NORTE  NDA', '0242-372', 3, 7, 81, 260, 354, 0, 0, 0),
(356, '4235', '4235', 'PALMA SOLA SUR  NDA', '0242-372', 3, 7, 81, 255, 320, 0, 0, 0),
(357, '4236', '4236', 'SAN PABLO DE URAMA  NDA', '0242-372', 3, 7, 81, 261, 332, 0, 0, 0),
(358, '4208', '4233', 'MORON', '0242-372', 3, 7, 81, 137, 0, 289, 47, 0),
(359, '4347', '4358', 'SAMAN DE GÜERE  NDA', '0243-267,8,2697,8,9', 3, 4, 79, 298, 0, 120, 59, 0),
(360, '4348', '4348', 'MONTAÑA FRESCA I  NDA', '0243-237', 3, 4, 36, 152, 140, 0, 0, 0),
(361, '4349', '4349', 'MONTAÑA FRESCA II  NDA', '0243-237', 3, 4, 36, 224, 101, 0, 0, 0),
(362, '4304', '4304', 'LA CROQUERA  NDA', '0243-276', 3, 4, 43, 21, 160, 0, 0, 0),
(363, '4319', '4319', 'LOS AVIADORES NDA', '0243-271,2', 3, 4, 39, 390, 447, 0, 0, 0),
(364, '4333', '4333', 'SANTA RITA  NDA', '0243-271', 3, 4, 39, 568, 204, 0, 0, 0),
(365, '4334', '4334', 'VILLA ATHENEA  NDA', '0243-269', 3, 4, 48, 0, 100, 0, 0, 0),
(366, '4343', '4356', 'LAS ACACIAS  NDA', '0243-234,2366,7', 3, 4, 36, 0, 0, 417, 94, 0),
(367, '4309', '4356', 'LAS ACACIAS', '0243-235,6,236,8,9', 3, 4, 36, 0, 0, 417, 94, 88),
(368, '4310', '4326S', 'LOS SAMANES I', '0243-235', 3, 4, 36, 0, 0, 2, 0, 0),
(369, '4327', '4326S', 'LOS SAMANES II', '0243-272', 3, 4, 43, 0, 0, 2, 0, 0),
(370, '4326', '4360M', 'LA MORITA', '0243-271', 3, 4, 39, 0, 0, 418, 0, 0),
(371, '4346', '4341', 'PALO NEGRO  NDA', '0243-272', 3, 4, 43, 1515, 0, 986, 27, 0),
(372, '4322', '4341', 'PALO NEGRO', '0243-267', 3, 4, 43, 1515, 0, 986, 27, 17),
(373, '4306', '4353', 'LA BARRACA', '0243-232,237', 3, 4, 36, 0, 0, 96, 136, 55),
(374, '4345', '4353', 'LA BARRACA  NDA', '0243-233,2370,1', 3, 4, 36, 0, 0, 96, 136, 0),
(375, '4336', '4358', 'SAMAN DE GÜERE', '0243-269', 3, 4, 48, 298, 0, 120, 59, 2),
(376, '4365', '4365', 'BASE LIBERTADOR I  NDA', '0243-272', 3, 4, 36, 113, 0, 0, 0, 0),
(377, '4366', '4366', 'BASE LIBERTADOR I I  NDA', '0243-272', 3, 4, 43, 20, 4, 0, 0, 0),
(378, '4367', '4367', 'LOS HORNOS  NDA', '0243-272', 3, 4, 43, 1, 181, 0, 0, 0),
(379, '4370', '4370', 'LAS ESMERALDAS  NDA', '0243-276', 3, 4, 43, 312, 337, 0, 0, 0),
(380, '4373', '4373', 'LA PLACERA  NDA', '0243-238', 3, 4, 36, 178, 258, 0, 0, 0),
(381, '4374', '4374', 'GUASIMAL  NDA', '0243-238', 3, 4, 36, 208, 278, 0, 0, 0),
(382, '4375', '4375', 'NUEVA ESPERANZA  NDA', '0243-238', 3, 4, 36, 94, 170, 0, 0, 0),
(383, '4378', '4378', 'SAN JACINTO  NDA', '0243-238', 3, 4, 36, 113, 257, 0, 0, 0),
(384, '4438', '4438', 'FUNDA BARRIOS  NDA', '0244-661', 3, 4, 48, 0, 263, 0, 0, 0),
(385, '4439', '4439', 'TERRAZAS DE PAYA  NDA', '0244-661', 3, 4, 48, 103, 63, 0, 0, 0),
(386, '4453', '4453', 'EL CAMBUR  NDA', '0244-661', 3, 4, 48, 183, 327, 0, 0, 0),
(387, '4434', '4476', 'TURMERO  NDA', '0244-6613,4,5,8,9', 3, 4, 48, 249, 0, 1858, 28, 0),
(388, '4412', '4476', 'TURMERO', '0244-661,3', 3, 4, 48, 249, 0, 1858, 28, 0),
(389, '4352', '4352', 'EL LIMON  NDA', '0243-283,286', 3, 4, 44, 0, 0, 93, 38, 0),
(390, '4312', '4354', 'LAS DELICIAS', '0243-242,2427', 3, 4, 36, 1297, 0, 0, 169, 72),
(391, '4341', '4354', 'LAS DELICIAS  NDA', '0243-241,2428', 3, 4, 36, 1297, 0, 0, 169, 0),
(392, '4342', '4355', 'LA ROMANA  NDA', '0243-247,554,6', 3, 4, 36, 801, 0, 13, 114, 0),
(393, '4315', '4355', 'LA ROMANA', '0243-551,3,5543 al 5549', 3, 4, 36, 801, 0, 13, 114, 59),
(394, '4316', '4324R', 'LAS INDUSTRIAS', '0243-551,3', 3, 4, 37, 0, 0, 34, 86, 85),
(395, '4344', '4324R', 'LAS INDUSTRIAS  NDA', '0243-237', 3, 4, 36, 0, 0, 34, 86, 0),
(396, '4350', '4350', 'BASE SUCRE I  NDA', '0243-237', 3, 4, 36, 315, 206, 0, 0, 0),
(397, '4351', '4351', 'BASE SUCRE II (CABRERA) NDA', '0243-236', 3, 4, 36, 3, 143, 0, 0, 0),
(398, '4340', '4357', 'MARACAY CENTRO  NDA', '0243-245,2477', 3, 4, 36, 1233, 0, 823, 202, 0),
(399, '4314', '4357', 'MARACAY CENTRO', '0243-246,7,2454 al 2459', 3, 4, 36, 1233, 0, 823, 202, 64),
(400, '4361', '4331', 'CHORONI  NDA', '0243-991', 3, 4, 36, 172, 94, 0, 0, 0),
(401, '4359', '4359', 'OCUMARE DE LA COSTA  NDA', '0243-993', 3, 4, 45, 132, 258, 0, 0, 0),
(402, '4437', '4437', 'SAN OMERO  NDA', '0244-323', 3, 4, 42, 398, 13, 0, 0, 0),
(403, '4440', '4440', 'TIQUIRE FLORES  NDA', '0244-332', 3, 4, 42, 486, 1, 0, 0, 0),
(404, '4449', '4449', 'LA QUEBRADA  NDA', '0244-324', 3, 4, 41, 198, 361, 0, 0, 0),
(405, '4431', '4473', 'LA VICTORIA  NDA', '0244-321,3230,1,2,3', 3, 4, 41, 0, 0, 0, 310, 0),
(406, '4402', '4473', 'LA VICTORIA', '0244-322', 3, 4, 41, 0, 0, 0, 310, 74),
(407, '4422', '4473E', 'TEJERIAS', '0244-334', 3, 4, 49, 0, 0, 713, 0, 0),
(408, '4473-8', '4421', 'EL CONSEJO  NDA', '0244-3320,1,2', 3, 4, 42, 394, 60, 0, 0, 0),
(409, '4471', '4471', 'COLONIA TOVAR  NDA', '0244-355', 3, 4, 51, 48, 126, 0, 0, 0),
(410, '4425', '4475S', 'ZUATA', '0244-336', 3, 4, 41, 0, 0, 0, 0, 0),
(411, '4430', '4441', 'CAGUA  NDA', '0244-395,6,3963,4,5,6,447', 3, 4, 50, 0, 0, 3237, 26, 0),
(412, '4435', '4435', 'LOS OVEROS  NDA', '0244-396', 3, 4, 48, 449, 277, 0, 0, 0),
(413, '4436', '4436', 'PRADO LA ENCRUCIJADA  NDA', '0244-396', 3, 4, 48, 345, 274, 0, 0, 0),
(414, '4335', '4335', 'JARDINES DE TURAGUA  NDA', '0243-261', 3, 4, 40, 94, 2, 0, 0, 0),
(415, '4444-5', '4444', 'SAN MATEO  NDA', '0244-352', 3, 4, 39, 282, 19, 0, 0, 0),
(416, '4446', '4446', 'ALÍ PRIMERA  NDA', '0244-397', 3, 4, 50, 99, 289, 0, 0, 0),
(417, '4447', '4447', 'EL HUETE  NDA', '0244-397', 3, 4, 50, 0, 287, 0, 0, 0),
(418, '4450', '4450', 'LA CURIA 1  NDA', '0244-352', 3, 4, 39, 71, 249, 0, 0, 0),
(419, '4377', '4477', 'SANTA CRUZ DE ARAGUA  NDA', '0243-2610,1', 3, 4, 40, 841, 0, 59, 69, 0),
(420, '4318', '4477', 'SANTA CRUZ DE ARAGUA', '0243-261', 3, 4, 40, 841, 0, 59, 69, 0),
(421, '4433', '4478', 'BELLA VISTA  NDA', '0244-395,3951', 3, 4, 50, 0, 11, 0, 0, 0),
(422, '4461', '4461', 'MAGDALENO  NDA', '0244-846', 3, 4, 53, 12, 66, 0, 0, 0),
(423, '4428', '4428', 'LAS TUNITAS NDA', '0244-385', 3, 4, 36, 121, 245, 0, 0, 0),
(424, '4451', '4451', 'TUCUTUNEMO 1  NDA', '0244-385', 3, 4, 36, 183, 273, 0, 0, 0),
(425, '4452', '4452', 'TUCUTUNEMO 2  NDA', '0244-385', 3, 4, 36, 30, 204, 0, 0, 0),
(426, '4414', '4463', 'VILLA DE CURA', '0244-386', 3, 4, 53, 323, 0, 1199, 37, 0),
(427, '4463', '4463', 'VILLA DE CURA  NDA', '0244-3868,9', 3, 4, 53, 323, 0, 1199, 37, 0),
(428, '4464', '4464', 'LA LAGUNITA  NDA', '0244-385', 3, 4, 36, 234, 308, 0, 0, 0),
(429, '4465', '4465', 'TOCORÓN SAN LUIS  NDA', '0244-846', 3, 4, 53, 334, 426, 0, 0, 0),
(430, '4466', '4466', 'TOCORÓN EL CARMÉN  NDA', '0244-846', 3, 4, 53, 323, 416, 0, 0, 0),
(431, '4432', '4479', 'LOS TANQUES  NDA', '0244-388,3888', 3, 4, 53, 51, 340, 0, 0, 0),
(432, '4600-1', '4501', 'SAN CASIMIRO  NDA', '0246-5270,1', 3, 4, 46, 0, 56, 0, 15, 0),
(433, '4664-5', '4502', 'SAN SEBASTIAN  NDA', '0246-521', 3, 4, 47, 298, 144, 0, 21, 0),
(434, '4625', '4625', 'CARMEN DE CURA  NDA', '0246-529', 3, 4, 38, 61, 275, 0, 0, 0),
(435, '4628', '4628', 'SANTA ROSA  NDA', '0246-626', 3, 4, 52, 338, 408, 0, 0, 0),
(436, '4629', '4629', 'UNIVERSITARIO  NDA', '0246-626', 3, 4, 52, 203, 323, 0, 0, 0),
(437, '4635', '4635', 'MANUEL SANTAMARÍA  NDA', '0246-626', 3, 4, 52, 217, 263, 0, 0, 0),
(438, '4603', '4503', 'BARBACOA  NDA', '0246-626', 3, 4, 52, 134, 182, 0, 0, 0),
(439, '4614-24', '4504', 'CAMATAGUA  NDA', '0246-5290,1', 3, 4, 38, 393, 607, 0, 16, 0),
(440, '4602', '4681', 'SAN JUAN DE LOS MORROS', '0246-431,2', 3, 12, 135, 0, 0, 5, 89, 0),
(441, '4681', '4681', 'S. JUAN DE LOS MORROS NDA', '0246-4328,9', 3, 12, 135, 0, 0, 5, 89, 0),
(442, '3821', '3821', 'PASO REAL  NDA', '0238-334', 3, 12, 134, 201, 319, 0, 0, 0),
(443, '3822', '3822', 'BAJO IPARE  NDA', '0238-334', 3, 12, 134, 116, 287, 0, 0, 0),
(444, '4613', '4621', 'ORTIZ', '0246-629', 3, 12, 139, 0, 160, 0, 0, 0),
(445, '3814', '4634', 'ALTAGRACIA DE ORITUCO', '0238-334', 3, 12, 134, 0, 0, 416, 58, 0),
(446, '3882', '4682', 'SAN JOSE DE GUARIBE  NDA', '0238-444', 3, 12, 142, 131, 4, 0, 0, 0),
(447, '4663', '4663', 'EL SOMBRERO  NDA', '0246-616', 3, 12, 136, 167, 60, 0, 0, 0),
(448, '3800', '4753', 'LEZAMA', '0238-321', 3, 12, 134, 8, 0, 0, 0, 0),
(449, '3524', '4724', 'LAS MERCEDES  NDA', '0235-779', 3, 12, 137, 138, 224, 0, 0, 0),
(450, '3541', '4741', 'VALLE DE LA PASCUA  NDA', '0235-3425,6', 3, 12, 131, 27, 0, 624, 48, 0),
(451, '3504', '4741', 'VALLE DE LA PASCUA', '0235-341,2,775', 3, 12, 131, 27, 0, 624, 48, 0),
(452, '3817', '4744', 'ZARAZA', '0238-762', 3, 12, 140, 228, 0, 0, 28, 0),
(453, '3844-5', '4744', 'ZARAZA  NDA', '0238-7621,2,5', 3, 12, 140, 228, 0, 0, 28, 0),
(454, '3542', '4742', 'CABRUTA  NDA', '0235-661', 3, 12, 137, 714, 815, 0, 0, 0),
(455, '3807', '4731', 'EL SOCORRO', '0238-558', 3, 12, 132, 332, 0, 0, 0, 0),
(456, '3812', '4733', 'SANTA MARIA DE IPIRE', '0238-778', 3, 12, 143, 300, 0, 0, 0, 0),
(457, '3513', '3513', 'CALANCHE 1  NDA', '0235-775', 3, 12, 131, 77, 338, 0, 0, 0),
(458, '3514', '3514', 'CALANCHE 2  NDA', '0235-775', 3, 12, 131, 68, 236, 0, 0, 0),
(459, '3518', '3518', 'LA ALGODONERA  NDA', '0235-661', 3, 12, 138, 454, 58, 0, 0, 0),
(460, '3818', '3818', 'PLAN SECA  NDA', '0238-762', 3, 12, 140, 293, 357, 0, 0, 0),
(461, '3819', '3819', 'CARLOS ANDRÉS PÉREZ  NDA', '0238-762', 3, 12, 140, 458, 527, 0, 0, 0),
(462, '3805', '4743', 'TUCUPIDO', '0238-552', 3, 12, 140, 0, 0, 0, 22, 0),
(463, '3816', '4737', 'SAN RAFAEL DE LAYA', '0238-445', 3, 12, 133, 0, 0, 0, 0, 0),
(464, '4631', '4631', 'GUAITOITO  NDA', '0246-872', 3, 12, 144, 182, 397, 0, 0, 0),
(465, '4630', '4630', 'LA CIUDADELA  NDA', '0246-872', 3, 12, 144, 221, 426, 0, 0, 0),
(466, '4632', '4632', 'CIUDAD IRANÍ  NDA', '0246-872', 3, 12, 144, 131, 347, 0, 0, 0),
(467, '4615', '4651', 'CALABOZO', '0246-871,2', 3, 12, 144, 0, 0, 2245, 78, 30),
(468, '4771', '4671', 'CAMAGUAN  NDA', '0247-741', 3, 12, 130, 14, 236, 0, 0, 0),
(469, '4806', '4924', 'PUERTO PAEZ', '0247-891', 3, 3, 33, 94, 0, 0, 0, 0),
(470, '7877-8', '4977', 'GUASDUALITO  NDA', '0278-332', 3, 3, 32, 307, 57, 0, 0, 0),
(471, '7812', '7812', 'FRANCISCO DE MIRANDA  NDA', '0278-332', 3, 3, 32, 474, 479, 0, 0, 0),
(472, '7813', '7813', 'EL GAMERO  NDA', '0278-332', 3, 3, 32, 361, 379, 0, 0, 0),
(473, '7815', '7815', 'AURORA  NDA', '0278-332', 3, 3, 32, 304, 355, 0, 0, 0),
(474, '7814', '7814', 'PUEBLO VIEJO  NDA', '0278-332', 3, 3, 32, 249, 341, 0, 0, 0),
(475, '4703', '4941', 'SAN FERNANDO DE APURE', '0247-341,2', 3, 3, 35, 238, 0, 1445, 60, 3),
(476, '4717', '4941P', 'SAN JUAN DE PAYARA', '0247-559', 3, 3, 33, 0, 0, 0, 0, 0),
(477, '4941', '4941', 'SAN FDO DE APURE  NDA', '0247-3418,9', 3, 3, 35, 238, 0, 1445, 60, 0),
(478, '4721', '4721', 'BUCARE 2  NDA', '0247-341', 3, 3, 35, 11, 149, 0, 0, 0),
(479, '4725', '4725', 'SANTA BARBARA  NDA', '0247-882', 3, 3, 29, 145, 192, 0, 0, 0),
(480, '4726', '4726', 'LAS MARAVILLAS  NDA', '0247-331', 3, 3, 31, 245, 90, 0, 0, 0),
(481, '4727', '4727', 'LOS CEDROS  NDA', '0247-364', 3, 3, 30, 169, 188, 0, 0, 0),
(482, '4735', '4735', 'LLANO FRESCO  NDA', '0247-364', 3, 3, 30, 127, 209, 0, 0, 0),
(483, '4736', '4736', 'EL JOBO  NDA', '0247-364', 3, 3, 30, 238, 293, 0, 0, 0),
(484, '4738', '4738', 'MUCURITAS  NDA', '0247-364', 3, 3, 30, 242, 286, 0, 0, 0),
(485, '4739', '4739', 'RIO APUE', '0247-331', 3, 3, 31, 58, 127, 0, 0, 0),
(486, '4745', '4745', 'LOS CENTAUROS  NDA', '0247-341,3', 3, 3, 35, 53, 304, 0, 0, 0),
(487, '4746', '4746', 'LA CAMPEREÑA  NDA', '0247-364', 3, 3, 30, 121, 363, 0, 0, 0),
(488, '4722,3', '4922', 'BIRUACA  NDA', '0247-364', 3, 3, 30, 0, 11, 0, 16, 0),
(489, '4731-2', '4931', 'ACHAGUAS  NDA', '0247-882', 3, 3, 29, 1082, 799, 0, 0, 0),
(490, '4043', '4943', 'MANTECAL  NDA', '0240-994', 3, 3, 31, 468, 362, 0, 0, 0),
(491, '4003', '4003', 'CORONEL FRANCISCO  NDA', '0240-928', 3, 3, 31, 0, 213, 0, 0, 0),
(492, '4005', '4005', 'EL SAMAN 1 NDA', '0240-994', 3, 3, 31, 68, 330, 0, 0, 0),
(493, '4006', '4006', 'EL SAMAN 2 NDA', '0240-994', 3, 3, 31, 42, 313, 0, 0, 0),
(494, '4007', '4007', 'APURITO NDA', '0240-994', 3, 3, 31, 18, 298, 0, 0, 0),
(495, '4715', '4951', 'BRUZUAL', '0240-996', 3, 3, 31, 0, 0, 0, 0, 0),
(496, '4763', '4963', 'EL RECREO  NDA', '0247-331', 3, 3, 35, 0, 3, 0, 0, 0),
(497, '4091', '4991', 'ELORZA  NDA', '0240-929', 3, 3, 34, 292, 277, 0, 13, 0),
(498, '7714', '4976', 'EL NULA', '0278-7721', 3, 3, 32, 0, 0, 0, 0, 0),
(499, '4800', '9313', 'PUERTO AYACUCHO', '0248-521', 3, 1, 3, 0, 0, 0, 11, 6),
(500, '4814', '9314', 'SAN FDO DE ATABAPO  NDA', '0248-541', 3, 1, 2, 25, 62, 0, 0, 0),
(501, '4815', '4815', 'PERIFERICO SUR  NDA', '0248-521', 3, 1, 3, 97, 319, 0, 0, 0),
(502, '4816', '4816', 'CERRO AUTANA  NDA', '0248-521', 3, 1, 3, 369, 781, 0, 0, 0),
(503, '4817', '4817', 'SAN ENRIQUE  NDA', '0248-521', 3, 1, 3, 242, 447, 0, 0, 0),
(504, '5820', '4856', 'TINACO  NDA', '0258-727', 4, 8, 98, 46, 0, 26, 22, 0),
(505, '5804', '4857', 'TINAQUILLO', '0258-766', 4, 8, 99, 4, 0, 195, 34, 0),
(506, '5802', '5802', 'LIBERTAD  NDA', '0258-251', 4, 8, 97, 249, 96, 0, 0, 0),
(507, '5805', '5805', 'LOS PROCERES  NDA', '0258-251', 4, 8, 97, 6, 2, 0, 0, 0),
(508, '5806', '5806', 'MATA ABDO  NDA', '0258-251', 4, 8, 97, 217, 13, 0, 0, 0),
(509, '5809', '5809', 'SAN RAMON  NDA', '0258-251', 4, 8, 97, 210, 19, 0, 0, 0),
(510, '5811', '5811', 'SAN CARLOS  NDA', '0258-251', 4, 8, 97, 693, 131, 0, 0, 0),
(511, '5813', '5813', 'SAN LUIS  NDA', '0258-727', 4, 8, 98, 623, 109, 0, 0, 0),
(512, '5814', '5814', 'VILLAS DE SANTA MARIA  NDA', '0258-727', 4, 8, 98, 109, 93, 0, 0, 0),
(513, '5817', '5817', 'BRISAS DE BNOS AIRES  NDA', '0258-727', 4, 8, 98, 80, 57, 0, 0, 0),
(514, '5818', '5818', 'MACAPO  NDA', '0258-727', 4, 8, 98, 279, 7, 0, 0, 0),
(515, '5819', '5819', 'PUEBLO NUEVO  NDA', '0258-727', 4, 8, 98, 241, 73, 0, 0, 0),
(516, '5821', '5821', 'CAÑO HONDO  NDA', '0258-252', 4, 8, 95, 513, 563, 0, 0, 0),
(517, '5822', '5822', 'CAMPO ALEGRE  NDA', '0258-251', 4, 8, 97, 406, 498, 0, 0, 0),
(518, '5823', '5823', 'APARTADERO  NDA', '0258-728', 4, 8, 91, 124, 388, 0, 0, 0),
(519, '5824', '5824', 'COJEDITO NDA', '0258-728', 4, 8, 91, 275, 607, 0, 0, 0),
(520, '5826', '5826', 'VALLECITO', '0258-766', 4, 8, 99, 147, 233, 0, 0, 0),
(521, '5829', '5829', 'EZEQUIEL ZAMORA  NDA', '0258-251', 4, 8, 97, 249, 427, 0, 0, 0),
(522, '5830', '5830', 'LA AGUADITA  NDA', '0258-766,7', 4, 8, 99, 221, 458, 0, 0, 0),
(523, '5831', '5831', 'CAÑO LOS INDIOS  NDA', '0258-766', 4, 8, 99, 225, 376, 0, 0, 0),
(524, '5832', '5832', 'LUIS ARIAS ANDRADE  NDA', '0258-252', 4, 8, 97, 265, 451, 0, 0, 0),
(525, '5833', '5833', 'COMPLEJO IRANI I  NDA', '0258-252', 4, 8, 97, 78, 339, 0, 0, 0),
(526, '5834', '5834', 'COMPLEJO IRANI 2  NDA', '0258-252', 4, 8, 97, 201, 416, 0, 0, 0),
(527, '5836', '5836', 'COMPLEJO IRANI 3  NDA', '0258-252', 4, 8, 97, 180, 336, 0, 0, 0),
(528, '5837', '5837', 'LA MAPORA  NDA', '0258-251', 4, 8, 97, 153, 248, 0, 0, 0),
(529, '5838', '5838', 'EL CACAO  NDA', '0258-252', 4, 8, 97, 90, 150, 0, 0, 0),
(530, '5839', '5839', 'EL POTRERO  NDA', '0258-252', 4, 8, 97, 152, 260, 0, 0, 0),
(531, '5812', '4873', 'EL BAUL', '0258-881', 4, 8, 92, 0, 0, 0, 0, 0),
(532, '5853', '4853', 'EL PAO  NDA', '0258-737', 4, 8, 94, 277, 8, 0, 0, 0),
(533, '5844', '4844', 'LAS VEGAS  NDA', '0258-251', 4, 8, 97, 228, 13, 0, 0, 0),
(534, '5803', '4813', 'SAN CARLOS  NDA', '0258-251', 4, 8, 97, 74, 0, 0, 49, 0),
(535, '5800', '4813', 'SAN CARLOS', '0258-433', 4, 8, 97, 74, 0, 0, 49, 0),
(536, '5152', '5141', 'CABUDARE  NDA', '0251-263,268', 4, 13, 150, 283, 0, 131, 82, 0),
(537, '5119', '5141', 'CABUDARE  II', '0251-261,2', 4, 13, 150, 283, 0, 131, 82, 39),
(538, '5120', '5141P', 'LA PIEDAD', '0251-262', 4, 13, 150, 0, 0, 349, 0, 0),
(539, '5121', '5141M', 'LA MORA P. AZUL', '0251-262,3', 4, 13, 150, 103, 0, 123, 0, 0),
(540, '5123', '5141C', 'CABUDARE  I', '0251-263', 4, 13, 150, 0, 0, 492, 0, 0),
(541, '5182', '5141M', 'LA MORA  NDA', '0251-269', 4, 13, 147, 103, 0, 123, 0, 0),
(542, '5022', '5022', 'CHIRGUA 4 VIAS  NDA', '0251-257', 4, 13, 147, 299, 413, 0, 0, 0),
(543, '5023', '5023', 'EL PLACER  NDA', '0251-268', 4, 13, 150, 33, 112, 0, 15, 0),
(544, '5024', '5024', 'TAMARINDO  NDA', '0251-268', 4, 13, 150, 208, 269, 0, 0, 0),
(545, '5030', '5030', 'ARENA PLAZA  NDA', '0251-257', 4, 13, 147, 184, 211, 0, 0, 0),
(546, '5031', '5031', 'LOS APAMATES  NDA', '0251-268', 4, 13, 150, 494, 552, 0, 0, 0),
(547, '5153', '5181', 'BARQUISIMETO  NDA', '0251-2336,7,8,9,2340', 4, 13, 147, 67, 0, 216, 220, 0),
(548, '5107', '5181', 'BARQUISIMETO', '0251-231,2,3', 4, 13, 147, 67, 0, 216, 220, 117),
(549, '5116', '5182', 'MORAN', '0251-252,2527 al 2529', 4, 13, 147, 34, 0, 1885, 129, 0),
(550, '5150', '5182', 'MORAN  NDA', '0251-250,251,267', 4, 13, 147, 34, 0, 1885, 129, 0),
(551, '5118', '5185', 'SANTA ELENA', '0251-254,5,2557 al 2559', 4, 13, 147, 564, 0, 2649, 115, 79),
(552, '5151', '5185', 'SANTA ELENA  NDA', '0251-253,267', 4, 13, 147, 564, 0, 2649, 115, 0),
(553, '5129', '5188', 'PATA E PALO', '0251-273', 4, 13, 147, 26, 0, 73, 0, 0),
(554, '5188', '5188', 'PATA E PALO  NDA', '0251-2737,8', 4, 13, 147, 26, 0, 73, 0, 0),
(555, '5112', '5112', 'TIERRA NEGRA  NDA', '0251-257', 4, 13, 147, 138, 339, 0, 0, 0),
(556, '5113', '5113', 'LA TOMATERA  NDA', '0251-257', 4, 13, 147, 133, 324, 0, 0, 0),
(557, '5122', '5122', 'INDIO MANAURE  NDA', '0251-257', 4, 13, 147, 18, 216, 0, 0, 0),
(558, '5128', '5128', 'LAS MARGARITAS  NDA', '0251-257', 4, 13, 147, 71, 149, 0, 0, 0),
(559, '5155', '5134', 'RIO CLARO  NDA', '0251-999', 4, 13, 147, 32, 129, 0, 0, 0),
(560, '5156', '5145', 'SARARE  NDA', '0251-992', 4, 13, 147, 16, 111, 0, 0, 0),
(561, '5135', '5135', 'VISTA VERDE  NDA', '0251-267', 4, 13, 147, 92, 43, 0, 0, 0),
(562, '5143', '5143', 'YUCATAN 1  NDA', '0251-848', 4, 13, 147, 81, 10, 0, 0, 0),
(563, '5146', '5146', 'YUCATAN 2  NDA', '0251-848', 4, 13, 147, 0, 1, 0, 0, 0),
(564, '5147', '5147', 'LA SABILA 2  NDA', '0251-848', 4, 13, 147, 255, 154, 0, 0, 0),
(565, '5148', '5148', 'LA FLORESTA  NDA', '0251-883', 4, 13, 147, 0, 78, 0, 0, 0),
(566, '5149', '5149', 'TAMACA CENTRO  NDA', '0251-848', 4, 13, 147, 156, 103, 0, 0, 0),
(567, '5159', '5159', 'PUERTA DEL SOL  NDA (NAR)', '0251-263', 4, 13, 150, 225, 55, 0, 0, 0),
(568, '5160', '5160', 'LA ESTANCIA  NDA', '0251-263', 4, 13, 150, 281, 88, 0, 0, 0),
(569, '5162', '5162', 'LAS CASITAS DEL CUJI 1  NDA', '0251-848,883', 4, 13, 147, 19, 6, 0, 0, 0),
(570, '5163', '5163', 'LA LIBERTAD  NDA', '0251-883', 4, 13, 147, 188, 61, 0, 0, 0),
(571, '5165', '5165', 'LAS ACACIAS  NDA', '0251-886', 4, 13, 147, 9, 1, 0, 0, 0),
(572, '5166', '5166', 'LA PLAYA  NDA', '0251-886', 4, 13, 147, 259, 173, 0, 0, 0),
(573, '5167', '5167', 'VALLE LINDO  NDA', '0251-886', 4, 13, 147, 336, 265, 0, 0, 0),
(574, '5168', '5168', 'LAS CASITAS DEL CUJI 2  NDA', '0251-848,883', 4, 13, 147, 11, 16, 0, 0, 0),
(575, '5170', '5170', 'LA SABILA 3  NDA', '0251-848', 4, 13, 147, 31, 298, 0, 0, 0),
(576, '5171', '5171', 'LA SABILA 1 NDA', '0251-848', 4, 13, 147, 190, 511, 0, 0, 0),
(577, '5173', '5173', 'LA SABILA 4  NDA', '0251-848', 4, 13, 147, 0, 268, 0, 0, 0),
(578, '5174', '5174', 'LAS VERITAS  NDA', '0251-886', 4, 13, 147, 365, 27, 0, 0, 0),
(579, '5176', '5176', 'VILLA CANTEVISTA  NDA', '0251-886', 4, 13, 147, 301, 110, 0, 0, 0),
(580, '5177', '5177', '1ERO DE MAYO  NDA', '0251-886', 4, 13, 147, 245, 99, 0, 0, 0),
(581, '5178', '5178', 'LLANO ALTO  NDA', '0251-883', 4, 13, 147, 386, 51, 0, 0, 0),
(582, '5179', '5179', 'EL CUJI CENTRO  NDA', '0251-886', 4, 13, 147, 317, 127, 0, 0, 0),
(583, '5390', '5190', 'DUACA  NDA', '0253-222', 4, 13, 146, 9, 7, 0, 0, 0),
(584, '5139', '5199', 'LAS CASITAS DEL CUJI 4  NDA', '0251-848,883', 4, 13, 147, 24, 68, 0, 0, 0),
(585, '5351', '5151', 'AGUADA GRANDE  NDA', '0253-343', 4, 13, 153, 20, 7, 0, 0, 0),
(586, '5007', '5007', 'LA APOSTOLEÑA 1 NDA', '0251-447,8', 4, 13, 147, 93, 233, 0, 0, 0),
(587, '5008', '5008', 'EL TOSTAO NDA', '0251-448', 4, 13, 147, 0, 189, 0, 0, 0),
(588, '5010', '5010', 'LA APOSTOLEÑA 2  NDA', '0251-447', 4, 13, 147, 65, 247, 0, 0, 0),
(589, '5026', '5026', 'LOMAS DE LEON  NDA', '0251-257', 4, 13, 147, 108, 190, 0, 0, 0),
(590, '5032', '5032', 'PAVIA  NDA', '0251-992', 4, 13, 147, 73, 238, 0, 0, 0),
(591, '5037', '5037', 'LOS POCITOS NDA', '0251-448', 4, 13, 147, 25, 187, 0, 0, 0),
(592, '5309', '5154', 'SANTA INES  NDA', '0253-336', 4, 13, 153, 140, 8, 0, 0, 0),
(593, '5333', '5333', 'EL PORVENIR  NDA', '0253-343', 4, 13, 153, 192, 242, 0, 0, 0),
(594, '5100', '5100', 'VILLAS DEL OESTE  NDA', '0251-267', 4, 13, 147, 141, 36, 0, 0, 0),
(595, '5101', '5101', 'AGUA VIVA  NDA', '0251-443,447', 4, 13, 147, 156, 339, 0, 0, 0);
INSERT INTO `central` (`idcentral`, `cccc`, `ubcc`, `nombre_central`, `seriales`, `idregion`, `idestado`, `idmunicipio`, `disp_voz`, `disp_abangn`, `disp_aba`, `disp_metro`, `disp_atmfr`) VALUES
(596, '5102', '5102', 'VILLA PRODUCTIVA  NDA', '0251-267', 4, 13, 147, 65, 1, 0, 0, 0),
(597, '5103', '5103', 'VILLA CREPUSCULAR 1 NDA', '0251-269', 4, 13, 147, 3, 7, 0, 0, 0),
(598, '5104', '5104', 'VILLA CREPUSCULAR 2 NDA', '0251-269', 4, 13, 147, 268, 42, 0, 0, 0),
(599, '5145', '5107', '24 DE JULIO  NDA', '0251-447', 4, 13, 147, 18, 388, 0, 0, 0),
(600, '5161', '5109', 'BATALLA 1 NDA', '0251-447', 4, 13, 147, 174, 349, 0, 0, 0),
(601, '5164', '5111', 'BATALLA 2 NDA', '0251-447', 4, 13, 147, 7, 266, 0, 0, 0),
(602, '5172', '5114', 'BOLÍVAR 1  NDA', '0251-447', 4, 13, 147, 42, 298, 0, 0, 0),
(603, '5175', '5116', 'BOLÍVAR 2  NDA', '0251-447', 4, 13, 147, 61, 360, 0, 0, 0),
(604, '5117', '5117', 'SAN JOSÉ OBRERO NDA', '0251-443,7', 4, 13, 147, 82, 364, 0, 0, 0),
(605, '5127', '5127', 'PRADOS DE OCCIDENTE  NDA', '0251-269', 4, 13, 147, 0, 92, 0, 0, 0),
(606, '5132', '5132', 'MONTE SUMA  NDA', '0251-443,447', 4, 13, 147, 32, 241, 0, 0, 0),
(607, '5137', '5137', 'LA LUCHA  NDA', '0251-443,8', 4, 13, 147, 9, 331, 0, 0, 0),
(608, '5140', '5140', 'EL COREANO  NDA', '0251-443,447', 4, 13, 147, 34, 362, 0, 0, 0),
(609, '5356', '5156', 'SIQUISIQUE  NDA', '0253-323', 4, 13, 153, 31, 145, 0, 0, 0),
(610, '5114', '5183', 'AYACUCHO', '0251-445,6,7', 4, 13, 147, 290, 0, 0, 43, 19),
(611, '5125', '5138C', 'LOS CREPUSCULOS', '0251-267', 4, 13, 147, 0, 0, 374, 0, 0),
(612, '5184', '5184', 'OBELISCO  NDA', '0251-4436,447,8', 4, 13, 147, 444, 0, 1603, 20, 0),
(613, '5110', '5184', 'OBELISCO', '0251-441,2,3', 4, 13, 147, 444, 0, 1603, 20, 13),
(614, '5111', '5130C', 'LA CARUCIEÑA', '0251-441,3', 4, 13, 147, 0, 0, 0, 0, 0),
(615, '5131', '5131', 'LARA PALACE  NDA', '0251-443', 4, 13, 147, 27, 7, 0, 0, 0),
(616, '5187', '5186', 'UNION  NDA', '0251-237', 4, 13, 147, 843, 0, 928, 132, 5),
(617, '5205', '5205', 'BARAGUA', '0252-775', 4, 13, 152, 35, 0, 0, 0, 0),
(618, '5154', '5187', 'SANTA ISABEL NDA', '0251-253', 4, 13, 147, 0, 0, 34, 45, 0),
(619, '5124', '5187', 'SANTA ISABEL', '0251-266', 4, 13, 147, 0, 0, 34, 45, 0),
(620, '5041', '5124I', 'LAS INDUSTRIAS NDA', '0251-269', 4, 13, 147, 0, 0, 609, 126, 0),
(621, '5042', '5124I', 'MERCABAR NDA', '0251-269', 4, 13, 147, 0, 0, 609, 126, 0),
(622, '5043', '5124I', 'MOYETONES 1 NDA', '0251-269', 4, 13, 147, 0, 0, 609, 126, 0),
(623, '5044', '5124I', 'MOYETONES 2 NDA', '0251-269', 4, 13, 147, 0, 0, 609, 126, 0),
(624, '5310', '5189', 'BOBARE  NDA', '0253-292', 4, 13, 147, 128, 18, 0, 0, 0),
(625, '5207', '5207', 'LA PASTORA  NDA', '0252-775', 4, 13, 152, 151, 413, 0, 0, 0),
(626, '5206', '5206', 'AREGUE  NDA', '0252-422', 4, 13, 152, 247, 355, 0, 0, 0),
(627, '5215', '5215', 'ANTONIO JOSÉ DE SUCRE  NDA', '0252-422', 4, 13, 152, 143, 317, 0, 0, 0),
(628, '5214', '5226C', 'CARORA  II', '0252-421,2', 4, 13, 152, 0, 0, 691, 0, 0),
(629, '5204', '5222', 'ATARIGUA', '0252-775', 4, 13, 152, 54, 0, 0, 0, 0),
(630, '5200', '5226', 'CARORA  I', '0252-421', 4, 13, 152, 0, 0, 0, 55, 0),
(631, '5316', '5161', 'EL TOCUYO', '0253-663', 4, 13, 149, 72, 0, 0, 17, 0),
(632, '5364', '5164', 'GUARICO  NDA', '0253-672', 4, 13, 149, 37, 2, 0, 0, 0),
(633, '5392', '5192', 'HUMOCARO ALTO  NDA', '0253-674', 4, 13, 149, 46, 16, 0, 0, 0),
(634, '5393', '5193', 'HUMOCARO BAJO  NDA', '0253-674', 4, 13, 149, 0, 5, 0, 0, 0),
(635, '5372', '5172', 'CUBIRO  NDA', '0253-444', 4, 13, 148, 6, 52, 0, 0, 0),
(636, '5308', '5194Q', 'QUIBOR', '0253-491', 4, 13, 148, 0, 0, 182, 8, 0),
(637, '5311', '5311', 'VILLA ACROPOLIS  NDA', '0253-663', 4, 13, 149, 142, 0, 0, 0, 0),
(638, '5332', '5332', 'TINTORERO  NDA', '0253-491', 4, 13, 148, 266, 410, 0, 0, 0),
(639, '5375', '5175', 'SANARE  NDA', '0253-449', 4, 13, 145, 0, 11, 0, 0, 0),
(640, '5303', '5449', 'AROA', '0253-2271', 4, 13, 146, 267, 0, 0, 0, 0),
(641, '5710', '5724', 'CAMPO ELIAS', '0272-8685', 4, 13, 303, 0, 0, 0, 0, 0),
(642, '5436', '5436', 'YUMARE  NDA', '0254-578', 4, 13, 308, 112, 103, 0, 0, 0),
(643, '5440', '5420', 'BORAURE  NDA', '0254-567', 4, 13, 307, 93, 147, 0, 0, 0),
(644, '5420', '5446', 'SAN FELIPE  NDA', '0254-234', 4, 13, 311, 10, 0, 1051, 107, 0),
(645, '5424', '5414', 'GUAMA  NDA', '0254-561', 4, 13, 312, 28, 24, 0, 14, 0),
(646, '5418', '5418', 'PRADOS DEL NORTE  NDA', '0254-232', 4, 13, 304, 103, 179, 0, 0, 0),
(647, '5400', '5446', 'SAN FELIPE', '0254-231,2,2341 al 5,556', 4, 13, 304, 10, 0, 1051, 107, 0),
(648, '5401', '5446C', 'COCOROTE', '0254-232', 4, 13, 304, 0, 0, 402, 0, 0),
(649, '5428', '5428', 'EL GUAYABO  NDA', '0254-562', 4, 13, 314, 265, 438, 0, 0, 0),
(650, '5450', '5450', 'FARRIAR  NDA', '0254-562', 4, 13, 314, 11, 101, 0, 0, 0),
(651, '5451', '5451', 'MARIN  NDA', '0254-555', 4, 13, 311, 223, 192, 0, 0, 0),
(652, '5425', '5425', 'JUAN JOSÉ DE MAYA 1  NDA', '0254-555', 4, 13, 311, 201, 414, 0, 0, 0),
(653, '5426', '5426', 'JUAN JOSÉ DE MAYA 2  NDA', '0254-555', 4, 13, 311, 161, 585, 0, 0, 0),
(654, '5427', '5427', 'EL CHARITO  NDA', '0254-555', 4, 13, 311, 26, 207, 0, 0, 0),
(655, '5180', '5180', 'LOS MANGOS  NDA', '0251-888', 4, 13, 306, 162, 127, 0, 0, 0),
(656, '5195', '5195', 'PRADOS DEL NORTE  NDA', '0251-888', 4, 13, 306, 289, 1, 0, 0, 0),
(657, '5196', '5196', 'ANDRES BELLO 1  NDA', '0251-888', 4, 13, 306, 440, 102, 0, 0, 0),
(658, '5197', '5197', 'ANDRES BELLO 2  NDA', '0251-888', 4, 13, 306, 231, 72, 0, 0, 0),
(659, '5198', '5198', 'VALLE LINDO 2  NDA', '0251-888', 4, 13, 306, 233, 82, 0, 0, 0),
(660, '5169', '5169', 'BRISAS DE CARORITA  NDA', '0251-888', 4, 13, 306, 173, 1, 0, 0, 0),
(661, '5136', '5448', 'CAMPO ELIAS  NDA', '0251-848', 4, 23, 303, 11, 110, 0, 0, 0),
(662, '5414', '5441', 'NIRGUA', '0254-572', 4, 23, 309, 746, 0, 0, 24, 0),
(663, '5452', '5452', 'SALOM  NDA', '0254-575', 4, 23, 309, 0, 65, 0, 0, 0),
(664, '5134', '5421', 'CHIVACOA', '0251-883', 4, 23, 303, 0, 0, 0, 38, 0),
(665, '5130', '5415', 'SABANA DE PARRA  NDA', '0251-888', 4, 23, 306, 21, 5, 0, 0, 0),
(666, '5108', '5416', 'URACHICHE  NDA', '0251-886', 4, 23, 313, 33, 10, 0, 0, 0),
(667, '5011', '5011', 'VILLAS DE YARA  NDA', '0251-482', 4, 23, 310, 244, 204, 0, 0, 0),
(668, '5012', '5012', 'LA ENSENADA  NDA', '0251-482', 4, 23, 310, 336, 409, 0, 0, 0),
(669, '5028', '5028', 'LA PIEDRA  NDA', '0251-482', 4, 23, 310, 177, 360, 0, 0, 0),
(670, '5181', '5118', 'CAMBURAL  NDA', '0251-482', 4, 23, 310, 153, 383, 0, 0, 0),
(671, '5019', '5419', 'YARITAGUA  NDA', '0251-4825,6', 4, 23, 310, 1115, 0, 0, 24, 0),
(672, '5133', '5419', 'YARITAGUA', '0251-482', 4, 23, 310, 1115, 0, 0, 24, 0),
(673, '5503', '5571', 'ACARIGUA', '0255-621,2,3, 778', 4, 18, 229, 0, 0, 399, 99, 24),
(674, '5504', '5515B', 'BARAURE', '0255-621,2', 4, 18, 229, 0, 0, 139, 0, 0),
(675, '5503', '5571R', 'RIO ACARIGUA', '0255-791', 4, 18, 223, 0, 0, 0, 0, 0),
(676, '5571', '5571', 'ACARIGUA  NDA', '0255-664', 4, 18, 229, 0, 0, 399, 99, 0),
(677, '5572', '5572', 'ARAURE  NDA', '0255-665', 4, 18, 223, 278, 191, 0, 0, 0),
(678, '5501', '5501', 'VILLAS DEL PILAR 1  NDA', '0255-665', 4, 18, 223, 24, 25, 0, 0, 0),
(679, '5502', '5502', 'VILLAS DEL PILAR 2  NDA', '0255-665', 4, 18, 223, 31, 31, 0, 0, 0),
(680, '5503', '5503', 'MONTAÑUELA  NDA', '0255-792', 4, 18, 223, 207, 239, 0, 0, 0),
(681, '5505', '5505', 'PRADOS DEL SOL MERCANTIL NDA', '0255-663', 4, 18, 223, 180, 236, 0, 0, 0),
(682, '5506', '5506', 'PRADOS DEL SOL MORICHAL NDA', '0255-663', 4, 18, 223, 358, 404, 0, 0, 0),
(683, '5525', '5525', 'VILLAS DEL PILAR 3  NDA', '0255-665', 4, 18, 222, 70, 141, 0, 0, 0),
(684, '5521', '5521', 'AGUA BLANCA  NDA', '0255-792', 4, 18, 223, 66, 5, 0, 0, 0),
(685, '5510', '5510', 'AGUA CLARA  NDA', '0255-664', 4, 18, 222, 53, 4, 0, 0, 0),
(686, '5524', '5524', 'VALLE ARRIBA  NDA', '0255-664', 4, 18, 229, 29, 22, 0, 0, 0),
(687, '5526', '5526', 'VENCEDORES DE ARAURE  NDA', '0255-665', 4, 18, 229, 202, 173, 0, 0, 0),
(688, '5527', '5527', 'PALMA REAL  NDA', '0255-665', 4, 18, 223, 49, 10, 0, 0, 0),
(689, '5528', '5528', 'OSPINO  NDA', '0256-328', 4, 18, 223, 365, 8, 0, 0, 0),
(690, '5529', '5529', 'VILLA COLONIAL  NDA', '0255-665', 4, 18, 228, 552, 430, 0, 0, 0),
(691, '5530', '5530', 'BUENAVENTURA  NDA', '0255-665', 4, 18, 223, 272, 194, 0, 0, 0),
(692, '5531', '5531', 'TAPA DE PIEDRA  NDA', '0255-624', 4, 18, 223, 6, 261, 0, 0, 0),
(693, '5532', '5532', 'BARRIO VENEZUELA  NDA', '0255-792', 4, 18, 223, 0, 304, 0, 0, 0),
(694, '5536', '5536', 'IRANÍ 1  NDA', '0255-663', 4, 18, 222, 267, 557, 0, 0, 0),
(695, '5537', '5537', 'TRICENTENARIA  NDA', '0255-665', 4, 18, 225, 19, 308, 0, 0, 0),
(696, '5534', '5534', 'IRANÍ 2  NDA', '0255-663', 4, 18, 223, 207, 397, 0, 0, 0),
(697, '5535', '5535', 'IRANÍ 3  NDA', '0255-663', 4, 18, 225, 268, 455, 0, 0, 0),
(698, '5538', '5538', 'CAMBURITO NORTE  NDA', '0255-664,5', 4, 18, 225, 179, 254, 0, 0, 0),
(699, '5539', '5539', 'CAMBURITO SUR  NDA', '0255-664,5', 4, 18, 229, 153, 196, 0, 0, 0),
(700, '5609', '5552', 'SANTA ROSALIA', '0256-338', 4, 18, 229, 1, 68, 0, 0, 0),
(701, '5561', '5561', 'LA MISION  NDA', '0256-368', 4, 18, 233, 7, 56, 0, 0, 0),
(702, '5673', '5573', 'LA APARICION  NDA', '0256-362', 4, 18, 235, 69, 74, 0, 0, 0),
(703, '5574', '5574', 'PAYARA  NDA', '0255-779', 4, 18, 228, 129, 27, 0, 0, 0),
(704, '5575', '5575', 'PIMPINELA  NDA', '0255-798', 4, 18, 229, 13, 67, 0, 0, 0),
(705, '5578', '5578', 'PIRITU  NDA', '0256-336', 4, 18, 229, 0, 8, 0, 0, 0),
(706, '5610', '5610', 'CHORO GONZALERO  NDA', '0256-321', 4, 18, 224, 359, 473, 0, 0, 0),
(707, '5611', '5611', 'LAS GUAFITAS  NDA', '0256-336', 4, 18, 235, 318, 592, 0, 0, 0),
(708, '5600', '5564', 'VILLA BRUZUAL', '0256-321', 4, 18, 224, 0, 0, 0, 0, 0),
(709, '5701', '5736', 'GUANARE', '0257-251,3', 4, 18, 235, 0, 0, 1128, 235, 0),
(710, '5702', '5736F', 'FRANCISCO DE MIRANDA', '0257-251,3', 4, 18, 225, 0, 0, 0, 0, 0),
(711, '5736', '5736', 'GUANARE  NDA', '0257-252', 4, 18, 225, 0, 0, 1128, 235, 0),
(712, '5732', '5736F', 'FRANCISCO DE MIRANDA  NDA', '0257-2536,8,9,256', 4, 18, 225, 0, 0, 0, 0, 0),
(713, '5746', '5736S', 'SAN FRANCISCO  NDA', '0257-251', 4, 18, 234, 0, 0, 0, 0, 0),
(714, '5713', '5713', 'MONSEÑOR UNDA  NDA', '0257-252', 4, 18, 225, 157, 391, 0, 0, 0),
(715, '5714', '5714', 'EL LIBERTADOR  NDA', '0257-252', 4, 18, 225, 148, 354, 0, 0, 0),
(716, '5717', '5717', 'MESA CAVACA  NDA', '0257-256', 4, 18, 225, 1, 84, 0, 0, 0),
(717, '5721', '5721', 'BOCONOITO  NDA', '0257-263', 4, 18, 234, 79, 58, 0, 0, 0),
(718, '5731', '5731', 'GUANARITO  NDA', '0257-771', 4, 18, 231, 343, 69, 0, 0, 0),
(719, '5705', '5733', 'PAPELON', '0257-2670', 4, 18, 226, 3, 0, 0, 0, 0),
(720, '5734', '5734', 'VIRGEN DE COROMOTO  NDA', '0257-253', 4, 18, 230, 12, 17, 0, 0, 0),
(721, '5735', '5735', 'EL PASEO  NDA', '0257-253', 4, 18, 225, 429, 45, 0, 0, 0),
(722, '5737', '5737', 'ALTOS DE LA COLONIA  NDA', '0257-256', 4, 18, 225, 96, 1, 0, 0, 0),
(723, '5741,2', '5741', 'BISCUCUY  NDA', '0257-882', 4, 18, 234, 77, 137, 0, 0, 0),
(724, '5744', '5744', 'CHABASQUEN  NDA', '0257-888', 4, 18, 234, 0, 128, 0, 0, 0),
(725, '6830', '5887', 'CORO CENTRO  NDA', '0268-251,2536,7,8', 4, 18, 227, 0, 0, 787, 95, 0),
(726, '6803', '5887', 'CORO CENTRO', '0268-252,3,2539', 5, 11, 119, 0, 0, 787, 95, 77),
(727, '6814', '5816V', 'LA VELA', '0268-277,2778', 5, 11, 119, 1118, 0, 460, 21, 0),
(728, '6846', '5816V', 'LA VELA  NDA', '0268-278', 5, 11, 110, 1118, 0, 460, 21, 0),
(729, '6889-90', '5889', 'PUERTO CUMAREBO  NDA', '0268-7471,2', 5, 11, 129, 664, 1181, 0, 0, 0),
(730, '6823', '6823', 'JUAN CRISOS. FALCON  NDA', '0268-277', 5, 11, 110, 428, 23, 0, 0, 0),
(731, '6824', '6824', 'LAS EUGENIAS  NDA', '0268-277', 5, 11, 129, 19, 59, 0, 0, 0),
(732, '6825', '6825', 'MONSEÑOR ITURRIZA  NDA', '0268-277', 5, 11, 110, 332, 9, 0, 0, 0),
(733, '6826', '6826', 'ARISTIDES CALVANI  NDA', '0268-277', 5, 11, 110, 549, 110, 0, 0, 0),
(734, '6827', '6827', 'INDEPENDENCIA  NDA', '0268-277', 5, 11, 110, 490, 234, 0, 0, 0),
(735, '6828', '6828', 'LOS CARDONES  NDA', '0268-277', 5, 11, 110, 94, 15, 0, 0, 0),
(736, '6832', '6832', 'LAS MALVINAS  NDA', '0268-278', 5, 11, 110, 137, 349, 0, 0, 0),
(737, '6841', '6841', 'SABANA LARGA  NDA', '0268-757', 5, 11, 110, 139, 302, 0, 0, 0),
(738, '6893', '6893', 'VILLA FUTURO  NDA', '0268-251', 5, 11, 129, 373, 113, 0, 0, 0),
(739, '6835', '5825', 'TOCOPERO  NDA', '0268-774', 5, 11, 110, 339, 129, 0, 0, 0),
(740, '6888', '5888', 'PIRITU  NDA', '0268-757', 5, 11, 119, 126, 14, 0, 0, 0),
(741, '6892', '5892', 'PEDREGAL  NDA', '0268-881', 5, 11, 126, 626, 448, 0, 0, 0),
(742, '7981', '5881', 'CAPATARIDA  NDA ', '0279-823', 5, 11, 110, 344, 254, 0, 0, 0),
(743, '7954', '5854', 'DABAJURO  NDA', '0279-828', 5, 11, 112, 137, 47, 0, 0, 0),
(744, '7982', '5882', 'MENE MAUROA  NDA', '0279-892', 5, 11, 107, 222, 350, 0, 0, 0),
(745, '6863-64', '5863', 'CHURUGUARA   NDA', '0268-992', 5, 11, 111, 625, 20, 0, 0, 0),
(746, '6894', '5890', 'MAPARARI  NDA', '0268-993', 5, 11, 118, 107, 72, 0, 0, 0),
(747, '6891', '5891', 'STA CRUZ DE BUCARAL  NDA', '0268-999', 5, 11, 114, 170, 7, 0, 0, 0),
(748, '6871', '5871', 'CABURE  NDA', '0268-661', 5, 11, 114, 96, 120, 0, 0, 0),
(749, '6873', '5873', 'LA CRUZ DE TARATARA  NDA', '0268-656', 5, 11, 127, 194, 183, 0, 0, 0),
(750, '6877', '5877', 'SAN LUIS  NDA', '0268-666', 5, 11, 122, 165, 80, 0, 0, 0),
(751, '6905', '5950', 'PUNTO FIJO  NDA', '0269-246,7,8,2456 al 2459', 5, 11, 125, 0, 710, 2654, 144, 83),
(752, '6955', '5954', 'PUNTA CARDON  NDA', '0269-248', 5, 11, 106, 1075, 202, 0, 120, 0),
(753, '6954', '5954C', 'PUERTA MARAVEN  NDA', '0269-244,6,8', 5, 11, 109, 0, 0, 746, 0, 0),
(754, '6933', '5933J', 'JUDIBANA  NDA', '0269-244,6,7', 5, 11, 109, 0, 0, 586, 0, 0),
(755, '6916', '5933J', 'CREOLANDIA  NDA', '0269-244,6,7', 5, 11, 109, 0, 0, 586, 0, 0),
(756, '6935', '5935', 'LOS TAQUES  NDA', '0269-2770,1,8,9', 5, 11, 117, 131, 190, 0, 0, 0),
(757, '6906', '5951', 'ADICORA  NDA', '0269-988', 5, 11, 117, 170, 194, 0, 0, 0),
(758, '6952', '5952', 'PUEBLO NUEVO  NDA', '0269-988', 5, 11, 117, 10, 64, 0, 0, 0),
(759, '6919', '6919', 'VILLA MARINA  NDA', '0269-277', 5, 11, 117, 130, 47, 0, 0, 0),
(760, '6920', '6920', 'LAS MERCEDES  NDA', '0269-277', 5, 11, 113, 396, 28, 0, 0, 0),
(761, '6921', '6921', 'LOS ROSALES  NDA', '0269-277', 5, 11, 113, 685, 106, 0, 0, 0),
(762, '6922', '6922', 'LA COLONIA  NDA', '0269-277', 5, 11, 117, 0, 36, 0, 0, 0),
(763, '6923', '6923', 'CIUDAD PARAGUANA  NDA', '0269-277', 5, 11, 117, 228, 39, 0, 0, 0),
(764, '6924', '6924', 'SECTOR UNIVERSITARIO  NDA', '0269-277', 5, 11, 117, 28, 45, 0, 0, 0),
(765, '6925', '6925', 'PARAGUANÁ MALL  NDA', '0269-244', 5, 11, 117, 496, 24, 0, 30, 0),
(766, '6926', '6926', 'AMUAY  NDA', '0269-277', 5, 11, 117, 241, 421, 0, 0, 0),
(767, '6929', '6929', 'LA CANDELARIA  NDA', '0269-244', 5, 11, 117, 17, 285, 0, 0, 0),
(768, '6936', '6936', 'OASIS  NDA', '0269-277', 5, 11, 117, 0, 100, 0, 0, 0),
(769, '6953', '5953', 'SANTA ANA  NDA', '0269-988', 5, 11, 117, 181, 6, 0, 0, 0),
(770, '4218', '5835', 'TOCUYO DE LA COSTA', '0259-931', 5, 11, 117, 0, 0, 0, 0, 0),
(771, '4220', '5842', 'CAPADARE', '0259-932', 5, 11, 117, 352, 0, 0, 0, 0),
(772, '4213', '5916', 'TUCACAS', '0259-812', 5, 11, 113, 2006, 0, 0, 0, 0),
(773, '5917', '5917', 'BOCA DE AROA  NDA', '0259-811', 5, 11, 120, 155, 233, 0, 0, 0),
(774, '4217', '5918', 'CHICHIRIVICHE', '0259-815', 5, 11, 105, 0, 0, 653, 24, 0),
(775, '4219', '5919', 'SAN JUAN DE LOS CAYOS', '0259-932', 5, 11, 116, 11, 0, 0, 0, 0),
(776, '5920', '5920', 'MIRIMIRE  NDA', '0259-934', 5, 11, 116, 208, 7, 0, 0, 0),
(777, '4223', '5921', 'YARACAL', '0259-938', 5, 11, 120, 266, 26, 0, 0, 0),
(778, '6131', '6115', 'FRONTERAS', '0261-749,757', 5, 11, 105, 0, 0, 1856, 119, 66),
(779, '6156', '6115', 'FRONTERAS  NDA', '0261-744,5,7498,9', 5, 11, 124, 0, 0, 1856, 119, 0),
(780, '6005', '6005', 'ISLA DORADA  NDA', '0261-744', 5, 11, 108, 437, 482, 0, 0, 0),
(781, '6105', '6105', 'EL MAMON  NDA', '0261-744', 5, 24, 328, 268, 361, 0, 0, 0),
(782, '6109', '6109', 'COSTA ROSMINI  NDA', '0261-732', 5, 24, 328, 861, 222, 0, 0, 0),
(783, '6108', '6110', 'LA GUAJIRITA  NDA', '0261-744', 5, 24, 328, 344, 542, 0, 0, 0),
(784, '6112', '6112', 'OASIS COUNTRY I  NDA', '0261-732', 5, 24, 328, 152, 20, 0, 0, 0),
(785, '6113', '6113', 'LOS COMPATRIOTAS  NDA', '0261-749', 5, 24, 328, 341, 401, 0, 0, 0),
(786, '6120', '6120', 'BARRIO BLANCO  NDA', '0261-744', 5, 24, 328, 129, 716, 0, 0, 0),
(787, '6138', '6138', 'PATRIA BOLIVARIANA  NDA', '0261-776', 5, 24, 328, 433, 537, 0, 0, 0),
(788, '6132', '6182', 'LAS DELICIAS', '0261-751,2,9,783', 5, 24, 328, 383, 0, 402, 225, 46),
(789, '6151', '6182', 'LAS DELICIAS  NDA', '0261-761,2,5,6', 5, 24, 328, 383, 0, 402, 225, 0),
(790, '6154', '6183', 'COQUIVACOA  NDA', '0261-7439,744,745', 5, 24, 327, 1741, 0, 1035, 126, 0),
(791, '6121', '6183', 'COQUIVACOA', '0261-741,2,3', 5, 24, 328, 1741, 0, 1035, 126, 7),
(792, '6122', '6185', 'LAGOMAR', '0261-748', 5, 24, 327, 40, 0, 0, 0, 0),
(793, '6135', '6171', 'LA LAGO', '0261-764,5', 5, 24, 328, 1189, 0, 0, 20, 0),
(794, '6115', '6189', 'SAN FELIPE', '0261-731,2', 5, 24, 328, 286, 0, 0, 0, 58),
(795, '6149', '6189', 'SAN FELIPE  NDA', '0261-7326,7,8', 5, 24, 328, 286, 0, 0, 0, 0),
(796, '6006', '6006', 'EL SOL  NDA', '0261-766', 5, 24, 328, 167, 264, 0, 0, 0),
(797, '6016', '6016', 'SOLER VI  NDA', '0261-737', 5, 24, 331, 260, 307, 0, 0, 0),
(798, '6017', '6017', 'SOLER V  NDA', '0261-737,8', 5, 24, 324, 93, 218, 0, 0, 0),
(799, '6101', '6101', 'EL MUSEO  NDA', '0261-733', 5, 24, 328, 319, 563, 0, 0, 0),
(800, '6184', '6118', 'VILLA PARAISO  NDA', '0261-766', 5, 24, 331, 376, 228, 0, 0, 0),
(801, '6185', '6121', 'MA VIEJA  NDA', '0261-766', 5, 24, 324, 126, 349, 0, 0, 0),
(802, '6161', '6161', 'BETULIO GONZALEZ  NDA', '0261-765', 5, 24, 228, 157, 133, 0, 0, 0),
(803, '6162', '6162', 'LA ENCRUCIJADA (LOMAS) NDA', '0261-738', 5, 24, 328, 0, 110, 0, 0, 0),
(804, '6163', '6163', 'ANGELICA LUSINCHI  NDA', '0261-738', 5, 24, 328, 191, 181, 0, 0, 0),
(805, '6172', '6172', 'EL MANANTIAL  NDA', '0261-766', 5, 24, 331, 147, 366, 0, 0, 0),
(806, '6191', '6191', 'LOS CORTIJOS I  NDA', '0261-791', 5, 24, 324, 6, 0, 0, 0, 0),
(807, '6190', '6190', 'LOS CORTIJOS II  NDA', '0261-791', 5, 24, 324, 0, 0, 0, 0, 0),
(808, '6157', '6218', 'LAS INDUSTRIAS  NDA', '0261-7332,3,4,7388,9', 5, 24, 328, 1296, 0, 10, 233, 0),
(809, '6117', '6218', 'LAS INDUSTRIAS', '0261-734,5,6,7,8', 5, 24, 328, 1296, 0, 10, 233, 0),
(810, '6118', '6187R', 'EL TREBOL', '0261-736', 5, 24, 328, 0, 0, 815, 136, 14),
(811, '6114', '6189F', 'SAN FELIPE', '0261-731', 5, 24, 328, 0, 0, 0, 36, 0),
(812, '6251', '6251', 'CHIQUINQUIRA  NDA', '0262-2548', 5, 24, 328, 185, 64, 0, 0, 0),
(813, '6134', '6273', 'SAN FRANCISCO', '0261-762,7626', 5, 24, 331, 0, 0, 0, 75, 17),
(814, '6150', '6273', 'SAN FRANCISCO  NDA', '0261-761,5', 5, 24, 331, 0, 0, 0, 75, 0),
(815, '6169', '6169', 'FUNDA BARRIOS I  NDA', '0261-737', 5, 24, 324, 17, 3, 0, 0, 0),
(816, '6170', '6170', 'FUNDA BARRIOS II  NDA', '0261-734,7', 5, 24, 327, 42, 145, 0, 0, 0),
(817, '6173', '6173', 'SOLER I  NDA', '0261-737', 5, 24, 331, 156, 241, 0, 0, 0),
(818, '6174', '6174', 'SOLER II  NDA', '0261-737,8', 5, 24, 328, 227, 1, 0, 0, 0),
(819, '6176', '6176', 'SOLER III  NDA', '0261-737', 5, 24, 328, 458, 3, 0, 0, 0),
(820, '6177', '6177', 'EL CAUJARO  I (V. CHINITA) NDA', '0261-737', 5, 24, 331, 311, 1, 0, 0, 0),
(821, '6178', '6178', 'EL CAUJARO  II  NDA', '0261-734', 5, 24, 328, 0, 4, 0, 0, 0),
(822, '6179', '6179', 'VILLA DEL SUR I  NDA', '0261-734', 5, 24, 331, 17, 34, 0, 0, 0),
(823, '6180', '6180', 'VILLA DEL SUR II  NDA', '0261-734', 5, 24, 331, 205, 20, 0, 0, 0),
(824, '6277', '6277', 'EL CARMELO  NDA', '0262-245', 5, 24, 328, 216, 89, 0, 0, 0),
(825, '6278-83', '6278', 'LA CAÑADA  NDA', '0262-242', 5, 24, 328, 459, 156, 0, 0, 0),
(826, '6208', '6279', 'POTRERITO', '0262-3511', 5, 24, 328, 64, 0, 0, 0, 0),
(827, '6204', '6280', 'LOS CORTIJOS', '0262-2447', 5, 24, 324, 0, 0, 0, 0, 0),
(828, '6001', '6001', 'SANTA LUCÍA  NDA', '0261-724', 5, 24, 324, 230, 262, 0, 0, 0),
(829, '6144', '6181', 'BELLA VISTA', '0261-797,8', 5, 24, 324, 4537, 0, 1075, 318, 67),
(830, '6153', '6124', 'BELLA VISTA  III  NDA', '0261-791,7936,7', 5, 24, 331, 101, 0, 879, 329, 0),
(831, '6143', '6124', 'BELLA VISTA  III', '0261-792,3,7938 al 7939', 5, 24, 328, 101, 0, 879, 329, 98),
(832, '0', '6225', 'BELLA VISTA  III - DLC', '0261-848,858,959', 5, 24, 328, 39, 0, 0, 0, 0),
(833, '6241-2', '6141', 'SAN RAFAEL DEL MOJAN  NDA', '0262-872', 5, 24, 328, 292, 123, 0, 32, 0),
(834, '6158', '6213', 'URDANETA  NDA', '0261-729', 5, 24, 328, 422, 0, 0, 201, 0),
(835, '6110', '6213', 'URDANETA', '0261-721,2,3', 5, 24, 328, 422, 0, 0, 201, 95),
(836, '6111', '6122H', 'LOS HATICOS', '0261-723', 5, 24, 327, 1123, 0, 792, 90, 0),
(837, '6145', '6122H', 'LOS HATICOS', '0261-729', 5, 24, 328, 1123, 0, 792, 90, 0),
(838, '6224', '6224', 'PARAGUAIPOA  NDA', '0262-969', 5, 24, 328, 430, 26, 0, 0, 0),
(839, '6240', '6240', 'TAMARE - MARA  NDA', '0262-868', 5, 24, 328, 384, 96, 0, 0, 0),
(840, '6271', '6271', 'ISLA DE TOAS  NDA', '0262-867', 5, 24, 328, 19, 18, 0, 0, 0),
(841, '6215', '6275', 'SANTA CRUZ DE MARA', '0262-879', 5, 24, 328, 201, 0, 0, 0, 0),
(842, '6282', '6282', 'VILLA TAMARE  NDA', '0262-868', 5, 24, 327, 100, 169, 0, 0, 0),
(843, '6276', '6276', 'CARRASQUERO  NDA', '0262-994', 5, 24, 315, 371, 56, 0, 0, 0),
(844, '6128', '6184', 'LOS OLIVOS', '0261-753,4,5,6,778', 5, 24, 327, 0, 0, 916, 71, 1),
(845, '6127', '6132P', 'PANAMERICANA', '0261-755,6', 5, 24, 327, 21, 0, 1105, 32, 0),
(846, '6130', '6145A', 'EL AMPARO', '0261-756', 5, 24, 327, 601, 0, 1493, 0, 0),
(847, '6129', '6186L', 'CUATRICENTENARIA', '0261-755,6,778', 5, 24, 328, 1763, 0, 710, 0, 0),
(848, '6155', '6186L', 'CUATRICENTENARIA  NDA', '0261-7788,9,788', 5, 24, 328, 1763, 0, 710, 0, 0),
(849, '6152', '6184', 'LOS OLIVOS  NDA', '0261-776,7784,5', 5, 24, 331, 0, 0, 916, 71, 0),
(850, '6125', '6145A', 'EL AMPARO  NDA', '0261-732', 5, 24, 328, 601, 0, 1493, 0, 0),
(851, '6002', '6002', 'SAN AGUSTÍN  NDA', '0261-732', 5, 24, 328, 48, 395, 0, 0, 0),
(852, '6003', '6003', 'SOL AMADO 4  NDA', '0261-733', 5, 24, 328, 300, 383, 0, 0, 0),
(853, '6004', '6004', 'MONTE SANTO  NDA', '0261-733', 5, 24, 317, 196, 303, 0, 0, 0),
(854, '6007', '6007', 'LUIS ANGEL GARCIA  NDA', '0261-776', 5, 24, 317, 260, 391, 0, 0, 0),
(855, '6008', '6008', 'CASSIANO LOZADA 1  NDA', '0261-799', 5, 24, 328, 242, 405, 0, 0, 0),
(856, '6009', '6009', 'CASSIANO LOZADA 2  NDA', '0261-799', 5, 24, 328, 336, 459, 0, 0, 0),
(857, '6010', '6010', 'CASSIANO LOZADA 3  NDA', '0261-799', 5, 24, 328, 255, 445, 0, 0, 0),
(858, '6011', '6011', 'CALENDARIO  NDA', '0261-799', 5, 24, 328, 181, 357, 0, 0, 0),
(859, '6012', '6012', 'LA LAGUNITA  NDA', '0261-799', 5, 24, 328, 215, 198, 0, 0, 0),
(860, '6013', '6013', 'SAN ISIDRO 2  NDA', '0261-799', 5, 24, 328, 146, 168, 0, 0, 0),
(861, '6014', '6014', 'RAFAEL URDANETA  NDA', '0261-799', 5, 24, 328, 254, 372, 0, 0, 0),
(862, '6015', '6015', 'LA ROSITA  NDA', '0261-799', 5, 24, 328, 126, 159, 0, 0, 0),
(863, '6104', '6104', 'PIEDRAS DEL SOL  NDA', '0261-733', 5, 24, 328, 201, 162, 0, 0, 0),
(864, '6107', '6107', 'CHINO JULIO  NDA', '0261-744,9', 5, 24, 328, 213, 598, 0, 0, 0),
(865, '6124', '6111', 'BAJO SECO  NDA', '0261-776', 5, 24, 328, 34, 287, 0, 0, 0),
(866, '6141', '6114', 'MODELO  NDA', '0261-776', 5, 24, 328, 49, 429, 0, 0, 0),
(867, '6116', '6116', 'PARAISO NORTE  NDA', '0261-776', 5, 24, 328, 231, 394, 0, 0, 0),
(868, '6126', '6126', 'GUANIPA MATOS  NDA', '0261-776', 5, 24, 328, 111, 554, 0, 0, 0),
(869, '6136', '6136', 'BARRIO OBRERO 2  NDA', '0261-776', 5, 24, 328, 294, 486, 0, 0, 0),
(870, '6140', '6140', 'TORITO FERNANDEZ  NDA', '0261-776', 5, 24, 328, 240, 437, 0, 0, 0),
(871, '6146', '6146', 'JOSÉ FÉLIX RIBAS  NDA', '0261-776', 5, 24, 328, 261, 417, 0, 0, 0),
(872, '6147', '6147', 'BICENTENARIO  NDA', '0261-776', 5, 24, 328, 55, 282, 0, 0, 0),
(873, '6028', '6128', 'SAN MIGUEL  NDA', '0261-778,7888,9', 5, 24, 328, 0, 0, 747, 112, 0),
(874, '6139', '6128', 'SAN MIGUEL', '0261-786,7,8', 5, 24, 328, 0, 0, 747, 112, 16),
(875, '6137', '6188C', 'CAMPO ALEGRE', '0261-786,7', 5, 24, 328, 386, 0, 0, 0, 0),
(876, '6088', '6188C', 'CAMPO ALEGRE  NDA', '0261-799', 5, 24, 328, 386, 0, 0, 0, 0),
(877, '6123', '6123', 'CUJICITO  NDA', '0261-744', 5, 24, 328, 179, 454, 0, 0, 0),
(878, '6159', '6159', 'LA MONTAÑITA  NDA', '0261-778', 5, 24, 328, 33, 8, 0, 0, 0),
(879, '6160', '6160', 'LOS MODINES  NDA', '0261-776,8', 5, 24, 328, 140, 64, 0, 0, 0),
(880, '6164', '6164', 'ALTOS DEL SOL AMADO  NDA', '0261-738', 5, 24, 328, 36, 219, 0, 0, 0),
(881, '6165', '6165', 'CUATRICENTENARIO  NDA', '0261-738', 5, 24, 328, 188, 0, 0, 0, 0),
(882, '6166', '6166', 'LA PASTORA  NDA', '0261-738', 5, 24, 328, 349, 0, 0, 0, 0),
(883, '6167', '6167', 'REY DE REYES  NDA', '0261-738', 5, 24, 328, 123, 57, 0, 0, 0),
(884, '6212', '6212', 'LO DE DORIA NDA', '0262-243', 5, 24, 324, 246, 323, 0, 0, 0),
(885, '6175', '6175', 'SAN ISIDRO  NDA', '0261-788,799', 5, 24, 328, 57, 333, 0, 0, 0),
(886, '6222', '6222', 'EL ARAGUANEY  NDA', '0262-242', 5, 24, 328, 217, 305, 0, 0, 0),
(887, '6223', '6223', 'LOS JOVITOS  NDA', '0262-242', 5, 24, 328, 188, 268, 0, 0, 0),
(888, '6226', '6226', 'LA TRINIDAD  NDA', '0262-244', 5, 24, 328, 178, 300, 0, 0, 0),
(889, '6227', '6227', 'LOS TOTUMOS  NDA', '0262-243', 5, 24, 324, 410, 547, 0, 0, 0),
(890, '6228', '6228', 'LOS ROSALES  NDA', '0262-243', 5, 24, 324, 531, 704, 0, 0, 0),
(891, '6202', '6262', 'CAMPO LA CONCEPCION  NDA', '0262-243', 5, 24, 328, 259, 253, 0, 32, 0),
(892, '6210', '6281', 'LA PAZ', '0262-8661', 5, 24, 328, 0, 0, 0, 0, 0),
(893, '6502', '6561', 'CIUDAD OJEDA', '0265-631,2,662', 5, 24, 328, 1545, 0, 521, 87, 158),
(894, '6501', '6563M', 'TAMARE', '0265-631', 5, 24, 322, 0, 0, 142, 0, 0),
(895, '6503', '6564O', 'UNION', '0265-641', 5, 24, 322, 0, 0, 0, 0, 0),
(896, '6504', '6561J', 'TIA JUANA', '0265-651', 5, 24, 325, 0, 0, 44, 0, 158),
(897, '6561', '6561', 'CIUDAD OJEDA  NDA', '0265-6321,2,4', 5, 24, 325, 1545, 0, 521, 87, 0),
(898, '6505', '6505', 'EL DANTO I  NDA', '0265-641', 5, 24, 325, 416, 254, 0, 0, 0),
(899, '6506', '6506', 'EL DANTO II  NDA', '0265-641', 5, 24, 333, 228, 202, 0, 0, 0),
(900, '6510', '6510', 'AMERICA ARAUJO  NDA', '0265-642', 5, 24, 325, 257, 407, 0, 0, 0),
(901, '6511', '6511', 'RANCHO BELLO  NDA', '0265-641', 5, 24, 325, 547, 169, 0, 0, 0),
(902, '6512', '6512', 'NUEVA VENEZUELA  NDA', '0265-651', 5, 24, 325, 140, 288, 0, 0, 0),
(903, '6513', '6513', 'JOSÉ FELIX RIVAS 3  NDA', '0265-642', 5, 24, 317, 355, 482, 0, 0, 0),
(904, '6714', '6514', 'PUEBLO NUEVO  NDA', '0267-862', 5, 24, 325, 96, 192, 0, 0, 0),
(905, '6515', '6515', 'CAMPO LARA', '0265-642', 5, 24, 317, 180, 226, 0, 0, 0),
(906, '6520', '6520', 'GUAICAIPURO  NDA', '0267-632', 5, 24, 333, 100, 252, 0, 0, 0),
(907, '6509', '6521', 'LAGUNILLAS ( FURGON )', '0265-672,3', 5, 24, 317, 0, 0, 151, 23, 0),
(908, '6522', '6522', 'LAS VEGAS  NDA', '0267-632', 5, 24, 316, 107, 319, 0, 0, 0),
(909, '6523', '6523', 'EL POLVENIR  NDA', '0265-632', 5, 24, 325, 150, 292, 0, 0, 0),
(910, '6524', '6524', 'SAN BENITO  NDA', '0265-641', 5, 24, 325, 309, 468, 0, 0, 0),
(911, '6725', '6525', 'EL VENADO  NDA', '0267-358', 5, 24, 325, 200, 98, 0, 0, 0),
(912, '6741', '6541', 'BACHAQUERO  NDA', '0267-352', 5, 24, 325, 18, 7, 0, 0, 0),
(913, '6601', '6601', 'LOS HORNITOS  NDA', '0266-321', 5, 24, 325, 17, 66, 0, 0, 0),
(914, '6707', '6707', 'SABANA DE MACHANGO  NDA', '0267-358', 5, 24, 335, 329, 429, 0, 0, 0),
(915, '6709', '6709', 'EL REMOLINO  NDA', '0267-358', 5, 24, 335, 338, 458, 0, 0, 0),
(916, '6710', '6710', 'EL TIGRE  NDA', '0267-876', 5, 24, 329, 231, 410, 0, 0, 0),
(917, '6711', '6711', 'OASIS VILLA  NDA', '0267-876', 5, 24, 335, 102, 594, 0, 0, 0),
(918, '6712', '6712', 'SAN JUAN  NDA', '0267-876', 5, 24, 335, 205, 335, 0, 0, 0),
(919, '6713', '6713', 'CONCEPCIÓN 7  NDA', '0267-876', 5, 24, 316, 234, 680, 0, 0, 0),
(920, '6753', '6553', 'MENE GRANDE  NDA', '0267-876', 5, 24, 316, 213, 0, 0, 0, 0),
(921, '7146', '7146', 'SANTA ISABEL  NDA', '0271-667', 5, 24, 316, 348, 487, 0, 0, 0),
(922, '7147', '7147', 'EL GALLO  NDA', '0271-667', 5, 24, 316, 58, 119, 0, 0, 0),
(923, '6755', '6555', 'SAN TIMOTEO  NDA', '0267-856', 5, 24, 316, 104, 96, 0, 0, 0),
(924, '6306', '6341', 'MACHIQUES', '0263-473', 5, 24, 316, 0, 0, 0, 0, 0),
(925, '6307', '6307', 'SAN IGNACIO  NDA', '0263-456', 5, 24, 316, 149, 216, 0, 0, 0),
(926, '6309', '6309', 'SINGAPUR  NDA', '0263-473', 5, 24, 316, 219, 262, 0, 0, 0),
(927, '6310', '6310', 'SIMÓN BOLÍVAR  NDA', '0263-473', 5, 24, 326, 148, 285, 0, 0, 0),
(928, '6304', '6322', 'LAS PIEDRAS', '0263-456', 5, 24, 330, 124, 160, 0, 0, 0),
(929, '6342', '6342', 'SAN JOSE DE PERIJA  NDA', '0263-446', 5, 24, 326, 258, 160, 0, 0, 0),
(930, '6300', '6331', 'VILLA DEL ROSARIO', '0263-451', 5, 24, 326, 30, 0, 0, 0, 0),
(931, '6403', '6451', 'CABIMAS CENTRO', '0264-241', 5, 24, 330, 6, 0, 2103, 119, 54),
(932, '6408', '6452C', 'LAS CABILLAS', '0264-371', 5, 24, 326, 5, 0, 394, 0, 0),
(933, '6407', '6453', 'LOS LAURELES', '0264-261', 5, 24, 330, 0, 0, 263, 0, 0),
(934, '6406', '6415', 'DELICIAS', '0264-251', 5, 24, 317, 1585, 0, 912, 39, 0),
(935, '6405', '6415', 'DELICIAS - CABIMAS  NDA', '0264-2515,6', 5, 24, 317, 1585, 0, 912, 39, 0),
(936, '6411', '6411', 'POSTES NEGROS  NDA', '0264-2517', 5, 24, 317, 151, 200, 0, 0, 0),
(937, '6413', '6413', 'CAMPO LINDO  NDA', '0264-251', 5, 24, 317, 237, 157, 0, 0, 0),
(938, '6414', '6414', 'LAS ACACIAS  NDA', '0264-251', 5, 24, 317, 55, 57, 0, 0, 0),
(939, '6416', '6416', 'VILLA FELIZ  NDA', '0264-261', 5, 24, 317, 280, 192, 0, 0, 0),
(940, '6418', '6418', 'C. DE BELLO MONTE I  NDA', '0264-299', 5, 24, 317, 106, 33, 0, 0, 0),
(941, '6419', '6419', 'EL JABILLO  NDA', '0264-2991', 5, 24, 317, 498, 271, 0, 0, 0),
(942, '6422', '6422', 'MIRANDA  NDA', '0264-252', 5, 24, 317, 79, 157, 0, 0, 0),
(943, '6423', '6423', 'LA VACA  NDA', '0264-299', 5, 24, 333, 336, 475, 0, 0, 0),
(944, '6415', '6424', 'SANTA RITA', '0264-934,6', 5, 24, 333, 552, 0, 0, 0, 0),
(945, '6421', '6424', 'SANTA RITA  NDA', '0264-9343,4,5,6', 5, 24, 317, 552, 0, 0, 0, 0),
(946, '6425', '6425', 'VILLA DE SAN JOSÉ  NDA', '0264-252', 5, 24, 333, 374, 289, 0, 0, 0),
(947, '6427', '6427', 'OLALLA  NDA', '0264-934', 5, 24, 332, 76, 148, 0, 0, 0),
(948, '6428', '6428', 'LA CAÑAITA  NDA', '0264-934', 5, 24, 332, 59, 173, 0, 0, 0),
(949, '6429', '6429', 'VILLA RITA  NDA', '0264-934', 5, 24, 317, 17, 279, 0, 0, 0),
(950, '6409', '6452', 'LAS CABILLAS', '0264-371', 5, 24, 332, 1386, 0, 652, 83, 18),
(951, '6452', '6452', 'LAS CABILLAS  NDA', '0264-372', 5, 24, 332, 1386, 0, 652, 83, 0),
(952, '6454', '6454', 'PUNTA GORDA  NDA', '0264-299', 5, 24, 332, 29, 59, 0, 16, 0),
(953, '6455', '6455', 'EL MENE  NDA', '0264-281', 5, 24, 317, 95, 2, 0, 16, 0),
(954, '6600', '6441', 'PUERTOS  DE ALTAGRACIA', '0266-321', 5, 24, 317, 0, 0, 0, 0, 0),
(955, '6604', '6445', 'SABANETA DE PALMA', '0266-375', 5, 24, 333, 0, 0, 0, 0, 0),
(956, '7506', '6816', 'SANTA BARBARA DEL ZULIA', '0275-555', 5, 24, 332, 0, 0, 0, 0, 0),
(957, '7501', '6831', 'CASIGUA EL CUBO', '0275-353', 5, 24, 317, 0, 0, 0, 0, 0),
(958, '7522', '6817', 'EL GUAYABO  NDA', '0275-333', 5, 24, 329, 466, 96, 0, 0, 0),
(959, '7505', '6818', 'ENCONTRADOS', '0275-515', 5, 24, 319, 179, 0, 0, 0, 0),
(960, '0', '6819', 'SANTA CRUZ DEL ZULIA', '0275-558', 5, 24, 318, 196, 0, 0, 0, 0),
(961, '7503', '6836', 'PUEBLO NUEVO - EL CHIVO', '0275-443', 5, 24, 318, 41, 0, 0, 0, 0),
(962, '7121', '6839', 'BOBURES', '0271-779', 5, 24, 318, 96, 96, 0, 0, 0),
(963, '7140', '6840', 'GIBRALTAR  NDA', '0271-774', 5, 24, 319, 168, 144, 0, 0, 0),
(964, '7143', '6843', 'EL BATEY  NDA', '0271-767', 5, 24, 320, 75, 2, 0, 0, 0),
(965, '7160', '7181', 'VALERA  NDA', '0271-225', 5, 24, 334, 29, 0, 97, 147, 0),
(966, '7160', '7182', 'VALERA CENTRO  NDA', '0271-2218,9', 5, 24, 334, 130, 0, 35, 0, 0),
(967, '7103', '7182', 'VALERA CENTRO', '0271-221,5', 5, 24, 334, 130, 0, 35, 0, 0),
(968, '7103', '7182N', 'NIQUITAO', '0271-885', 5, 21, 299, 0, 0, 0, 0, 0),
(969, '7114', '7152B', 'BETIJOQUE', '0271-663', 5, 21, 229, 0, 0, 0, 0, 0),
(970, '7104', '7183L', 'LIMONCITOS', '0271-231,878', 5, 21, 299, 0, 0, 1036, 78, 0),
(971, '7183', '7183L', 'LIMONCITOS  NDA', '0271-2317,8', 5, 21, 298, 0, 0, 1036, 78, 0),
(972, '7162', '7162', 'LAS LOMAS  NDA', '0271-225', 5, 21, 294, 122, 134, 0, 0, 0),
(973, '7112-3', '7116', 'LA BEATRIZ  NDA', '0271-2351,6', 5, 21, 299, 150, 242, 0, 0, 0),
(974, '7134', '7124', 'LA QUEBRADA', '0271-885', 5, 21, 299, 0, 0, 0, 0, 0),
(975, '7108', '7184', 'CARVAJAL', '0271-244', 5, 21, 299, 0, 0, 554, 0, 0),
(976, '7154', '7132', 'ESCUQUE', '0271-295', 5, 21, 299, 16, 0, 0, 0, 0),
(977, '7141', '7185', 'MOTATAN', '0271-2492', 5, 21, 298, 186, 248, 0, 0, 0),
(978, '7142', '7135', 'MESETA DE CHIMPIRE', '0271-2931', 5, 21, 295, 0, 0, 0, 0, 0),
(979, '7152', '7142', 'LA MESA DE ESNUJAQUE  NDA', '0271-886', 5, 21, 285, 9, 14, 0, 0, 0),
(980, '7187', '7187', 'MENDOZA FRIA  NDA', '0271-881', 5, 21, 291, 4, 46, 0, 0, 0),
(981, '7188', '7188', 'EL DIVIDIVE  NDA', '0271-666', 5, 21, 295, 70, 162, 0, 0, 0),
(982, '7155', '7155', 'SABANA DE MENDOZA  NDA', '0271-6690,4', 5, 21, 298, 196, 457, 0, 0, 0),
(983, '7119', '7165', 'LA CEIBA', '0271-668', 5, 21, 299, 0, 0, 0, 0, 0),
(984, '7118', '7172', 'EL JAGUITO', '0271-6671', 5, 21, 289, 5, 0, 0, 0, 0),
(985, '7158', '7249', 'ZONA RICA', '0271-6680', 5, 21, 296, 6, 0, 0, 0, 0),
(986, '7454', '7454', 'TIMOTES  NDA', '0271-828', 5, 21, 288, 160, 109, 0, 0, 0),
(987, '7157', '7457', 'CHACHOPO  NDA', '0271-858', 5, 21, 280, 24, 125, 0, 0, 0),
(988, '7201', '7245', 'TRUJILLO CENTRO', '0272-236', 5, 21, 288, 0, 0, 578, 7, 0),
(989, '7131', '7215', 'SAN LAZARO  NDA', '0271-888', 5, 21, 289, 48, 191, 0, 0, 0),
(990, '7216', '7216', 'LOS RÍOS  NDA', '0272-671', 5, 21, 289, 0, 110, 0, 0, 0),
(991, '7218', '7218', 'TOROCOCO NDA', '0272-995', 5, 21, 284, 156, 170, 0, 0, 0),
(992, '7212', '7222', 'MONAY', '0272-6589', 5, 21, 297, 60, 25, 0, 0, 0),
(993, '7223', '7223', 'MONAY NDA', '0272-658', 5, 21, 297, 155, 244, 0, 0, 0),
(994, '7246', '7246', 'PAMPAN  NDA', '0272-678', 5, 21, 297, 0, 81, 0, 0, 0),
(995, '7247', '7247', 'PAMPANITO  NDA', '0272-671', 5, 21, 293, 57, 37, 0, 0, 0),
(996, '7213', '7231', 'CARACHE  NDA', '0272-9991', 5, 21, 292, 7, 82, 0, 0, 0),
(997, '7248', '7248', 'CUICAS  NDA', '0272-9894', 5, 21, 292, 5, 98, 0, 0, 0),
(998, '7235', '7235', 'EL PRADO  NDA', '0272-672', 5, 21, 293, 934, 1887, 0, 0, 0),
(999, '7215', '7242', 'CHEJENDE', '0272-995', 5, 21, 284, 30, 18, 0, 0, 0),
(1000, '7226', '7226', 'SANTA ANA  NDA', '0272-6885', 5, 21, 284, 156, 123, 0, 0, 0),
(1001, '7202', '7251', 'BOCONO', '0272-652', 5, 21, 293, 1, 0, 0, 0, 0),
(1002, '7210', '7253', 'BATATAL', '0272-684', 5, 21, 283, 0, 0, 0, 0, 0),
(1003, '7133', '7257', 'SAN JOSE DE TOSTOS', '0271-8841', 5, 21, 293, 31, 0, 0, 0, 0),
(1004, '7328', '7341', 'BARINAS  NDA', '0273-552', 5, 21, 281, 0, 0, 0, 87, 0),
(1005, '7303', '7341', 'BARINAS', '0273-532,3,541,5524 al 5529', 5, 21, 281, 0, 0, 0, 87, 70),
(1006, '7303', '7341C', 'CIUDAD BOLIVIA', '0273-921', 5, 21, 281, 0, 0, 0, 0, 0),
(1007, '7303', '7341L', 'LA CARAMUCA', '0273-923', 1, 5, 58, 0, 0, 0, 0, 0),
(1008, '7335', '7341S', 'SOCOPO', '0273-928', 1, 5, 58, 0, 0, 480, 19, 0),
(1009, '7302', '7342B', 'ALTO BARINAS', '0273-533,541', 1, 5, 58, 0, 0, 663, 12, 0),
(1010, '7304', '7343B', 'AGUSTIN CODAZZI', '0273-532,3,541', 1, 5, 58, 0, 0, 21, 0, 0),
(1011, '7341', '7342B', 'ALTO BARINAS  NDA', '0273-5419', 1, 5, 56, 0, 0, 663, 12, 0),
(1012, '7343', '7343B', 'AGUSTIN CODAZZI  NDA', '0273-542', 1, 5, 58, 0, 0, 21, 0, 0),
(1013, '7305', '7305', 'JUAN PABLO II  NDA', '0273-546', 1, 5, 58, 10, 117, 0, 0, 0),
(1014, '7306', '7306', 'MI JARDIN  NDA', '0273-546', 1, 5, 58, 0, 115, 0, 0, 0),
(1015, '7318', '7318', 'MIRI NDA', '0273-927', 1, 5, 58, 218, 457, 0, 0, 0),
(1016, '7325', '7325', 'LA PAZ  NDA', '0273-535', 1, 5, 58, 0, 268, 0, 0, 0),
(1017, '7330', '7330', 'EL COROZO  NDA', '0273-923', 1, 5, 58, 346, 475, 0, 0, 0),
(1018, '7332', '7332', '24 DE JUNIO  NDA', '0273-775', 1, 5, 58, 57, 315, 0, 0, 0),
(1019, '7333', '7333', 'LA MULA  NDA', '0273-923', 1, 5, 58, 66, 276, 0, 0, 0),
(1020, '7349', '7349', 'LA ROSALEDA (LIRIOS) NDA', '0273-663', 1, 5, 58, 10, 110, 0, 0, 0),
(1021, '7350', '7350', 'LOS POMELOS  NDA', '0273-541', 1, 5, 59, 596, 107, 0, 0, 0),
(1022, '7355', '7355', 'COLINAS DEL LLANO I  NDA', '0273-663', 1, 5, 58, 0, 169, 0, 0, 0),
(1023, '7356', '7356', 'COLINAS DEL LLANO II  NDA', '0273-663', 1, 5, 58, 69, 0, 0, 0, 0),
(1024, '7357', '7357', 'COLINAS DEL LLANO III  NDA', '0273-663', 1, 5, 58, 447, 62, 0, 0, 0),
(1025, '7358', '7358', 'LINDA BARINAS  NDA', '0273-541', 1, 5, 58, 363, 36, 0, 0, 0),
(1026, '7359', '7359', 'EL CAFETAL  NDA', '0273-663', 1, 5, 58, 634, 195, 0, 0, 0),
(1027, '7362', '7362', 'CIUDAD TAVACARE 1  NDA', '0273-664', 1, 5, 58, 121, 316, 0, 0, 0),
(1028, '7363', '7363', 'CIUDAD TAVACARE 2  NDA', '0273-664', 1, 5, 58, 123, 280, 0, 0, 0),
(1029, '7364', '7364', 'CIUDAD TAVACARE 3  NDA', '0273-664', 1, 5, 58, 267, 400, 0, 0, 0),
(1030, '7365', '7365', 'CIUDAD TAVACARE 4  NDA', '0273-664', 1, 5, 58, 137, 264, 0, 12, 0),
(1031, '7367', '7367', 'CIUDAD TAVACARE 5 NDA', '0273-664', 1, 5, 58, 687, 961, 0, 0, 0),
(1032, '7468', '7468', 'CIUDAD TAVACARE 6  NDA', '0273-664', 1, 5, 58, 0, 0, 0, 0, 0),
(1033, '7371', '7371', 'OBISPO  NDA', '0273-664', 1, 5, 58, 238, 408, 0, 0, 0),
(1034, '7376', '7376', 'ROSA INÉS  NDA', '0273-923', 1, 5, 58, 18, 200, 0, 0, 0),
(1035, '7817', '7817', 'STA BARBARA BARINAS  NDA', '0278-222', 1, 5, 58, 147, 157, 0, 0, 0),
(1036, '7818', '7818', 'PEDRAZA LA VIEJA  NDA', '0278-339', 1, 5, 58, 279, 479, 0, 0, 0),
(1037, '7360', '7360', 'LAS PALMAS  NDA', '0273-663', 1, 5, 58, 275, 247, 0, 0, 0),
(1038, '7372', '7372', 'QUEBRADA SECA  NDA', '0273-535', 1, 5, 61, 230, 388, 0, 0, 0),
(1039, '7370', '7370', 'VILLA NUEVA  NDA', '0273-663', 1, 5, 61, 354, 208, 0, 0, 0),
(1040, '7316', '7322', 'BARINITAS', '0273-871', 1, 5, 58, 4743, 0, 0, 20, 0),
(1041, '7312', '7322', 'BARINITAS  NDA', '0273-8715', 1, 5, 58, 4743, 0, 0, 20, 0),
(1042, '7319', '7319', 'FLOR AMARILLO  NDA', '0273-775', 1, 5, 58, 204, 387, 0, 0, 0),
(1043, '7329', '7329', 'BARRANCAS  NDA', '0273-771', 1, 5, 59, 86, 354, 0, 0, 0),
(1044, '7310', '7331', 'BARRANCAS DE BARINAS', '0273-771', 1, 5, 59, 113, 401, 0, 0, 0),
(1045, '7334', '7334', 'SABANETA  NDA', '0273-775', 1, 5, 59, 29, 1, 0, 0, 0),
(1046, '7336', '7336', 'LAS VEGUITAS  NDA', '0273-778', 1, 5, 60, 192, 129, 0, 0, 0),
(1047, '7307', '7344', 'CUATRICENTENARIA', '0273-546', 1, 5, 60, 128, 0, 424, 0, 0),
(1048, '7323', '7341B', 'BUM  BUM', '0273-925', 1, 5, 59, 0, 0, 0, 0, 0),
(1049, '7344', '7344', 'CUATRICENTENARIA  NDA', '0273-542', 1, 5, 54, 128, 0, 424, 0, 0),
(1050, '7327', '7345', 'CALDERAS', '0273-886', 1, 5, 58, 84, 0, 0, 0, 0),
(1051, '7346', '7346', 'LIBERTAD  NDA', '0273-663', 1, 5, 58, 437, 318, 0, 0, 0),
(1052, '7347', '7347', 'CHAMETA  NDA', '0273-927', 1, 5, 58, 132, 2, 0, 0, 0),
(1053, '7810-11', '7352', 'SANTA BARBARA  NDA', '0278-222', 1, 5, 58, 98, 8, 0, 0, 0),
(1054, '7808', '7353', 'CAPITANEJO', '0278-3391', 1, 5, 58, 0, 0, 0, 0, 0),
(1055, '7373', '7373', 'LAS TERRAZAS 1  NDA', '0273-871', 1, 5, 58, 225, 314, 0, 0, 0),
(1056, '7374', '7374', 'LAS TERRAZAS 2  NDA', '0273-871', 1, 5, 61, 293, 413, 0, 0, 0),
(1057, '7375', '7375', 'LAS TERRAZAS 3  NDA', '0273-871', 1, 5, 61, 494, 571, 0, 0, 0),
(1058, '7322', '7361', 'CIUDAD BOLIVIA', '0273-921', 1, 5, 59, 34, 0, 0, 0, 0),
(1059, '7806', '4978', 'EL AMPARO', '0278-333', 1, 5, 59, 21, 0, 0, 0, 0),
(1060, '7430', '7476', 'MERIDA CENTRO  NDA', '0274-2512,3,252', 1, 5, 59, 272, 0, 50, 58, 0),
(1061, '7400', '7476', 'MERIDA CENTRO', '0274-251', 1, 5, 63, 272, 0, 50, 58, 93),
(1062, '7404', '7477', 'SANTA MARIA', '0274-244,5', 1, 5, 51, 27, 0, 806, 105, 0),
(1063, '7477', '7477', 'SANTA MARIA  NDA', '0274-2454,8,9', 1, 14, 165, 27, 0, 806, 105, 0),
(1064, '7410', '7410', 'CARABOBO  NDA', '0274-260,266', 1, 14, 165, 0, 121, 0, 0, 0),
(1065, '7426', '7416', 'LA PEDREGOSA  NDA', '0274-848', 1, 14, 165, 431, 0, 11, 135, 0),
(1066, '7407', '7416', 'LA PEDREGOSA', '0274-266', 1, 14, 169, 431, 0, 11, 135, 0),
(1067, '7408', '7478C', 'URB. CARABOBO', '0274-266', 1, 14, 165, 0, 0, 0, 0, 0),
(1068, '7419', '7419', 'LAS GONZALES  NDA', '0274-245', 1, 14, 169, 8, 27, 0, 0, 0),
(1069, '7431', '7431', 'MUCUCHIES  NDA', '0274-872', 1, 14, 165, 52, 1, 0, 0, 0),
(1070, '7479', '7479', 'MUCURUBA  NDA', '0274-888', 1, 14, 165, 212, 69, 0, 0, 0),
(1071, '7434', '7434', 'TABAY  NDA', '0274-283', 1, 14, 165, 21, 45, 0, 0, 0),
(1072, '7441', '7441', 'APARTADEROS  NDA', '0274-888', 1, 14, 170, 68, 71, 0, 0, 0),
(1073, '7443', '7443', 'PUEBLO LLANO  NDA ', '0274-848', 1, 14, 170, 164, 137, 0, 0, 0),
(1074, '7321', '7480', 'SANTO DOMINGO', '0274-898', 1, 14, 172, 0, 0, 0, 0, 0),
(1075, '7423', '7413', 'TIBISAY', '0274-262', 1, 14, 170, 0, 0, 100, 87, 0),
(1076, '7413', '7413', 'TIBISAY  NDA', '0274-263', 1, 14, 169, 0, 0, 100, 87, 0),
(1077, '7402', '7402', 'SERRANIA CASA CLUB  NDA', '0274-266', 1, 14, 161, 400, 59, 0, 0, 0),
(1078, '7406', '7406', 'LOS GUAIRAMOS NDA', '0274-260', 1, 14, 165, 217, 248, 0, 0, 0),
(1079, '7420', '7420', 'SAN JUAN INREVI NDA', '0274-996', 1, 14, 165, 187, 222, 0, 0, 0),
(1080, '7409', '7421', 'LA PUNTA', '0274-271', 1, 14, 165, 381, 96, 347, 24, 0),
(1081, '7476', '7421', 'LA PUNTA  NDA', '0274-260,6', 1, 14, 165, 381, 96, 347, 24, 0),
(1082, '7417', '7463', 'EJIDO', '0274-221', 1, 14, 165, 367, 0, 477, 26, 14),
(1083, '7463', '7463', 'EJIDO  NDA', '0274-245', 1, 14, 165, 367, 0, 477, 26, 0),
(1084, '7471', '7471', 'LAGUNILLAS  NDA', '0274-996', 1, 14, 165, 731, 859, 0, 0, 0),
(1085, '7482', '7471', 'SAN JUAN DE LAGUNILLAS NDA', '0274-996', 1, 14, 165, 731, 859, 0, 0, 0),
(1086, '7502', '7502', 'PARQUE CHAMA  NDA', '0275-882', 1, 14, 159, 108, 1, 0, 0, 0),
(1087, '7507', '7507', 'CAÑO SECO  NDA', '0275-8828,9', 1, 14, 165, 22, 17, 0, 0, 0),
(1088, '7515', '7552', 'TOVAR', '0275-873', 1, 14, 173, 0, 0, 0, 0, 0),
(1089, '7514', '7514', 'BAILADORES  NDA', '0275-857', 1, 14, 154, 80, 317, 0, 0, 0),
(1090, '7516', '7516', 'LA PLAYA  NDA', '0275-878', 1, 14, 154, 99, 2, 0, 0, 0),
(1091, '7527', '7527', 'LA LAGUNITA  NDA', '0275-882', 1, 14, 174, 459, 491, 0, 0, 0),
(1092, '7528', '7528', 'LA PALMITA  NDA', '0275-882', 1, 14, 171, 285, 348, 0, 0, 0),
(1093, '7530', '7530', 'ALBERTO ADRIANI  NDA', '0275-877', 1, 14, 171, 280, 371, 0, 0, 0),
(1094, '7518', '7553', 'ZEA', '0275-877', 1, 14, 154, 318, 256, 0, 0, 0),
(1095, '7513', '7554', 'CANAGUA', '0275-868', 1, 14, 154, 0, 0, 0, 0, 0),
(1096, '7531', '7531', 'CHIGUARÁ  NDA', '0275-836', 1, 14, 176, 200, 120, 0, 0, 0),
(1097, '7535', '7535', 'MESA DE BOLIVAR  NDA', '0275-856', 1, 14, 176, 3, 0, 0, 0, 0),
(1098, '0', '7555', 'SANTA CRUZ DE MORA', '0275-867', 1, 14, 158, 61, 0, 0, 0, 0),
(1099, '7521', '7541', 'EL VIGIA', '0275-881,2', 1, 14, 173, 607, 0, 788, 120, 0),
(1100, '7541', '7541', 'EL VIGIA  NDA', '0275-8821,3,7', 1, 14, 156, 607, 0, 788, 120, 0),
(1101, '7526', '7526', 'BURBUQUI  NDA', '0275-882', 1, 14, 156, 124, 251, 0, 0, 0),
(1102, '7529', '7529', 'LOS NARANJOS  NDA', '0275-443', 1, 14, 154, 112, 261, 0, 0, 0),
(1103, '7564', '7545', 'LA AZULITA  NDA', '0274-9997', 1, 14, 154, 92, 1, 0, 0, 0),
(1104, '7456', '7556', 'STA ELENA DE ARENALES NDA', '0274-999', 1, 14, 154, 202, 177, 0, 0, 0),
(1105, '7551', '7551', 'TUCANI  NDA', '0275-444', 1, 14, 154, 11, 9, 0, 0, 0),
(1106, '7557', '7557', 'ALTA VISTA  NDA', '0275-8823', 1, 14, 155, 584, 53, 0, 0, 0),
(1107, '7421', '7558', 'MUCUJEPE', '0274-998', 1, 14, 155, 46, 135, 0, 0, 0),
(1108, '7128', '7560', 'ARAPUEY', '0271-778', 1, 14, 160, 77, 0, 0, 0, 0),
(1109, '7125', '7561', 'PALMARITO', '0271-774', 1, 14, 154, 142, 0, 0, 0, 0),
(1110, '7164', '7564', 'NUEVA BOLIVIA  NDA', '0271-772', 1, 14, 154, 122, 448, 0, 0, 0),
(1111, '7127', '7568', 'TORONDOY', '0271-775', 1, 14, 163, 79, 0, 0, 0, 0),
(1112, '7803', '7351', 'EL CANTON', '0278-262', 1, 14, 175, 206, 29, 45, 24, 0),
(1113, '7611', '7611', 'TUCAPE MEDIO  NDA', '0276-391', 1, 14, 175, 279, 362, 0, 0, 0),
(1114, '7612', '7612', 'TUCAPE BELLA VISTA  NDA', '0276-391', 1, 14, 164, 354, 439, 0, 0, 0),
(1115, '7613', '7613', 'ALTOS DE TUCAPE  NDA', '0276-391', 1, 20, 267, 77, 199, 0, 0, 0),
(1116, '7614', '7614', 'BARRANCAS I  NDA', '0276-391', 1, 20, 260, 39, 128, 0, 0, 0),
(1117, '7617', '7617', 'BARRANCAS II  NDA', '0276-391', 1, 20, 260, 60, 315, 0, 0, 0),
(1118, '7628', '7628', 'CAPACHITO  NDA', '0276-357', 1, 20, 260, 246, 288, 0, 0, 0),
(1119, '7629', '7629', 'CIELO AZUL  NDA', '0276-357', 1, 20, 260, 16, 103, 0, 0, 0),
(1120, '7631', '7631', 'LA LAJA  NDA', '0276-788', 1, 20, 260, 15, 220, 0, 0, 0),
(1121, '7632', '7632', 'BARRANCAS 3  NDA', '0276-391', 1, 20, 255, 269, 511, 0, 25, 0),
(1122, '7635', '7635', 'HATO DE LA VIRGEN  NDA', '0276-788', 1, 20, 255, 357, 422, 0, 0, 0),
(1123, '7638', '7638', 'PALO GORDO  NDA', '0276-788', 1, 20, 261, 425, 469, 0, 0, 0),
(1124, '7643', '7643', 'LOMAS BAJAS  NDA', '0276-788', 1, 20, 260, 445, 470, 0, 0, 0),
(1125, '7650', '7681', 'SAN CRISTOBAL  NDA', '0276-343,4', 1, 20, 261, 791, 0, 187, 125, 0),
(1126, '7604', '7681', 'SAN CRISTOBAL', '0276-341,2,3429', 1, 20, 261, 791, 0, 187, 125, 108),
(1127, '7605', '7691L', 'LAS LOMAS', '0276-341', 1, 20, 261, 0, 0, 0, 4, 0),
(1128, '7634', '7625P', 'PALMIRA', '0276-391,4', 1, 20, 273, 1191, 0, 0, 0, 0),
(1129, '7627', '7621C', 'CORDERO', '0276-396', 1, 20, 273, 0, 0, 213, 0, 0),
(1130, '7681', '7625P', 'PALMIRA  NDA', '0276-3912', 1, 20, 273, 1191, 0, 0, 0, 0),
(1131, '7685', '7685', 'INDEPENDENCIA  NDA', '0276-788,7883', 1, 20, 260, 28, 0, 0, 90, 0),
(1132, '7640', '7686', 'TARIBA', '0276-394', 1, 20, 251, 355, 0, 0, 166, 18),
(1133, '7686', '7686', 'TARIBA  NDA', '0276-391', 1, 20, 260, 355, 0, 0, 166, 0),
(1134, '7687', '7687', 'ZORCA  NDA', '0276-382', 1, 20, 261, 47, 2, 0, 0, 0),
(1135, '7623', '7713', 'BOROTA  NDA', '0276-748', 1, 20, 255, 314, 6, 0, 0, 0),
(1136, '7608', '7682', 'LA CONCORDIA', '0276-346,7,8', 1, 20, 260, 657, 0, 0, 133, 0),
(1137, '7604', '7682C', 'EL COROZO', '0276-346', 1, 20, 273, 0, 0, 0, 0, 0),
(1138, '7682', '7682', 'LA CONCORDIA  NDA', '0276-3482,3,4', 1, 20, 267, 657, 0, 0, 133, 0),
(1139, '7683', '7683', 'PIRINEOS  NDA', '0276-355', 1, 20, 273, 0, 0, 104, 181, 0),
(1140, '7609', '7683', 'PIRINEOS', '0276-353,6,3579', 1, 20, 273, 0, 0, 104, 181, 23),
(1141, '7639', '7684P', 'PARAMILLO II', '0276-353', 1, 20, 273, 60, 0, 0, 0, 7),
(1142, '7610', '7684A', 'PARAMILLO I(Fg)', '0276-356', 1, 20, 273, 746, 0, 951, 0, 0),
(1143, '7641', '7683P', 'PALO GORDO ', '0276-357', 1, 20, 273, 4, 0, 0, 0, 0),
(1144, '7684', '7684P', 'PARAMILLO  NDA', '0276-3535,6', 1, 20, 273, 60, 0, 0, 0, 0),
(1145, '7606', '7606', 'PARAMILLO 3 NDA', '0276-353', 1, 20, 273, 468, 545, 0, 0, 0),
(1146, '7741', '7641', 'ABEJALES  NDA', '0277-757', 1, 20, 255, 25, 16, 0, 0, 18),
(1147, '7642', '7642', 'PERIBECA  NDA', '0276-788', 1, 20, 273, 257, 321, 0, 0, 0),
(1148, '7792-3', '7692', 'EL PIÑAL  NDA', '0277-2340,1,7', 1, 20, 273, 101, 127, 0, 10, 0),
(1149, '7660', '7650', 'SAN JOSECITO  NDA', '0276-764', 1, 20, 266, 757, 1266, 0, 0, 0),
(1150, '7622', '7673', 'SAN ANTONIO', '0276-771', 1, 20, 265, 322, 0, 724, 23, 0),
(1151, '7630', '7675', 'UREÑA', '0276-787', 1, 20, 257, 142, 0, 0, 7, 0),
(1152, '7615', '7693', 'RUBIO', '0276-762', 1, 20, 278, 15, 0, 151, 34, 0),
(1153, '7620', '7688B', 'BRAMON', '0276-769', 1, 20, 254, 2, 0, 0, 0, 0),
(1154, '7693', '7693', 'RUBIO  NDA', '0276-7626,7', 1, 20, 270, 15, 0, 151, 34, 0),
(1155, '7636', '7636', 'CUMBRES ANDINAS  NDA', '0276-762', 1, 20, 264, 55, 132, 0, 0, 0),
(1156, '7637', '7637', 'LA QUIRACHA  NDA', '0276-762', 1, 20, 264, 162, 133, 0, 0, 0),
(1157, '7619', '7689', 'LAS DELICIAS', '0276-7568', 1, 20, 264, 0, 0, 0, 0, 0),
(1158, '7690', '7690', 'SANTA ANA  NDA', '0276-766', 1, 20, 264, 10, 7, 0, 0, 0),
(1159, '7720', '7723', 'COLON', '0277-291', 1, 20, 264, 0, 0, 9, 0, 0),
(1160, '7701', '7715M', 'MICHELENA', '0277-223', 1, 20, 271, 0, 0, 292, 0, 0),
(1161, '7712', '7764U', 'SAN JOSE DE BOLIVAR', '0277-232', 1, 20, 256, 0, 0, 0, 0, 0),
(1162, '7707', '7731', 'LA FRIA', '0277-541', 1, 20, 253, 684, 0, 0, 33, 0),
(1163, '7731', '7731', 'LA FRIA  NDA', '0277-5413', 1, 20, 267, 684, 0, 0, 33, 0),
(1164, '7733', '7733', 'LAS MESAS  NDA', '0277-848', 1, 20, 258, 29, 167, 0, 0, 0),
(1165, '7710', '7710', 'LAS MESAS 3 NDA', '0277-848', 1, 20, 258, 918, 927, 0, 0, 0),
(1166, '7735', '7735', 'COLINAS DEL PARAISO  NDA', '0277-541', 1, 20, 259, 442, 540, 0, 0, 0),
(1167, '7736', '7736', 'UMUQUENA  NDA', '0277-547', 1, 20, 259, 8, 0, 0, 0, 0),
(1168, '7737', '7737', 'BOCA DE GRITA  NDA', '0277-541', 1, 20, 262, 286, 419, 0, 0, 0),
(1169, '7738', '7738', 'OROPE  NDA', '0277-541', 1, 20, 259, 237, 367, 0, 0, 0),
(1170, '7739', '7739', 'LA ESMERALDA  NDA', '0277-541', 1, 20, 269, 467, 538, 0, 0, 0),
(1171, '7740', '7740', '19 DE ABRIL  NDA', '0277-546', 1, 20, 259, 333, 429, 0, 0, 0),
(1172, '7742-3', '7742', 'COLONCITO  NDA', '0277-546,5465', 1, 20, 259, 116, 157, 0, 29, 0),
(1173, '7744', '7744', 'CALICHE  NDA', '0277-291', 1, 20, 259, 79, 116, 0, 0, 0),
(1174, '7745', '7745', 'LOBATERA  NDA', '0277-223', 1, 20, 259, 653, 841, 0, 0, 0),
(1175, '7523', '7721', 'LAS HERNANDEZ  *', '0275-887', 1, 20, 259, 86, 128, 0, 0, 0),
(1176, '7550', '7750', 'LA TENDIDA  NDA ', '0275-837', 1, 20, 253, 149, 85, 0, 0, 0),
(1177, '7724-7726,7,8', '7725', 'LA GRITA  NDA', '0277-8811,2,3,4,5', 1, 20, 267, 488, 133, 0, 0, 0),
(1178, '7729', '7729', 'ZONA BAJA  NDA', '0277-881', 1, 20, 272, 285, 9, 0, 0, 0),
(1179, '7713', '7754', 'PREGONERO', '0277-747', 1, 20, 272, 0, 0, 0, 0, 0),
(1180, '7719', '7756', 'SEBORUCO', '0277-848', 1, 20, 262, 0, 0, 0, 0, 0),
(1181, '7725', '7761', 'EL COBRE', '0277-291', 1, 20, 262, 0, 0, 0, 0, 0),
(1182, '7732', '7724', 'QUENIQUEA  NDA', '0277-213', 1, 20, 279, 132, 112, 0, 0, 0),
(1183, '8531', '9131', 'SOLEDAD  NDA', '0285-671', 1, 20, 262, 362, 22, 0, 0, 0),
(1184, '8140', '8151', 'ANZOATEGUI  NDA', '0281-266,282', 1, 20, 253, 1140, 0, 1250, 191, 0),
(1185, '8116', '8151', 'ANZOATEGUI', '0281-265,7,8,9', 1, 20, 277, 1140, 0, 1250, 191, 79),
(1186, '8117', '8153S', 'EL SAMAN', '0281-263,7', 6, 6, 16, 13, 0, 2365, 0, 0),
(1187, '8118', '8154P', 'PARAISO', '0281-263,7', 6, 2, 22, 0, 0, 217, 93, 0),
(1188, '8120', '8156', 'GUANTA', '0281-268', 6, 2, 22, 0, 0, 198, 4, 0),
(1189, '8119', '8157M', 'MUNICIPAL', '0281-263,5,7,8', 6, 2, 18, 0, 0, 207, 84, 20),
(1190, '8138', '8158D', 'LAS DELICIAS', '0281-263,9', 6, 2, 18, 2, 0, 0, 0, 0),
(1191, '8152', '8152', 'EL SAMAN  NDA', '0281-266', 6, 2, 15, 433, 293, 0, 0, 0),
(1192, '8154', '8154P', 'PARAISO  NDA', '0281-278', 6, 2, 18, 0, 0, 217, 93, 0),
(1193, '8107', '8107', 'BOSQUE DEL NEVERI  NDA', '0281-266', 6, 2, 18, 368, 59, 0, 12, 0),
(1194, '8121', '8121', 'TERRAZAS DEL MAR  NDA', '0281-266', 6, 2, 22, 180, 16, 0, 0, 0);
INSERT INTO `central` (`idcentral`, `cccc`, `ubcc`, `nombre_central`, `seriales`, `idregion`, `idestado`, `idmunicipio`, `disp_voz`, `disp_abangn`, `disp_aba`, `disp_metro`, `disp_atmfr`) VALUES
(1195, '8122', '8122', 'LAS PALMERAS  NDA', '0281-282', 6, 2, 27, 416, 173, 0, 0, 0),
(1196, '8126', '8126', 'CERRO AMARILLO  NDA', '0281-266', 6, 2, 22, 515, 43, 0, 0, 0),
(1197, '8127', '8127', 'AVES DE BORA BORA  NDA', '0281-266', 6, 2, 22, 233, 6, 0, 0, 0),
(1198, '8144', '8144', 'PUTUCUAL  NDA', '0281-338', 6, 2, 22, 22, 236, 0, 0, 0),
(1199, '8159', '8159', 'CANTACLARO  NDA', '0281-338', 6, 2, 22, 403, 6, 0, 0, 0),
(1200, '8174', '8174', 'MARINA DEL REY  NDA', '0281-287', 6, 2, 22, 591, 652, 0, 0, 0),
(1201, '8142', '8166', 'LECHERIAS  NDA', '0281-287', 6, 2, 18, 6, 0, 1246, 140, 0),
(1202, '8128', '8166', 'LECHERIAS', '0281-281,2', 6, 2, 18, 6, 0, 1246, 140, 94),
(1203, '8141', '8160', 'BARCELONA  NDA', '0281-271,7', 6, 2, 10, 156, 0, 2818, 134, 0),
(1204, '8123', '8160', 'BARCELONA', '0281-274,5,6,2757 al 2759', 6, 2, 10, 156, 0, 2818, 134, 115),
(1205, '8131', '8160B', 'BOYACA', '0281-271', 6, 2, 10, 72, 0, 250, 0, 0),
(1206, '8124', '8166M', 'PUEBLO MESONES', '0281-274,6', 6, 2, 27, 0, 0, 0, 0, 0),
(1207, '8106', '8106', 'RIBERA GUAICA  NDA', '0281-282', 6, 2, 22, 330, 15, 0, 0, 0),
(1208, '8109', '8109', 'CASA GRANDE  NDA', '0281-287', 6, 2, 27, 341, 6, 0, 0, 0),
(1209, '8115', '8115', 'CONSTANTINO NDA', '0281-272', 6, 2, 27, 65, 200, 0, 0, 0),
(1210, '8125', '8125', 'CIUDAD BAHÍA  NDA', '0281-287', 6, 2, 22, 393, 494, 0, 0, 0),
(1211, '8132', '8132', 'EL MORICHE  NDA', '0281-275', 6, 2, 22, 39, 32, 0, 0, 0),
(1212, '8134', '8134', 'LOS CHAGUARAMOS  NDA', '0281-277', 6, 2, 10, 227, 12, 0, 0, 0),
(1213, '8137', '8137', 'CAIGUA NDA', '0281-441', 6, 2, 22, 268, 317, 0, 0, 0),
(1214, '8143', '8143', 'PUENTE REAL  NDA', '0281-277', 6, 2, 10, 101, 42, 0, 0, 0),
(1215, '8145', '8145', 'LOS OLIVOS  NDA', '0281-441', 6, 2, 22, 198, 333, 0, 0, 0),
(1216, '8146', '8146', 'EL VIÑEDO  NDA', '0281-272', 6, 2, 27, 49, 239, 0, 0, 0),
(1217, '8161', '8161I', 'INTERCOMUNAL  NDA', '0281-2874,6', 6, 2, 27, 0, 0, 0, 87, 0),
(1218, '8130', '8161I', 'INTERCOMUNAL', '0281-286,7', 6, 2, 11, 0, 0, 0, 87, 47),
(1219, '8167', '8167', 'BOCA DE UCHIRE  NDA', '0281-535', 6, 2, 27, 116, 237, 0, 0, 0),
(1220, '8105', '8168', 'PUERTO PIRITU', '0281-441', 6, 2, 10, 7, 0, 0, 9, 0),
(1221, '8108', '8169', 'CLARINES', '0281-445', 6, 2, 10, 0, 0, 0, 0, 0),
(1222, '8113', '8170', 'GUANAPE', '0281-554', 6, 2, 25, 152, 64, 0, 0, 0),
(1223, '8112', '8171', 'SABANA DE UCHIRE', '0281-552', 6, 2, 11, 100, 64, 0, 0, 0),
(1224, '8172', '8172', 'VALLE GUANAPE  NDA', '0281-555', 6, 2, 21, 181, 160, 0, 0, 0),
(1225, '8173', '8173', 'ONOTO  NDA', '0281-444', 6, 2, 21, 29, 36, 0, 0, 0),
(1226, '8203', '8202', 'ANACO', '0282-422,4,5', 6, 2, 21, 138, 0, 1366, 194, 73),
(1227, '8202', '8202', 'ANACO  NDA', '0282-4224,6', 6, 2, 21, 138, 0, 1366, 194, 0),
(1228, '8216', '8206', 'CANTAURA  NDA', '0282-4550,1,2,3', 6, 2, 19, 338, 134, 0, 16, 0),
(1229, '8207', '8207', 'SANTA ANA', '0282-457', 6, 2, 8, 318, 0, 0, 0, 0),
(1230, '8218', '8208', 'ARAGUA DE BARCELONA  NDA', '0282-828', 6, 2, 8, 111, 11, 0, 13, 0),
(1231, '8210', '8211', 'SAN MATEO  NDA', '0282-999', 6, 2, 22, 116, 9, 0, 0, 0),
(1232, '8215', '8215', 'OCANA  NDA', '0282-455', 6, 2, 26, 91, 260, 0, 0, 0),
(1233, '8235', '8235', 'SANTA ROSA  NDA', '0282-993', 6, 2, 9, 84, 19, 0, 0, 0),
(1234, '8236', '8236', 'PUERTO COLON  NDA', '0282-455', 6, 2, 20, 282, 334, 0, 0, 0),
(1235, '8237', '8237', '1° DE MAYO  NDA', '0282-455', 6, 2, 22, 191, 257, 0, 0, 0),
(1236, '8238', '8238', 'BUENA VISTA  NDA', '0282-455', 6, 2, 22, 336, 415, 0, 0, 0),
(1237, '8239', '8239', 'SAN JOAQUIN NDA', '0282-455', 6, 2, 22, 472, 581, 0, 0, 0),
(1238, '8240', '8240', 'JOSÉ G. HERNÁNDEZ  NDA', '0282-828', 6, 2, 22, 184, 264, 0, 0, 0),
(1239, '9209', '8241', 'URICA', '0292-3338', 6, 2, 22, 61, 0, 0, 0, 0),
(1240, '8321', '8301', 'EL TIGRE  NDA', '0283-226,242', 6, 2, 22, 7, 0, 889, 113, 0),
(1241, '8301', '8301', 'EL TIGRE', '0283-231,5', 6, 2, 9, 7, 0, 889, 113, 77),
(1242, '8302', '8302P', 'PUEBLO NUEVO', '0283-241', 6, 2, 22, 61, 0, 123, 0, 15),
(1243, '8303', '8303R', 'CONJ. RESIDENCIAL  RAHME', '0283-241', 6, 2, 28, 0, 0, 668, 26, 18),
(1244, '8312', '8302P', 'PUEBLO NUEVO  NDA', '0283-231,242', 6, 2, 28, 61, 0, 123, 0, 0),
(1245, '8310', '8305', 'EL CHAPARRO', '0283-888', 6, 2, 28, 140, 0, 0, 0, 0),
(1246, '8311', '8311', 'SANTA BARBARA II  NDA', '0283-231', 6, 2, 28, 25, 17, 0, 0, 0),
(1247, '8315', '8315', 'EZEQUIEL ZAMORA  NDA', '0283-231', 6, 2, 28, 30, 86, 0, 0, 0),
(1248, '8316', '8316', 'SABATINO  NDA', '0283-256', 6, 2, 14, 187, 305, 0, 0, 0),
(1249, '8322', '8322', 'UNIMALL  NDA', '0283-242', 6, 2, 28, 146, 264, 0, 0, 0),
(1250, '8323', '8323', 'LOS PINOS  NDA', '0283-242', 6, 2, 28, 342, 198, 0, 0, 0),
(1251, '8304', '8304S', 'EL TIGRITO( FURGON )', '0283-255', 6, 2, 24, 16, 0, 297, 0, 24),
(1252, '8314', '8304S', 'EL TIGRITO  NDA', '0283-226,2559,256', 6, 2, 28, 16, 0, 297, 0, 0),
(1253, '8306', '8306', 'LA PRADERA C. CLUB  NDA', '0283-255', 6, 2, 28, 2, 2, 0, 0, 0),
(1254, '8327', '8307', 'SAN TOME NDA', '0283-226', 6, 2, 22, 268, 291, 0, 16, 0),
(1255, '8318', '8308', 'PARIAGUAN  NDA', '0283-882', 6, 2, 24, 620, 426, 0, 0, 0),
(1256, '8700', '9411', 'TUCUPITA', '0287-721', 6, 2, 24, 0, 0, 0, 11, 0),
(1257, '8722', '8722', 'EL TORNO  NDA', '0287-751', 6, 2, 24, 104, 151, 0, 0, 0),
(1258, '8710', '8710', 'EL TRIUNFO  NDA', '0287-751', 6, 2, 13, 163, 333, 0, 0, 0),
(1259, '8711', '8711', 'LIBERTADOR  NDA', '0287-751', 6, 9, 103, 8, 232, 0, 0, 0),
(1260, '8712', '8712', 'EL TRIUNFITO  NDA', '0287-751', 6, 9, 101, 93, 435, 0, 0, 0),
(1261, '8715', '8715', 'SAN SALVADOR  NDA', '0287-722', 6, 9, 101, 170, 254, 0, 0, 0),
(1262, '8716', '8716', 'LA CLAVELLINA  NDA', '0287-722', 6, 9, 101, 55, 254, 0, 0, 0),
(1263, '8718', '8718', 'COPORITO  NDA', '0287-722', 6, 9, 101, 78, 99, 0, 0, 0),
(1264, '8719', '8719', 'PALOMA  NDA', '0287-722', 6, 9, 103, 16, 171, 0, 0, 0),
(1265, '8720', '8720', 'CARAPAL DE GÜARA  NDA', '0287-722', 6, 9, 103, 0, 192, 0, 0, 0),
(1266, '8713', '8713', 'SIERRA IMATACA  NDA', '0287-751', 6, 9, 103, 0, 380, 0, 0, 0),
(1267, '8630', '9227', 'PUERTO ORDAZ  NDA', '0286-922,924', 6, 9, 103, 415, 0, 736, 169, 0),
(1268, '8604', '9227', 'PUERTO ORDAZ', '0286-923,9240', 6, 9, 103, 415, 0, 736, 169, 63),
(1269, '8612', '8612', 'FLORIDA COUNTRY  NDA', '0286-971', 6, 9, 101, 293, 110, 0, 0, 0),
(1270, '8618', '8618', 'GUAYANA COUNTRY  NDA', '0286-971', 6, 6, 67, 715, 17, 0, 0, 0),
(1271, '8623', '8623', 'RIVERAS DEL CARONI  NDA', '0286-974', 6, 6, 67, 631, 223, 0, 0, 0),
(1272, '8639', '8639', 'SIERRA PARIMA  NDA', '0286-974', 6, 6, 67, 249, 6, 0, 0, 0),
(1273, '8654', '8654', 'GRAN SABANA  NDA', '0286-995', 6, 6, 67, 176, 256, 0, 0, 0),
(1274, '8625', '8625', 'PORTO BELLO SUITE  NDA', '0286-924', 6, 6, 67, 258, 144, 0, 0, 0),
(1275, '8626', '8626', 'EL TIAMO COUNTRY  NDA', '0286-953', 6, 6, 67, 222, 82, 0, 0, 0),
(1276, '8627', '8627', 'TZAS DEL ATLANTICO  NDA', '0286-953', 6, 6, 70, 482, 109, 0, 0, 0),
(1277, '8628', '8628', 'LA VISTA  NDA', '0286-953', 6, 6, 67, 94, 32, 0, 0, 0),
(1278, '8636', '8636', 'CORE 8  NDA', '0286-994', 6, 6, 67, 38, 31, 0, 0, 0),
(1279, '8638', '8638', 'CARONI - BETANIA  NDA', '0286-971', 6, 6, 67, 54, 46, 0, 0, 0),
(1280, '8652', '8652', 'FE Y ALEGRÍA  NDA', '0286-994', 6, 6, 67, 255, 312, 0, 0, 0),
(1281, '8653', '8653', '4 DE FEBRERO  NDA', '0286-994', 6, 6, 67, 151, 425, 0, 0, 0),
(1282, '8655', '8655', 'CARONÍ  NDA', '0286-995', 6, 6, 67, 219, 767, 0, 0, 0),
(1283, '8666', '8666', 'TRES RAICES  NDA', '0286-995', 6, 6, 67, 224, 400, 0, 0, 0),
(1284, '8668', '8668', 'LUCHADORES  NDA', '0286-995', 6, 6, 67, 221, 338, 0, 0, 0),
(1285, '8669', '8669', 'ORINOCO  NDA', '0286-995', 6, 6, 70, 200, 247, 0, 0, 0),
(1286, '8670', '8670', 'AMAZONAS  NDA', '0286-995', 6, 6, 70, 192, 247, 0, 0, 0),
(1287, '8671', '8671', 'VILLA CARUACHI  NDA', '0286-953', 6, 6, 70, 194, 338, 0, 0, 0),
(1288, '8675', '8675', 'PORTAL DE LA ESPERANZA NDA', '0286-967', 6, 6, 70, 506, 511, 0, 0, 0),
(1289, '8677', '8677', 'LA HOYADA NDA', '0286-967', 6, 6, 70, 506, 511, 0, 0, 0),
(1290, '8615', '9228', 'ALTA VISTA', '0286-961,2', 6, 6, 70, 5, 0, 759, 129, 71),
(1291, '8632', '9228', 'ALTA VISTA  NDA', '0286-967,971', 6, 6, 70, 5, 0, 759, 129, 0),
(1292, '8646', '9216', 'UNARE  NDA', '0286-953,2,3,5,6,7', 6, 6, 67, 45, 0, 570, 94, 0),
(1293, '8613', '9216', 'UNARE', '0286-951,2,3', 6, 6, 67, 45, 0, 570, 94, 0),
(1294, '8614', '9216N', 'UNARE UD 307', '0286-952,3', 6, 6, 67, 0, 0, 0, 0, 0),
(1295, '8616', '9216N', 'UNARE UD 307  NDA', '0286-953,5,6,7', 6, 6, 67, 0, 0, 0, 0, 0),
(1296, '8641', '9231', 'LOS OLIVOS  NDA', '0286-929', 6, 6, 67, 286, 0, 0, 0, 0),
(1297, '8617', '9223', 'MATANZAS', '0286-994', 6, 6, 67, 122, 0, 2651, 13, 11),
(1298, '8610', '9220', 'CHIRICA', '0286-934', 6, 6, 67, 288, 0, 224, 55, 0),
(1299, '8650', '9220', 'CHIRICA  NDA', '0286-974', 6, 6, 67, 288, 0, 224, 55, 0),
(1300, '8621', '9229', 'SAN FELIX', '0286-971', 6, 6, 67, 18, 0, 487, 52, 0),
(1301, '8631', '9229', 'SAN FELIX  NDA', '0286-971,4,5,974', 6, 6, 67, 18, 0, 487, 52, 0),
(1302, '8622', '8622', 'VISTA EL SOL I  NDA', '0286-929,932', 6, 6, 67, 231, 146, 0, 0, 0),
(1303, '8634', '8634', 'VISTA EL SOL II  NDA', '0286-932', 6, 6, 67, 303, 144, 0, 0, 0),
(1304, '8619', '8619', 'INES ROMERO I  NDA', '0286-929,932', 6, 6, 67, 307, 49, 0, 0, 0),
(1305, '8629', '8629', 'INES ROMERO II  NDA', '0286-932', 6, 6, 67, 301, 129, 0, 0, 0),
(1306, '8633', '8633', 'INES ROMERO III  NDA', '0286-932', 6, 6, 67, 113, 50, 0, 0, 0),
(1307, '8643', '8643', '25 DE MARZO 1 y 2  NDA', '0286-971', 6, 6, 67, 158, 309, 0, 0, 0),
(1308, '8644', '8644', 'FRANCISCA DUARTE  NDA', '0286-974', 6, 6, 67, 38, 279, 0, 0, 0),
(1309, '8645', '8645', '25 DE MARZO 3  NDA', '0286-974', 6, 6, 67, 37, 184, 0, 0, 0),
(1310, '8656', '8656', 'LOS NARANJOS  NDA', '0286-972', 6, 6, 67, 201, 235, 0, 0, 0),
(1311, '8657', '8657', 'NIETO GIL  NDA', '0286-972', 6, 6, 67, 407, 454, 0, 0, 0),
(1312, '8658', '8658', 'CHIRICA VIEJA  NDA', '0286-972', 6, 6, 67, 146, 170, 0, 0, 0),
(1313, '8660', '8660', 'SAN JOSÉ DE CACAHUAL  NDA', '0286-972', 6, 6, 67, 204, 318, 0, 0, 0),
(1314, '8662', '8662', 'VENEZUELA  NDA', '0286-972', 6, 6, 67, 220, 262, 0, 0, 0),
(1315, '8663', '8663', 'BERMÚDEZ  NDA', '0286-972', 6, 6, 67, 179, 208, 0, 0, 0),
(1316, '8664', '8664', 'PIAR  NDA', '0286-972', 6, 6, 67, 235, 268, 0, 0, 0),
(1317, '8676', '8676', 'NEGRA HIPOLITA  NDA', '0286-972', 6, 6, 67, 215, 331, 0, 0, 0),
(1318, '8651', '9230', 'EL ROBLE  NDA', '0286-971,2,4', 6, 6, 67, 742, 0, 1073, 52, 0),
(1319, '8606', '9230', 'EL ROBLE', '0286-931,2', 6, 6, 67, 742, 0, 1073, 52, 18),
(1320, '8607', '9230D', 'DOÑA BARBARA', '0286-931', 6, 6, 67, 0, 0, 2, 0, 0),
(1321, '8609', '9230E', 'UD 146', '0286-931', 6, 6, 67, 0, 0, 44, 0, 0),
(1322, '8608', '9230F', 'UD 145', '0286-931', 6, 6, 67, 0, 0, 23, 0, 0),
(1323, '8502', '9161', 'CIUDAD BOLIVAR', '0285-632', 6, 6, 67, 0, 0, 33, 37, 11),
(1324, '8504', '9164M', 'LAS  MOREAS', '0285-631', 6, 6, 67, 0, 0, 499, 0, 0),
(1325, '8506', '9162', 'VISTA HERMOSA', '0285-631', 6, 6, 67, 186, 0, 1082, 52, 0),
(1326, '8520', '9162', 'VISTA HERMOSA  NDA', '0285-651,654', 6, 6, 71, 186, 0, 1082, 52, 0),
(1327, '8561', '9161', 'CIUDAD BOLIVAR  NDA', '0285-634', 6, 6, 67, 0, 0, 33, 37, 0),
(1328, '8509', '9163', 'LA SABANITA', '0285-651', 6, 6, 67, 45, 0, 548, 0, 0),
(1329, '8503', '8503', 'LA LLOVIZNA  NDA', '0285-631', 6, 6, 67, 179, 29, 0, 0, 0),
(1330, '8525', '8525', 'LOS PROCERES I  NDA', '0285-659', 6, 6, 71, 184, 76, 0, 0, 0),
(1331, '8505', '8505', 'LOS PROCERES II  NDA', '0285-659', 6, 6, 71, 163, 24, 0, 0, 0),
(1332, '8512', '8512', 'ALTOS DE CAYAURIMA  NDA', '0285-659', 6, 6, 67, 198, 152, 0, 0, 0),
(1333, '8514', '8514', 'CAYAURIMA  NDA', '0285-659', 6, 6, 71, 134, 17, 0, 0, 0),
(1334, '8517', '8517', 'PARQUE DEL SUR  NDA', '0285-659', 6, 6, 71, 191, 46, 0, 0, 0),
(1335, '8518', '8518', 'BRISAS DEL ORINOCO  NDA', '0285-659', 6, 6, 71, 325, 201, 0, 0, 0),
(1336, '8523', '9166', 'EL PERU  NDA', '0285-659', 6, 6, 71, 105, 35, 0, 0, 0),
(1337, '8513', '9121', 'LA PARAGUA', '0285-8811', 6, 6, 71, 37, 0, 0, 0, 0),
(1338, '8515', '9167', 'SAN FCO. DE LA PARAGUA', '0285-882', 6, 6, 71, 0, 0, 0, 0, 0),
(1339, '8516', '9168', 'CIUDAD PIAR', '0285-8891', 6, 6, 71, 0, 0, 0, 0, 0),
(1340, '8451', '9151', 'CAICARA DEL ORINOCO  NDA', '0284-666', 6, 6, 66, 0, 6, 0, 0, 0),
(1341, '8806', '9242', 'EL MANTECO', '0288-525', 6, 6, 66, 116, 64, 0, 0, 0),
(1342, '8831', '9232', 'EL PALMAR  NDA', '0288-881', 6, 6, 66, 159, 69, 0, 0, 0),
(1343, '8833', '9233', 'EL PAO  NDA', '0288-224', 6, 6, 68, 74, 47, 0, 0, 0),
(1344, '8834', '9234', 'GURI  NDA', '0288-231', 6, 6, 73, 432, 109, 0, 0, 0),
(1345, '8800', '9247', 'UPATA', '0288-221', 6, 6, 67, 51, 0, 0, 0, 0),
(1346, '8818', '9237M', 'TUMEREMO', '0288-771', 6, 6, 67, 21, 0, 553, 0, 0),
(1347, '8822', '9247C', 'EL CALLAO', '0288-762', 6, 6, 67, 322, 0, 35, 54, 0),
(1348, '8847', '9247C', 'EL CALLAO  NDA', '0288-7622', 6, 6, 73, 322, 0, 35, 54, 0),
(1349, '8812', '9235', 'EL DORADO', '0288-9911', 6, 6, 75, 0, 0, 0, 0, 0),
(1350, '8835', '8835', 'EL LIMÓN  NDA', '0288-762', 6, 6, 67, 132, 249, 0, 0, 0),
(1351, '8836', '8836', 'VIRGEN DEL VALLE  NDA', '0288-762', 6, 6, 67, 519, 783, 0, 0, 0),
(1352, '8848', '8848', 'BARRIO OBRERO  NDA', '0288-762', 6, 6, 67, 569, 575, 0, 0, 0),
(1353, '8849', '8849', 'LA FABRICA NDA', '0288-762', 6, 6, 67, 979, 991, 0, 0, 0),
(1354, '8855', '9255', 'GUASIPATI  NDA', '0288-767', 6, 6, 67, 31, 26, 0, 0, 0),
(1355, '8903', '8903', 'BRICEÑO 1  NDA', '0289-995', 6, 6, 67, 143, 356, 0, 0, 0),
(1356, '8902', '9236', 'STA  ELENA DE UAIREN  NDA', '0289-995', 6, 6, 67, 2, 17, 0, 82, 0),
(1357, '9107', '8683', 'LOS GODOS', '0291-651,2', 6, 6, 67, 140, 0, 1844, 41, 0),
(1358, '9108', '8614I', 'INDUSTRIAS-LOS GODOS', '0291-651,2', 6, 6, 70, 629, 0, 0, 0, 22),
(1359, '9120', '8614I', 'INDUSTRIAS-LOS GODOS  NDA', '0291-653,772', 6, 6, 70, 629, 0, 0, 0, 0),
(1360, '9183', '8683', 'LOS GODOS  NDA', '0291-653', 6, 16, 205, 140, 0, 1844, 41, 0),
(1361, '9110', '9110', 'LOS ANGELES  NDA', '0291-772', 6, 16, 205, 108, 47, 0, 0, 0),
(1362, '9117', '9117', 'LOS JARDINES  NDA', '0291-778', 6, 16, 200, 457, 22, 0, 0, 0),
(1363, '9133', '9133', 'LAS CAROLINAS  NDA', '0291-652', 6, 16, 205, 56, 113, 0, 0, 0),
(1364, '9122', '9122', 'LOS IRANÍES  NDA', '0291-653', 6, 16, 200, 145, 219, 0, 0, 0),
(1365, '9123', '9123', 'GRAN CACIQUE  NDA', '0291-653', 6, 16, 207, 159, 220, 0, 0, 0),
(1366, '9124', '9124', 'LA GRAN VICTORIA  NDA', '0291-653', 6, 16, 205, 280, 405, 0, 0, 0),
(1367, '9125', '9125', 'LAGUNA DEL PARAISO  NDA', '0291-644', 6, 16, 205, 210, 47, 0, 0, 0),
(1368, '9126', '9126', 'LOS GIRASOLES  NDA', '0291-644', 6, 16, 205, 163, 80, 0, 0, 0),
(1369, '9127', '9127', 'VALLE DE LUNA  NDA', '0291-644', 6, 16, 205, 290, 275, 0, 0, 0),
(1370, '9128', '9128', 'PALMA REAL NDA', '0291-644', 6, 16, 205, 202, 148, 0, 0, 0),
(1371, '9129', '9129', 'TIPURO II  NDA', '0291-644', 6, 16, 205, 82, 173, 0, 0, 0),
(1372, '9134', '9134', 'EL SAMAN I NDA', '0291-652', 6, 16, 205, 291, 161, 0, 0, 0),
(1373, '9135', '9135', 'AVE PARAISO NDA', '0291-644', 6, 16, 205, 34, 1, 0, 0, 0),
(1374, '9136', '9136', 'SAN MIGUEL NDA', '0291-778', 6, 16, 205, 141, 174, 0, 0, 0),
(1375, '9137', '9137', 'LA SEVILLANA NDA', '0291-772', 6, 16, 205, 276, 17, 0, 0, 0),
(1376, '9138', '9138', 'TROPICAL  NDA', '0291-778', 6, 16, 205, 180, 321, 0, 0, 0),
(1377, '9140', '9140', 'LA PAZ  NDA', '0291-653', 6, 16, 207, 5, 212, 0, 0, 0),
(1378, '9186', '9186', 'TERRAZAS OESTE  NDA', '0291-653', 6, 16, 200, 283, 363, 0, 0, 0),
(1379, '9187', '9187', 'EL PIÑAL  NDA', '0291-653', 6, 16, 207, 198, 322, 0, 0, 0),
(1380, '9146', '9146', 'PETRORIENTE  NDA', '0291-645', 6, 16, 205, 140, 223, 0, 0, 0),
(1381, '9207', '9207', 'EL COROZO  NDA', '0292-222', 6, 16, 205, 0, 424, 0, 0, 0),
(1382, '9218', '9218', 'FRANCISCO DE MIRANDA NDA', '0292-337', 6, 16, 205, 0, 481, 0, 0, 0),
(1383, '9105', '8624B', 'LA ARBOLEDA', '0291-641,3', 6, 16, 205, 0, 0, 1700, 0, 7),
(1384, '9221', '8690P', 'PUNTA DE MATA', '0292-337', 6, 16, 205, 11, 0, 417, 0, 0),
(1385, '9121', '8624B', 'LA ARBOLEDA  NDA', '0291-772', 6, 16, 205, 0, 0, 1700, 0, 0),
(1386, '9242', '8642', 'CAICARA DE MATURIN  NDA', '0292-331', 6, 16, 205, 321, 0, 0, 0, 0),
(1387, '9213', '8651', 'AGUASAY', '0292-347', 6, 16, 203, 5, 0, 0, 0, 0),
(1388, '9259', '8659', 'SAN VICENTE  NDA', '0292-222', 6, 16, 200, 177, 134, 0, 0, 0),
(1389, '9261', '8661', 'ARAGUA DE MATURIN  NDA', '0292-554', 6, 16, 202, 655, 151, 0, 0, 0),
(1390, '9219', '8665', 'SAN ANTONIO DE MATURIN', '0292-558', 6, 16, 199, 51, 0, 0, 0, 0),
(1391, '9216', '8667', 'TERESEN', '0292-555', 6, 16, 205, 21, 0, 0, 0, 0),
(1392, '9185', '8685', 'QUIRIQUIRE  NDA', '0291-778', 6, 16, 206, 15, 13, 0, 0, 0),
(1393, '9286', '8686', 'JUSEPIN  NDA', '0292-221', 6, 16, 198, 500, 0, 0, 0, 0),
(1394, '9227', '8687', 'LA TOSCANA  NDA', '0292-227', 6, 16, 201, 74, 47, 0, 0, 0),
(1395, '9288', '8688', 'EL FURRIAL  NDA', '0292-223', 6, 16, 207, 22, 4, 0, 0, 0),
(1396, '9210', '8689', 'EL TEJERO', '0292-341', 6, 16, 207, 61, 0, 0, 0, 0),
(1397, '9226', '8691', 'SANTA BARBARA  NDA', '0292-334', 6, 16, 206, 147, 126, 0, 0, 0),
(1398, '9214', '8692', 'CARIPE', '0292-545', 6, 16, 205, 42, 0, 0, 0, 0),
(1399, '9233', '8693', 'CHAGUARAMAL  NDA', '0292-225', 6, 16, 203, 9, 13, 0, 0, 0),
(1400, '9103', '8682', 'MATURIN CENTRO', '0291-641,2,3,4', 6, 16, 208, 157, 0, 1966, 146, 42),
(1401, '9104', '8684J', 'JUANICO', '0291-641,4', 6, 16, 201, 37, 0, 1047, 0, 0),
(1402, '9184', '8684J', 'JUANICO  NDA', '0291-772', 6, 16, 206, 37, 0, 1047, 0, 0),
(1403, '9182', '8682', 'MATURIN  NDA', '0291-645', 6, 16, 205, 157, 0, 1966, 146, 0),
(1404, '9111', '9111', 'PUERTA DEL SUR  NDA', '0291-772', 6, 16, 205, 462, 158, 0, 0, 0),
(1405, '9139', '9139', 'CACHIPO  NDA', '0291-778', 6, 16, 200, 272, 499, 0, 0, 0),
(1406, '9144', '9144', 'LA PICA  NDA', '0291-645', 6, 16, 205, 0, 83, 0, 0, 0),
(1407, '9145', '9145', 'LA CASCADA  NDA', '0291-772', 6, 16, 200, 379, 524, 0, 0, 0),
(1408, '8778', '8678', 'URACOA  NDA', '0287-779', 6, 16, 207, 164, 42, 0, 0, 0),
(1409, '9131-2', '8632', 'CARIPITO  NDA', '0291-772', 6, 16, 205, 331, 19, 0, 58, 0),
(1410, '9116', '8635', 'MIRAFLORES', '0291-786', 6, 16, 200, 144, 0, 0, 0, 0),
(1411, '8706', '8672E', 'EL TEMBLADOR', '0287-792,7920,1', 6, 16, 210, 149, 0, 66, 41, 22),
(1412, '8774', '8674', 'BARRANCAS D ORINOCO NDA', '0287-751', 6, 16, 200, 469, 30, 0, 0, 0),
(1413, '8620', '8780', 'CHAGUARAMAS( RURAL )', '0286-9840', 6, 16, 207, 1, 0, 0, 0, 0),
(1414, '9303', '8471', 'CUMANÁ', '0293-431,2,3,441', 6, 16, 210, 38, 0, 0, 225, 133),
(1415, '9304', '8413G', 'GRAN MARISCAL', '0293-431,2', 6, 16, 209, 14, 0, 313, 6, 0),
(1416, '9371', '8471', 'CUMANÁ  NDA', '0293-4335,7', 6, 16, 204, 38, 0, 0, 225, 0),
(1417, '9305', '8472', 'VILLA OLÍMPICA I', '0293-451,2', 6, 19, 249, 527, 0, 0, 78, 0),
(1418, '9372', '8472', 'VILLA OLÍMPICA  NDA', '0293-4522,3', 6, 19, 249, 527, 0, 0, 78, 0),
(1419, '9373', '8473', 'CUMANA-AEROPUERTO NDA', '0293-4671,2,3', 6, 19, 249, 108, 370, 0, 0, 0),
(1420, '9333', '8433', 'SANTA  FE DE SUCRE NDA', '0293-231', 6, 19, 249, 21, 35, 0, 0, 0),
(1421, '9307', '9307', 'LOMAS DE AYACUCHO NDA', '0293-467', 6, 19, 249, 249, 316, 0, 0, 0),
(1422, '9321', '9321', 'EL TACAL  NDA', '0293-839', 6, 19, 249, 35, 187, 0, 0, 0),
(1423, '9322', '9322', 'BRASIL SUR  NDA', '0293-467', 6, 19, 249, 5, 186, 0, 0, 0),
(1424, '9323', '9323', 'FRANJA LA LLANADA NDA', '0293-467', 6, 19, 249, 217, 283, 0, 0, 0),
(1425, '9342', '8442', 'MARIGÜITAR  NDA', '0293-839', 6, 19, 249, 313, 121, 0, 0, 0),
(1426, '9374', '9474', 'SAN ANTONIO DEL GOLFO NDA', '0293-829', 6, 19, 249, 0, 0, 0, 0, 0),
(1427, '9374', '8474', 'SAN ANTONIO DEL GOLFO  NDA', '0293-829', 6, 19, 249, 67, 0, 0, 0, 0),
(1428, '9309', '8451', 'ARAYA', '0293-437', 6, 19, 249, 72, 0, 0, 0, 0),
(1429, '9353', '8453', 'MANICUARE  NDA', '0293-477', 6, 19, 249, 32, 49, 0, 0, 0),
(1430, '9311', '8462', 'CUMANACOA', '0293-838', 6, 19, 249, 0, 0, 2, 0, 0),
(1431, '9402', '8556', 'CARUPANO', '0294-331,2', 6, 19, 243, 187, 0, 452, 66, 28),
(1432, '9404', '8557G', 'GUAYACAN', '0294-331,2', 6, 19, 243, 78, 0, 0, 89, 0),
(1433, '9403', '8558P', 'PLAYA GRANDE', '0294-331', 6, 19, 247, 0, 0, 86, 0, 0),
(1434, '8556', '8556', 'CARUPANO  NDA', '0294-333', 6, 19, 240, 187, 0, 452, 66, 0),
(1435, '9459', '8559', 'SAN JOSE DE AEROCUAR  NDA', '0294-344', 6, 19, 240, 16, 79, 0, 0, 0),
(1436, '8521', '8521', 'EL PILAR  NDA', '0294-656', 6, 19, 240, 42, 230, 0, 0, 0),
(1437, '9415', '8524', 'TUNAPUY', '0294-666', 6, 19, 250, 0, 0, 0, 0, 0),
(1438, '9429', '8531', 'CASANAY  NDA', '0294-341', 6, 19, 237, 0, 13, 0, 0, 0),
(1439, '9428', '8536', 'SAN VICENTE ( RURAL )', '0294-347', 6, 19, 239, 35, 0, 0, 0, 0),
(1440, '9441', '8541', 'CARIACO  NDA', '0294-5551,2', 6, 19, 244, 33, 74, 0, 0, 0),
(1441, '9460', '8560', 'GUACA  NDA', '0294-345', 6, 19, 236, 85, 3, 0, 0, 0),
(1442, '9425', '8544', 'SANTA MARÍA  DE CARIACO', '0294-554', 6, 19, 236, 6, 0, 0, 0, 0),
(1443, '9413', '8551', 'MORRO DE PUERTO  SANTO', '0294-664', 6, 19, 248, 0, 0, 0, 0, 0),
(1444, '9453', '8553', 'RIO CARIBE  NDA', '0294-646', 6, 19, 248, 191, 215, 0, 0, 0),
(1445, '9463', '8563', 'IRAPA  NDA', '0294-989', 6, 19, 248, 148, 334, 0, 0, 0),
(1446, '9467', '8567', 'YAGUARAPARO  NDA', '0294-775', 6, 19, 238, 62, 314, 0, 0, 0),
(1447, '9461', '8561', 'EL POBLADO  NDA', '0294-553', 6, 19, 238, 142, 2, 0, 0, 0),
(1448, '9405', '9405', 'LLANADA DE GUIRA', '0294-344', 6, 19, 240, 55, 170, 0, 0, 0),
(1449, '9435', '9435', 'LA ESMERALDA  NDA', '0294-345', 6, 19, 245, 176, 284, 0, 0, 0),
(1450, '9437', '9437', 'GÜIRIA LA PLAYA  NDA', '0294-333', 6, 19, 242, 286, 417, 0, 0, 0),
(1451, '9471-2', '8571', 'GÜIRIA  I', '0294-9821', 6, 19, 248, 847, 728, 0, 0, 0),
(1452, '9419', '8575', 'YOCO', '0294-993', 6, 19, 248, 98, 0, 0, 0, 0),
(1453, '9521', '8823', 'JORGE COLL', '0295-262,7', 6, 19, 250, 2183, 0, 606, 132, 0),
(1454, '9505', '8831S', 'LA ASUNCION', '0295-242', 6, 19, 250, 0, 0, 1514, 69, 38),
(1455, '9539', '8823', 'JORGE COLL  NDA', '0295-2673,4', 6, 19, 250, 2183, 0, 606, 132, 0),
(1456, '9538', '8837', 'PUERTO FERMIN  NDA', '0295-234', 6, 19, 250, 31, 6, 0, 15, 0),
(1457, '9504', '8861', 'ALTAGRACIA  NDA', '0295-235', 6, 17, 216, 32, 51, 0, 0, 0),
(1458, '9563', '8863', 'JUAN GRIEGO  NDA', '0295-2537,8', 6, 17, 212, 411, 0, 842, 14, 0),
(1459, '9510', '8863', 'JUAN GRIEGO', '0295-253', 6, 17, 216, 411, 0, 842, 14, 0),
(1460, '9510', '8863P', 'PEDRO GONZALEZ', '0295-258', 6, 17, 211, 135, 0, 0, 0, 0),
(1461, '9509', '8830P', 'PLAYA EL AGUA', '0295-249', 6, 17, 215, 286, 0, 178, 0, 0),
(1462, '9511', '9511', 'HESPERIA  NDA', '0295-258', 6, 17, 215, 328, 0, 0, 0, 0),
(1463, '9540', '9540', 'JORGE COLL 2  NDA', '0295-267', 6, 17, 215, 462, 205, 0, 0, 0),
(1464, '9556', '9556', 'SABANA DE GUACUCO  NDA', '0295-242', 6, 17, 218, 321, 402, 0, 0, 0),
(1465, '9520-67', '8867', 'SANTA ANA - TACARIGUA NDA', '0295-257', 6, 17, 211, 133, 152, 1, 0, 0),
(1466, '9537', '8820', 'LA GUARDIA  NDA', '0295-239', 6, 17, 218, 238, 208, 0, 0, 0),
(1467, '9576', '8876', 'SAN JUAN BAUTISTA  NDA', '0295-259', 6, 17, 216, 221, 16, 0, 0, 0),
(1468, '9501', '8813', 'SAN RAFAEL', '0295-239,261,3,4.', 6, 17, 212, 69, 0, 1506, 43, 20),
(1469, '9529', '8822S', 'EL VALLE', '0295-287', 6, 17, 215, 0, 0, 544, 93, 0),
(1470, '9513', '8813', 'SAN RAFAEL  NDA', '0295-2648,9', 6, 17, 218, 69, 0, 1506, 43, 0),
(1471, '9502', '9502', 'CONUCO VIEJO  NDA', '0295-269', 6, 17, 213, 69, 22, 0, 0, 0),
(1472, '9503', '9503', 'PEDRO LUIS BRICEÑO  NDA', '0295-269', 6, 17, 218, 181, 1, 0, 0, 0),
(1473, '9519', '9519', 'LAS GUEVARAS  NDA', '0295-297', 6, 17, 214, 259, 349, 0, 0, 0),
(1474, '9542', '9542', 'LA CRUZ DEL PASTEL  NDA', '0295-269', 6, 17, 214, 26, 10, 0, 0, 0),
(1475, '9543', '9543', 'COTOPERIZ I  NDA', '0295-269', 6, 17, 214, 28, 59, 0, 0, 0),
(1476, '9544', '9544', 'COTOPERIZ II  NDA', '0295-269', 6, 17, 214, 239, 50, 0, 0, 0),
(1477, '9545', '9545', 'VILLA SAN ANTONIO  NDA', '0295-2690', 6, 17, 213, 93, 1, 0, 0, 0),
(1478, '9546', '9546', 'LOMAS DE MARGARITA  NDA', '0295-269', 6, 17, 214, 542, 326, 0, 0, 0),
(1479, '9547', '9547', 'CHACACHACARE  NDA', '0295-291', 6, 17, 214, 385, 448, 0, 0, 0),
(1480, '9548', '9548', 'GUAYACANCITO  NDA', '0295-291', 6, 17, 214, 344, 398, 0, 0, 0),
(1481, '9553', '9553', 'EL GUAMACHE  NDA', '0295-297', 6, 17, 214, 219, 304, 0, 0, 0),
(1482, '9554', '9554', 'LAS HERNÁNDEZ  NDA', '0295-297', 6, 17, 214, 154, 199, 0, 0, 0),
(1483, '9555', '9555', 'PUNTA DE MANGLE  NDA', '0295-297', 6, 17, 219, 67, 90, 0, 0, 0),
(1484, '9557', '9557', 'LA BLANQUILLA  NDA', '0295-297', 6, 17, 219, 239, 315, 0, 0, 0),
(1485, '9516-7', '8817', 'VILLA ROSA  NDA', '0295-269', 6, 17, 213, 330, 39, 0, 0, 0),
(1486, '9508', '8818', 'SAN PEDRO DE COCHE  NDA', '0295-299', 6, 17, 213, 117, 0, 0, 0, 0),
(1487, '9552', '8842', 'EL YAQUE  NDA', '0295-269', 6, 17, 213, 265, 289, 0, 17, 17),
(1488, '9530', '8851', 'BOCA DE POZO', '0295-291', 6, 17, 213, 220, 128, 0, 0, 0),
(1489, '8819', '8819', 'BOCA DE RIO  NDA', '0295-291', 6, 17, 214, 41, 73, 0, 14, 0),
(1490, '9572', '8872', 'EL ESPINAL  NDA', '0295-297', 6, 17, 221, 34, 1, 0, 16, 0),
(1491, '9541', '8883', 'CONEJERO  NDA', '0295-2746', 6, 17, 214, 0, 0, 258, 200, 0),
(1492, '9528', '8883', 'CONEJERO  ( FURGÓN )', '0295-274', 6, 17, 219, 0, 0, 258, 200, 0);

-- --------------------------------------------------------

--
-- Estructura de tabla para la tabla `estado`
--

CREATE TABLE IF NOT EXISTS `estado` (
  `idestado` bigint(20) NOT NULL AUTO_INCREMENT,
  `nombre_estado` varchar(35) COLLATE utf8_spanish2_ci NOT NULL,
  PRIMARY KEY (`idestado`)
) ENGINE=InnoDB  DEFAULT CHARSET=utf8 COLLATE=utf8_spanish2_ci AUTO_INCREMENT=25 ;

--
-- Volcado de datos para la tabla `estado`
--

INSERT INTO `estado` (`idestado`, `nombre_estado`) VALUES
(1, 'Amazonas'),
(2, 'Anzoategui'),
(3, 'Apure'),
(4, 'Aragua'),
(5, 'Barinas'),
(6, 'Bolivar'),
(7, 'Carabobo'),
(8, 'Cojedes'),
(9, 'Delta Amacuro'),
(10, 'Distrito Capital'),
(11, 'Falcon'),
(12, 'Guarico'),
(13, 'Lara'),
(14, 'Merida'),
(15, 'Miranda'),
(16, 'Monagas'),
(17, 'Nueva Esparta'),
(18, 'Portuguesa'),
(19, 'Sucre'),
(20, 'Tachira'),
(21, 'Trujillo'),
(22, 'Vargas'),
(23, 'Yaracuy'),
(24, 'Zulia');

-- --------------------------------------------------------

--
-- Estructura de tabla para la tabla `fase_proyecto`
--

CREATE TABLE IF NOT EXISTS `fase_proyecto` (
  `id_fase` int(10) NOT NULL,
  `nombre_fase` varchar(255) COLLATE utf8_spanish2_ci NOT NULL,
  PRIMARY KEY (`id_fase`)
) ENGINE=InnoDB DEFAULT CHARSET=utf8 COLLATE=utf8_spanish2_ci;

--
-- Volcado de datos para la tabla `fase_proyecto`
--

INSERT INTO `fase_proyecto` (`id_fase`, `nombre_fase`) VALUES
(1, 'Inicio Solicitud'),
(2, 'Elaboracion de Propuesta'),
(3, 'Negociacion'),
(4, 'Implantacion');

-- --------------------------------------------------------

--
-- Estructura de tabla para la tabla `forma_de_pago`
--

CREATE TABLE IF NOT EXISTS `forma_de_pago` (
  `idforma_de_pago` bigint(20) NOT NULL AUTO_INCREMENT,
  `nombre_forma_de_pago` varchar(45) COLLATE utf8_spanish2_ci NOT NULL,
  PRIMARY KEY (`idforma_de_pago`)
) ENGINE=InnoDB  DEFAULT CHARSET=utf8 COLLATE=utf8_spanish2_ci AUTO_INCREMENT=3 ;

--
-- Volcado de datos para la tabla `forma_de_pago`
--

INSERT INTO `forma_de_pago` (`idforma_de_pago`, `nombre_forma_de_pago`) VALUES
(1, 'Recurrente'),
(2, 'Unico');

-- --------------------------------------------------------

--
-- Estructura de tabla para la tabla `gerencia`
--

CREATE TABLE IF NOT EXISTS `gerencia` (
  `idgerencia` bigint(20) NOT NULL AUTO_INCREMENT,
  `nombre_gerencia` varchar(150) COLLATE utf8_spanish2_ci NOT NULL,
  PRIMARY KEY (`idgerencia`)
) ENGINE=InnoDB  DEFAULT CHARSET=utf8 COLLATE=utf8_spanish2_ci AUTO_INCREMENT=7 ;

--
-- Volcado de datos para la tabla `gerencia`
--

INSERT INTO `gerencia` (`idgerencia`, `nombre_gerencia`) VALUES
(1, 'Gerencia de Sector Desarrollo Energetico y Minero'),
(2, 'Gerencia de Sector Desarrollo Regional y Local'),
(3, 'Gerencia de Sector Desarrollo Económico, Comercial e Industrial'),
(4, 'Gerencia de Sector Desarrollo Social  y  Calidad de  Vida'),
(5, 'Gerencia de Sector Desarrollo Alto Gobierno, Poderes Publicos, Seguridad y Defensa'),
(6, 'Gerencia de Consultoria, Servicios y Soluciones');

-- --------------------------------------------------------

--
-- Estructura de tabla para la tabla `gerencia_sector`
--

CREATE TABLE IF NOT EXISTS `gerencia_sector` (
  `idgerencia` bigint(20) NOT NULL,
  `idsector` bigint(20) NOT NULL,
  PRIMARY KEY (`idgerencia`,`idsector`),
  KEY `fk_gerencia_sector_idgerencia_idx` (`idgerencia`),
  KEY `fk_gerencia_sector_idsector_idx` (`idsector`)
) ENGINE=InnoDB DEFAULT CHARSET=utf8 COLLATE=utf8_spanish2_ci;

--
-- Volcado de datos para la tabla `gerencia_sector`
--

INSERT INTO `gerencia_sector` (`idgerencia`, `idsector`) VALUES
(1, 1),
(1, 2),
(1, 3),
(2, 4),
(2, 5),
(2, 6),
(2, 7),
(2, 8),
(3, 9),
(3, 10),
(4, 11),
(4, 12),
(5, 13),
(5, 14),
(5, 15),
(6, 16);

-- --------------------------------------------------------

--
-- Estructura de tabla para la tabla `institucion`
--

CREATE TABLE IF NOT EXISTS `institucion` (
  `rif_institucion` varchar(20) COLLATE utf8_spanish2_ci NOT NULL,
  `nombre_institucion` varchar(200) COLLATE utf8_spanish2_ci NOT NULL,
  PRIMARY KEY (`rif_institucion`)
) ENGINE=InnoDB DEFAULT CHARSET=utf8 COLLATE=utf8_spanish2_ci;

--
-- Volcado de datos para la tabla `institucion`
--

INSERT INTO `institucion` (`rif_institucion`, `nombre_institucion`) VALUES
('G000742799', 'CUERPO DE COMBEROS EDO VARGAS'),
('G200000015', 'MPP PARA RELACIONES INTERIORES'),
('G200000023', 'MIN DE RELACIONES EXTERIORES'),
('G200000031', 'MIN D EDO P LA INTEG Y COMERCIO EXTERIOR'),
('G200000040', 'MINT. DE LA DEFENSA'),
('G200000066', 'INST PTO AUT PTO CABELLO'),
('G200000090', 'MIN DE EDUC CULTURA Y DEPORTE'),
('G200000104', 'MPP PARA LA SALUD Y PROTECCION SOCIAL'),
('G200000120', 'MINT. DEL TRABAJO'),
('G200000147', 'MPP PARA LA INFRAESTRUCTURA'),
('G200000155', 'MPP PARA EL AMBIENTE'),
('G200000198', 'GOB EDO COJEDES'),
('G200000210', 'ALC MCPIO BOLIVAR'),
('G200000244', 'INST NAC DE ESTADISTICAS'),
('G200000252', 'ASAMBLEA NACIONAL'),
('G200000260', 'CONTRALORIA GRAL REP.'),
('G200000279', 'CONSEJO NAC. ELECTORAL'),
('G200000287', 'DIRECCION EJECUTIVA DE LA MAGISTRATURA'),
('G200000309', 'TRIBUNAL SUPREMO DE JUST.'),
('G200000325', 'MINT. PUBLICO'),
('G200000333', 'GOB EDO LARA'),
('G200000406', 'UNIV DE LOS ANDES'),
('G200000414', 'UNIV DE CARABOBO'),
('G200000430', 'INST POSTAL TELEGRAFICO'),
('G200000449', 'FUND TEATRO TERESA CARREÑO'),
('G200000457', 'INST NAC DEL MENOS'),
('G200000465', 'INST NACIONAL DE DEPORTES'),
('G200000481', 'CONSEJO NACIONAL DE LA CULTURA'),
('G200000520', 'UNIV DE ORIENTE'),
('G200000546', 'F O N D U R'),
('G200000562', 'EMPRESA INMOBILIARIA PARQUE CENTRAL C A'),
('G200000589', 'CIRCULO DE LAS FFAA'),
('G200000597', 'OFICINA NACIONAL DE PRESUPUESTO (ONAPRE)'),
('G200000627', 'UNIV CENTRAL DE VENEZUELA'),
('G200000635', 'UNIV SIMON BOLIVAR'),
('G200000643', 'UNIV SIMON RODRIGUEZ'),
('G200000686', 'UNIV NACIONAL ABIERTA'),
('G200000694', 'UNIV EXP RAFAEL MARIA BARALT'),
('G200000716', 'INST UNIV PEDAG BQTO'),
('G200000732', 'INST UNIV DE TECN DR FEDERICO RIVERO PALACIO'),
('G200000767', 'INST AUT BIBLIOTECA NACIONAL'),
('G200000775', 'UNIV LISANDRO ALVARADO'),
('G200000805', 'COLEGIO UNIVERSITARIO DE CARACAS'),
('G200000813', 'COLEGIO UNIVERS FRANCISCO DE MIRANDA'),
('G200000856', 'BANCO NACIONAL DE VIVIENDA Y HABITAT'),
('G200000929', 'CONSEJO NACIONAL DE UNIV.ES'),
('G200000953', 'INST. NAC. DE INVESTIGACIONES. AGRICOLAS'),
('G200000970', 'Inst DE MEJORAMIENTO PROFESIONAL DEL MAGISTERIO'),
('G200000988', 'HOSP UNIV CARACAS'),
('G200000996', 'INST DE LA VIVIENDA EDO FALCON'),
('G200001011', 'INST NAC DE HIGIENE RAFAEL RANGEL'),
('G200001020', 'INST AGRARIO NACIONAL'),
('G200001070', 'PEQUIVEN'),
('G200001100', 'BANCO CENTRAL DE VENEZUELA'),
('G200001143', 'INST UNIV EXP TCNLG A E BLAN'),
('G200001178', 'FESNOJIV'),
('G200001224', 'GOB EDO ANZOATEGUI'),
('G200001240', 'INST AUT DE FERROCARRILES DEL EDO'),
('G200001321', 'CORPORACION DE LOS ANDES'),
('G200001330', 'FUND REG CENTRO FUDECO EDO LARA'),
('G200001437', 'PROCURAD GRAL LA REPUB.'),
('G200001461', 'PROCURADURIA AGRARIA NACIONAL'),
('G200001496', 'GOB EDO ARAGUA'),
('G200001500', 'GOB EDO BARINAS'),
('G200001526', 'GOB EDO CARABOBO'),
('G200001534', 'ALCD. METROPOLITANA CCS'),
('G200001542', 'GOB EDO FALCON'),
('G200001550', 'GOB EDO GUARICO'),
('G200001569', 'GOB EDO MERIDA'),
('G200001577', 'GOB EDO NVA ESPARTA'),
('G200001585', 'GOB EDO PORTUGUESA'),
('G200001607', 'GOB EDO TACHIRA'),
('G200001615', 'GOB EDO TRUJILLO'),
('G200001623', 'GOB EDO AMAZONAS'),
('G200001631', 'GOB DELTA AMACURO'),
('G200001640', 'GOB EDO YARACUY'),
('G200001674', 'UNIV NAC EXP POL AJ DE SUCRE'),
('G200001690', 'ALC DEL MCPIO MIRANDA EDO FALCON'),
('G200001704', 'COMISION NACIONAL DE VALORES'),
('G200001720', 'ALCD. MCPIO BEJUMA'),
('G200001747', 'ALC DEL MCPIO JULIAN MELLADO'),
('G200001763', 'EMBAJADA DE PORTUGAL'),
('G200001771', 'IMAPSAS'),
('G200001860', 'FONDAPFA'),
('G200001879', 'ALC DEL MUN AUT LAS MERCEDES DEL LLANO'),
('G200001887', 'ALCD. DEL MCPIO TINACO'),
('G200001895', 'ALCD. DEL MCPIO TUREN'),
('G200001909', 'ALCD. MCPIO ESTELLER'),
('G200001917', 'PRO-CompetenciA'),
('G200001925', 'ALCD. MCPIO INFANTE EDO GUARICO'),
('G200001933', 'INST UNIV TECNOLOGICO LOS LLANOS'),
('G200001941', 'ALC MCPIO CHACAO'),
('G200001968', 'ALCD. MCPIO ARAURE'),
('G200001976', 'FUNDELA EDO LARA'),
('G200001984', 'ALCD. MCPIO MONTALBAN EDO CARABOBO'),
('G200001992', 'INST. MCPAL. DEL AMBIENTE IMA'),
('G200002000', 'INST AUT DE AEROPUERTOS DEL EDO CARABOBO'),
('G200002018', 'ALC MCPIO EL HATILLO'),
('G200002034', 'ALC MCPIO EZEQUIEL Z EDO MONAGAS'),
('G200002050', 'INST MCPAL AGUAS DE SUCRE'),
('G200002069', 'INST AUT POLICIA MCPAL. DE BARUTA'),
('G200002077', 'ALC MCPIO IRIBARREN'),
('G200002085', 'ALC MCPIO LIBERTADOR-MERIDA'),
('G200002093', 'ALCD. MCPIO PIRITU EDO ANZOATEGUI'),
('G200002115', 'ALC MCPAL MCPIO AUT CHAGUARAMAS'),
('G200002123', 'ALC MCPIO LIBERTADOR'),
('G200002131', 'ALCD. DEL MCPIO FALCON'),
('G200002140', 'NOTARIA PUB 1ERA DE SAN CRISTOBALL'),
('G200002158', 'ALC BOL D MUN AUT JUAN G ROSCIO'),
('G200002174', 'INCE CONSTRUCCION EDO CARABOBO'),
('G200002182', 'IMASEO '),
('G200002190', 'ALC MCPIO ZAMORA'),
('G200002204', 'ALC MCPIO RAFAEL G URDANETA'),
('G200002220', 'COMISION LEGISLATIVA EDO BOLIVAR'),
('G200002255', 'ALCD. DEL MCPIO CARVAJAL'),
('G200002263', 'ALCD. DEL MCPIO LOS TAQUES'),
('G200002301', 'CUERPO BOMBEROS DE EL VIGIA'),
('G200002310', 'ALCD. MCPIO ZEA EDO MERIDA'),
('G200002328', 'CONSEJO LEGISLATIVO DEL EDO LARA'),
('G200002336', 'CASA DE LA CULTURA FRANCISCO LAZO MARTI'),
('G200002379', 'ALC MCPIO SUCRE'),
('G200002395', 'CONTRALORIA MCPAL. DEL MCPIO CHACAO'),
('G200002400', 'CONSEJO MCPAL. DISTRITO SOSA'),
('G200002417', 'FUNREVI'),
('G200002425', 'SAVIR'),
('G200002433', 'INST UNIV DE TECNOLOGIA AGRO-INDUSTRIAL'),
('G200002476', 'HOTEL PRADO RIO'),
('G200002484', 'CONTRALORIA EDO YARACUY'),
('G200002492', 'ALC DEL MCPIO AUT. ROJAS'),
('G200002522', 'GOB EDO BOLIVAR'),
('G200002530', 'ALCD. MCPIO ATURES EDO AMAZONAS'),
('G200002549', 'CONTRALORIA EDO BOLIVAR'),
('G200002565', 'ALC MCPIO JUAN JOSE MORA'),
('G200002603', 'FONDO DE DESARROLLO AGRICOLA'),
('G200002611', 'GOB. EDO. SUCRE 171'),
('G200002646', 'FUND. REGIONAL VIVIENDA EDO LARA'),
('G200002727', 'ALCD. MCPIO BUCHIVACOA'),
('G200002735', 'PROCURADURIA EDO MONAGAS'),
('G200002743', 'PROCURADURIA EDO BOLIVAR'),
('G200002751', 'CONTRALORIA MUNIC EL MUN EL HATILLO'),
('G200002808', 'FUND P EL MEJ MUNIC DL M SUCRE'),
('G200002816', 'FONDEPMI'),
('G200002824', 'ALCD. MCPIO PIAR EDO MONAGAS'),
('G200002832', 'CORPOLLANOS'),
('G200002859', 'ALC MCPIO BARINAS'),
('G200002891', 'CONTRALORIA EDO ANZOATEGUI'),
('G200002905', 'ALC MCPIO AUT. GUACARA'),
('G200002913', 'INST. DEL DEPORTE DEL EDO MONAGAS (INDEM)'),
('G200002930', 'CONTRALORIA EDO MIRANDA'),
('G200002972', 'ALCD. MCPIO PE?A EDO YARACUY'),
('G200002999', 'ALCD. DEL MCPIO URDANETA'),
('G200003006', 'ALCD. JULIO CESAR SALAS'),
('G200003022', 'FOCAPMIAR'),
('G200003030', 'SENIAT'),
('G200003049', 'SERV.AUT D PROT.CIVIL Y ADMON.DE DESAST D ARAF'),
('G200003057', 'ALCD. MCPIO BRUZUAL'),
('G200003065', 'CONTRALORIA MCPAL. SAN RAFAEL DE ONOTO'),
('G200003073', 'FUNDACREPO'),
('G200003081', 'INST DE VIALIDAD Y TRANSPORTE DEL EDO MONAGAS'),
('G200003090', 'NOTARIA PUB 2DA DE SAN CRISTOBAL'),
('G200003111', 'CONTRALORIA EDO LARA'),
('G200003146', 'NOTARIA PUB. DE CORO'),
('G200003189', 'ALC DEL MCPIO JOSE ANTONIO PAEZ'),
('G200003243', 'ALCD. DEL MCPIO JIMENEZ'),
('G200003251', 'ALCD. DEL MCPIO CARIRUBANA'),
('G200003278', 'CORP TACHIRENSE DE TURISMO'),
('G200003286', 'ALC BOLI D MCPIO AUT COLINA EDO FALCON'),
('G200003294', 'FIDES'),
('G200003316', 'FUND. EDO DELTA AMACURO PARA LA VIVIENDA'),
('G200003340', 'INST. ARAGUE?O DE LA JUVENTUD'),
('G200003359', 'NOTARIA PUB 4TA DE SAN CRISTOBAL'),
('G200003375', 'INST. AUT. DE POLICIA MCPAL. EDO CARABOBO'),
('G200003391', 'INST NAC.DE PRECA Y ACU'),
('G200003405', 'NOTARIA PUB 3ERA DE SAN CRISTOBAL'),
('G200003413', 'CONSEJO NACIONAL DE FRONTERA'),
('G200003430', 'CONSEJO BANCARIO NACIONAL'),
('G200003448', 'REG MER 1ERO CIRCUN JUDI EDO TACHIRA'),
('G200003456', 'S. AUT. H. VARGAS DE CARACAS'),
('G200003464', 'ALC DEL MCPIO ARISMENDI'),
('G200003472', 'ALC MCPIO ANTOLIN DEL CAMPO'),
('G200003480', 'ALCD. MCPIO MARI?O'),
('G200003499', 'ALCD. MCPIO GARCIA'),
('G200003529', 'REG SUBALT CARDENAS'),
('G200003537', 'ALCD. MCPIO MARCANO'),
('G200003545', 'ALCD. MCPIO MANEIRO'),
('G200003553', 'ALCD. MCPIO DIAZ'),
('G200003570', 'CORPORACION TRUJILLANA DE TU'),
('G200003588', 'CONTRALORIA MCPAL. LOS SALIAS EDO MIRANDA'),
('G200003634', 'ALC MCPIO CARONI'),
('G200003669', 'INST SALUD PUB.'),
('G200003677', 'S A R M I P G R U'),
('G200003685', 'NOTARIA PUB DE SAN JUAN'),
('G200003693', 'REG SUBALT MCPIO AYACUCHO EDO TACHIRA'),
('G200003699', 'INST. DE SALUD PUB.'),
('G200003707', 'FONOEP'),
('G200003740', 'ALCD. MCPIO GUANIPA'),
('G200003774', 'REG MER 3ERO CIRCU JUD EDO TACHIRA'),
('G200003804', 'REG MER SEG DEL CIRCUITO J EDO FALCON'),
('G200003871', 'DIRECCION GENERAL DE PROTECCION CIVIL'),
('G200003880', 'SERV N AUT INT SENIFA'),
('G200003901', 'ALCD. MCPIO GUANTA'),
('G200003936', 'CONTRALORIA MCPAL. MONS JOSE VICENTE DE UNDA'),
('G200003995', 'NOTARIA PUB 4TA DE BQTO'),
('G200004002', 'ALC MNCP MONSE?OR JOSE V DE UNDA'),
('G200004029', 'ALC DEL MCPIO JOSE ANGEL LAMAS'),
('G200004037', 'NOTARIA PUB 2DA DE MERIDA'),
('G200004053', 'ALC BOLIVARIANA DEL MCPIO AGUASAY'),
('G200004061', 'ALC MCPIO SAN FERNANDO'),
('G200004088', 'MINT. DE ENERGIA Y PETROLEO'),
('G200004118', 'FDO DE CREDITO INDUSTRIAL'),
('G200004126', 'INST. MCPAL. DE DEPORTE Y RECREAC'),
('G200004142', 'ALCD. DEL MCPIO CEDE?O'),
('G200004150', 'CONSEJO MCPAL AUT BRUZUAL'),
('G200004169', 'ALCD. MCPIO URACOA EDO MONAGAS'),
('G200004177', 'PROCURADURIA EDO TRUJILLO'),
('G200004207', 'ALCD. MCPIO LIBERTAD'),
('G200004215', 'REG MER 2DO MERIDA'),
('G200004223', 'ALCD. SANTA BARBARA EDO MONAGAS'),
('G200004231', 'ALC DEL MCPIO PEDRO MARIA FREITES'),
('G200004258', 'CONTRALORIA EDO CARABOBO'),
('G200004266', 'CONTRALORIA EDO AMAZONAS'),
('G200004274', 'CORPOSALUD ARAGUA'),
('G200004282', 'ALC MCPIO VARGAS'),
('G200004320', 'ALC MCPIO JUAN CAMPO ELIAS'),
('G200004339', 'ALCD. DEL MCPIO TRUJILLO'),
('G200004380', 'INST NAC DE NUTRICION'),
('G200004401', 'ALCD. MCPIO VALERA EDO TRUJILLO'),
('G200004410', 'INST POLICIA MCPIO SAN FRANCISCO'),
('G200004436', 'ALCD. MCPIO CAJIGAL'),
('G200004452', 'Club Social Guardia NacionaL'),
('G200004460', 'INST AUT VIAL TRANSPORTE EDO YARACUY'),
('G200004509', 'IMAUTO'),
('G200004525', 'Ofic Coord De Apoyo Maritimo De La Armada'),
('G200004550', 'ALCD. MCPIO ROMULO GALLEGOS'),
('G200004576', 'ALCD. DEL MCPIO CABIMAS'),
('G200004592', 'INST. DE VIVIENDAS Y EQUIPAMENTO DE BARRIOS CA'),
('G200004606', 'NOTARIA PUB 3ERA DE VALENCIA'),
('G200004614', 'REG MER D/L/CIR JUD D/EDO LARA'),
('G200004630', 'ALCD. DEL MCPIO ARISTIDES BASTIDAS.'),
('G200004649', 'UCOCAR'),
('G200004657', 'ALCD. MCPIO LOS GUAYOS EDO CARABOBO'),
('G200004665', 'CONTRALORIA DEL MCPIO MIRANDA'),
('G200004673', 'ALCD. MCPIO TORRES'),
('G200004681', 'ALCD. DEL MCPIO CARACHE'),
('G200004703', 'ALC MCPIO AGUA BLANCA'),
('G200004738', 'PROCURADURIA EDO MIRANDA'),
('G200004746', 'CONTRALORIA MCPIO JIMENEZ EDO LARA'),
('G200004754', 'INST. DE VIALIDAD DEL EDO LARA'),
('G200004762', 'ALC MCPIO PEDRO MARIA UREÑA'),
('G200004770', 'INST. VIAL DEL EDO FALCON'),
('G200004789', 'ALCD. MCPIO URDANETA EDO LARA'),
('G200004797', 'ALC. MCPIO. SAN CRISTOBAL'),
('G200004819', 'ALCD. MCPIO ANDRES BELLO'),
('G200004851', 'CONSEJO LEGISLATIVO DEL EDO GUARICO'),
('G200004854', 'ALC MCPIO AUTANA EDO AMAZONAS'),
('G200004908', 'REG PRINCIPAL EDO MERIDA'),
('G200004924', 'SUNACCOP'),
('G200004932', 'ALCD. MCPIO JUNIN EDO TACHIRA'),
('G200004975', 'ALC MCPIO ARAGUA'),
('G200004983', 'ALCD. DEL MCPIO PEDRAZA'),
('G200004991', 'CONTRAL MCPAL MCPIO LIB DL DTO FEDERAL'),
('G200005068', 'CONTRALORIA MCPAL. DE SAN FRANCISCO'),
('G200005084', 'INST. REGIONAL DE DEPORTE DE ARAGUA'),
('G200005114', 'ALCD. BOLIVARIANA DE SAN RAFAEL DE ONOTO'),
('G200005130', 'FUND DE DESARROLLO SOCIAL EDO TACHIRA'),
('G200005190', 'CONSEJO LEGISLATIVO DEL EDO ANZOATEGUI'),
('G200005203', 'SERV AUT AEROPU DL EDO SUCRE'),
('G200005211', 'CONSEJO LEGISLATIVO DEL EDO MONAGAS'),
('G200005238', 'CONTRALORIA EDO TACHIRA'),
('G200005246', 'INST AUT POLICIA EDO ARAGUA'),
('G200005254', 'ALCD. MCPIO PAMPANITO'),
('G200005262', 'ALC DEL MCPIO GRAL S GREGORI MC F'),
('G200005289', 'FUND. INST. ZULIANO DE ESTUDIOS FRONTERIZOS'),
('G200005297', 'ALC DEL MCPIO SAN FRANCISCO'),
('G200005300', 'C E V A'),
('G200005319', 'NOTARIA PUB DE EL TOCUYO EDO LARA'),
('G200005335', 'CORPORACION DE TURISMO EDO NVA ESPARTA'),
('G200005360', 'REG PRINCIPAL DEL EDO TRUJILLO'),
('G200005386', 'PROCURADURIA EDO ZULIA'),
('G200005416', 'ALCD. DEL MCPIO BOLIVAR'),
('G200005440', 'COLEGIO UNIV JOSE LORENZO PEREZ'),
('G200005491', 'INST. MCPAL. DE ASEO URBANO Y DOMICILIO'),
('G200005505', 'REG MER DEL EDO COJEDES'),
('G200005521', 'REG SUBALT DEL MCPIO BOLIVAR'),
('G200005556', 'ALCD. MCPIO RAUL LEONI EDO BOLIVAR'),
('G200005564', 'REG. MERCANTIL CUARTO'),
('G200005629', 'NOTARIA PUB DE TRUJILLO'),
('G200005645', 'INST AUT MCPAL. POLICIA DE LOS GUAYOS'),
('G200005653', 'SAVIEZ'),
('G200005661', 'ALCD. MCPIO MIRANDA EDO CARABOBO'),
('G200005670', 'ALCD. MCPIO SIMON BOLIVAR EDO ZULIA'),
('G200005688', 'CONTRALORIA EDO DELTA AMACURO'),
('G200005718', 'POLICIA MCPIO GIRARDOT'),
('G200005734', 'ALC MCPIO SIMON PLANAS'),
('G200005742', 'INST AUT DE BIBLIO E INF D MIRANDA'),
('G200005840', 'CONTRALORIA MCPAL. DE MARACAIBO'),
('G200005866', 'INST MCPAL. VIVIENDA MCPIO GIRARDOT'),
('G200005904', 'SERV AUT. LOTERIA DE ARAGUA'),
('G200005912', 'ALC MCPIO FCO JAVIER PULGAR'),
('G200005920', 'ALCD. MCPIO CRESPO'),
('G200005947', 'Inst AUT POLICIA EDO YARACUY'),
('G200005980', 'ZONA EDUCATIVA EDO ZULIA'),
('G200006013', 'ALC MCPIO '),
('G200006048', 'ALCD. DEL MCPIO LA TRINIDAD'),
('G200006056', 'ALC MCPIO MARACAIBO'),
('G200006080', 'ALCD. MCPIO SUCRE EDO ZULIA'),
('G200006102', 'ALCD. DEL MCPIO AUT ATABAPO'),
('G200006129', 'NOTARIA PUB. 1ERA DE PUNTO FIJO'),
('G200006145', 'ALCD. MCPIO BOLIVAR (AROA, EDO YARACUY)'),
('G200006153', 'ALC MCPIO MIRANDA'),
('G200006196', 'S.E.FAR'),
('G200006200', 'CONTRALORIA MCPAL. DEL MCPIO SAN CRISTOBAL EDO TACHIRA'),
('G200006242', 'ALCD. MCPIO ZARAZA EDO GUARICO'),
('G200006250', 'ALCD. MCPIO SIMON RODRIGUEZ'),
('G200006277', 'GERIATRICO SAN MATEO EDO ARAGUA'),
('G200006293', 'CONTRALORIA MCPAL. ROSARIO DE PERIJA'),
('G200006307', 'INST DE ALTOS ESTUD DIPLOMAT PEDRO GUAL'),
('G200006315', 'ALCD. MCPIO NIRGUA'),
('G200006323', 'INST NACIONAL DE PARQUES'),
('G200006340', 'ALCD. MCPIO INDEPENDENCIA EDO YARACUY'),
('G200006366', 'ALCD. MCPIO ZAMORA'),
('G200006374', 'ALCD. MCPIO VEROES EDO YARACUY'),
('G200006382', 'CONSEJO LEGISLATIVO DEL EDO BARINAS'),
('G200006404', 'ALC MICPIO PUEBLO LLANO'),
('G200006447', 'REG SUBALT 2DO CIRCUITO'),
('G200006471', 'HOSPITAL UNIVERSITARIO DE MCBO'),
('G200006480', 'CONSEJO LEGISLATIVO EDO YARACUY'),
('G200006501', 'REG PUB DEL MCPIO LIBERTADOR Y FERNANDEZ FEO'),
('G200006528', 'ALC DEL MCPIO COCOROTE'),
('G200006544', 'CUERPO DE BOMBER.SAN CRISTOBAL'),
('G200006579', 'CONSEJO LEGISLATIVO EDO MIRANDA'),
('G200006595', 'ALCD. MCPIO GUASIMOS EDO TACHIRA'),
('G200006609', 'ALC MCPIO GUANARE'),
('G200006617', 'ALCD. MCPIO OSPINO'),
('G200006641', 'ALCD. MCPIO DABAJURO'),
('G200006668', 'ALC MCPIO ANDRES ELOY BLANCO'),
('G200006684', 'INST REGIONAL DE DEPORTES BARINAS EDO BARINAS'),
('G200006692', 'POLICIA MCPAL. DE BARINAS'),
('G200006706', 'AUT MET D/TRANS PUB TRANS Y CIR BARQ-CAB'),
('G200006714', 'ALCD. MCPIO SUCRE'),
('G200006722', 'INST. DE CULTURA DEL EDO PORTUGUESA'),
('G200006730', 'ALCD. MCPIO MORAN EDO LARA'),
('G200006749', 'INST DE VIALIDAD Y TRANSP DEL EDO PORTUGUESA'),
('G200006765', 'INST. DE VIALIDAD Y TRANSPORTE DEL E'),
('G200006773', 'NOTARIA PUB DE CABUDARE EDO LARA'),
('G200006781', 'INST. AUT. DE INFRAESTRUCTURA EDO YARACUY'),
('G200006803', 'REG. PUBLICO DE CHACAO'),
('G200006820', 'FUND POLIEDRO DE CARACAS'),
('G200006838', 'CONAPDIS'),
('G200006846', 'COMISION NACIONAL DE CASINOS'),
('G200006889', 'NOTARIA PUB EL VIJIA'),
('G200006900', 'CONTRALORIA MCPAL'),
('G200006960', 'ALCD. MCPIO BOCONO'),
('G200006986', 'ALCD. MCPIO PEDRO GUAL'),
('G200007010', 'ALC MCPIO EZEQUIEL ZAMORA'),
('G200007052', 'REG. MERCANTIL VII DTT FED'),
('G200007060', 'INST AUT CENTRO NACIONAL DEL LIBRO'),
('G200007079', 'NOTARIA PUB. CUARTA DEL MCPIO BARUTA'),
('G200007109', 'CORPOTURISMO EDO PORTUGUESA'),
('G200007117', 'COMAN UNID NO 41 C TRANS TERR'),
('G200007125', 'REG MER 1ERO EDO MERIDA'),
('G200007150', 'NOTARIA PUB. DE QUIBOR'),
('G200007168', 'ALCD. DEL MCPIO LA CEIBA'),
('G200007184', 'NOTARIA PUB 8VA DE MCBO'),
('G200007206', 'UNIDAD COORDINADORA E R S A PROGRAMAS EDUC EDO SUCRE'),
('G200007214', 'NOTARIA PUB DE ARAURE'),
('G200007222', 'CONSULADO COLOMBIA PTO ORDAZ'),
('G200007257', 'NOTARIA PUB 1ERA DE COJEDES'),
('G200007273', 'INST AUTON DEL DEPRT MCP LA TRINIDAD-YAR'),
('G200007290', 'ALCD. DE MCPIO GOMEZ'),
('G200007338', 'DISIP'),
('G200007346', 'INST. AUT. DE ASISTENCIA Y FINANCIAMIENTO DE LOS PESCADORES'),
('G200007354', 'ALCD. MCPIO URIBANTE EDO TACHIRA'),
('G200007397', 'REG MER II DEL EDO NVA ESPARTA'),
('G200007419', 'CONSEJO LEGISLATIVO DEL EDO. TRUJILLO'),
('G200007427', 'NOTARIA PUB SAN FRANCISCO'),
('G200007451', 'REG SUBALT DEL MCPIO MARIÑO'),
('G200007460', 'IMVIH SucrE'),
('G200007478', 'NOTARIA PUB 5TA DE SAN CRISTOBAL'),
('G200007559', 'ALCD. MCPIO ROSCIO EDO BOLIVAR'),
('G200007579', 'ALC MCPIO ROSCIO (GUASIPATI)'),
('G200007591', 'INST MCPAL DE VIVIENDA Y HABITAT MCPIO SAN GENARO DE BOC'),
('G200007605', 'FUND SERV DE ATEN DEL ZULIA'),
('G200007613', 'ALCD. MCPIO PAPELON EDO PORTUGUESA'),
('G200007630', 'INST. MCPAL. DE LA VIVIENDA'),
('G200007664', 'ALC MCPAL LA CA?ADA DE URDANETA'),
('G200007699', 'NOTARIA PUB 39 MCPIO LIBERTADOR'),
('G200007737', 'ALCD. DEL MCPIO URUMACO'),
('G200007745', 'CONTRALORIA EDO BARINAS'),
('G200007761', 'OFIC SUBAL REG. PUBLICO MCPIO INDEPENDENCIA Y LIBERTAD'),
('G200007770', 'REG.MERC.PRIMERO DTT FED'),
('G200007796', 'REG. PRINCIPAL EDO FALCON'),
('G200007818', 'FUND. DEL NIÑO SECCIONAL BARINAS'),
('G200007869', 'S N A'),
('G200007940', 'IRMANE'),
('G200007958', 'NOTARIA PUB. 1RA. DEL MCPIO. SUCRE EDO. MIRANDA'),
('G200007974', 'SASPJ REG PUB 4TO CIRC DF'),
('G200007990', 'INST DE ATENCION AL MENOR EDO NVA ESPARTA'),
('G200008024', 'NOTARIA PUB DE SAN ANTONIO EDO TACHIRA'),
('G200008032', 'PROCURADURIA EDO MERIDA'),
('G200008040', 'SUCRE REG. SUBALT MCPIO'),
('G200008059', 'REG SUBALT DTTO JUNIN'),
('G200008067', 'REG PRINCIPAL DEL EDO TACHIRA'),
('G200008075', 'CAMARA MCPAL.'),
('G200008105', 'CONTRALORIA MCPIO BARINAS EDO BARINAS'),
('G200008148', 'REG SUBALT 2DO CIRCUITO MINCP MATURIN -MONAGAS'),
('G200008156', 'AGUAS DE PORTUGUESA, C.A.'),
('G200008164', 'ALCD. DEL MCPIO PAZ CASTILLO'),
('G200008172', 'CUERPO DE BOMBEROS MCPIO SUCRE'),
('G200008180', 'NOTARIA PUB DE HIGUEROTE'),
('G200008199', 'CORPORACION DE SALUD DEL EDO MERIDA'),
('G200008202', 'NOTARIA PUB CUADRAGESIMA PRIMERA C'),
('G200008210', 'CONTRALORIA EDO MERIDA'),
('G200008229', 'REG PUB 1ER CIRCUITO DEL MCPIO MARACAIBO EDO ZULIA'),
('G200008245', 'Dir. Trans. Terrestre El LLanito'),
('G200008261', 'CONATEL'),
('G200008288', 'REG. PÚBLICO DEL SEGUNDO CIRCUITO EDO VARGAS'),
('G200008318', 'AGUAS DE YARACUY CA'),
('G200008326', 'NOTARIA PUB 6TA DE VALENCIA'),
('G200008407', 'UNIV NACIONAL EXP DEL YARACUY'),
('G200008415', 'NOTARIA PUB CUADRAGESIMA 4TA DE CARACAS'),
('G200008440', 'REG MER 5TO DEL EDO ZULIA'),
('G200008458', 'REG SUBALT II CIRCUITO DEL EDO ZULIA'),
('G200008474', 'NOTARIA PUB. DECIMA SEXTA DE CARACAS'),
('G200008547', 'REG MERCANTIL IV DE LA CIRCUNSC JUDICIAL'),
('G200008555', 'REG MER 1ERO DEL EDO TRUJILLO'),
('G200008563', 'REG SUBALT MCPIO BOLIVAR EDO TACHIRA'),
('G200008598', 'NOTARIA PUB. TRIGESIMA TERCERA DEL MCPIO LIBERTADOR'),
('G200008601', 'NOTARIA PUB 3ERA MCBO'),
('G200008610', 'NOTARIA P.OCTAVA DM LIBERTADOR'),
('G200008628', 'REG. PPAL DEL EDO MIRANDA'),
('G200008644', 'INST. AUT. MCPAL. DE VIALIDAD'),
('G200008679', 'CONSEJO LEGISLATIVO DEL EDO ZULIA'),
('G200008725', 'NOTARIA PUB. PRIMERA DEL MCPIO CHACAO'),
('G200008741', 'NOTARIA PUB 3ERA DE PTO LA CRUZ'),
('G200008768', 'OFIC S DEL 6 CIRCUITO DE RPM'),
('G200008776', 'REG SUBALT DEL MCPIO LAGUNILLAS'),
('G200008784', 'NOTARIA PUB. DECIMA SEPTIMA DE CARACAS'),
('G200008792', 'NOTARIA PUB. TERCERA DEL MCPIO SUCRE'),
('G200008814', 'REG MER 1ERO DEL EDO ZULIA'),
('G200008822', 'NOTARIA PUB DE PAMPATAR'),
('G200008830', 'ALC DEL MCPIO AUT SUCRE'),
('G200008857', 'REG SUBALT M STA RITA Y CABIM'),
('G200008865', 'INST AUT MCPAL DE PROTEC CIVIL Y AMBIENTE-CHACAO'),
('G200008881', 'NOTARIA PUB 4TA DE VALENCIA'),
('G200008903', 'REG. PPAL DPTO LIBERTADOR DTT FED'),
('G200008920', 'REG MER D LA CIRC JUDICUAL  EDO MONAGAS'),
('G200008962', 'NOTARIA PUB 4TA DE MARACAY'),
('G200008997', 'NOTARIA PUB.-2DA DEL MUNP LIBERTADOR'),
('G200009020', 'ALCD. MCPIO SAN GENARO BOCONOITO'),
('G200009071', 'REG MER 5TO DDF Y EM'),
('G200009098', 'I VIV DEL MCPIO J.E.L.'),
('G200009128', 'REG SUBALT 2DO CTO DE VALENCIA'),
('G200009136', 'REG SUBALT DEL MCPIO PLAZA'),
('G200009144', 'NOTARIA PUB 1ERA DE EL TIGRE'),
('G200009152', 'REG. MERCANTIL III DIST CAPITAL Y EDO MIRANDA'),
('G200009179', 'REG. SUBALT EDO LARA'),
('G200009187', 'NOTARIA PUB SEPTIMA DE MUNCP SUCRE'),
('G200009209', 'NOTARIA PUB VIGESIMA 4TA'),
('G200009225', 'CORPORACION DE SALUD DEL EDO TACHIRA'),
('G200009268', 'OFICINA S.DEL 2DO C.R.P BARUTA'),
('G200009276', 'REG SUBALT ALBERTO AREVALO'),
('G200009284', 'NOTARIA PUB 5TA DEL MCPIO BARUTA'),
('G200009322', 'NOTARIA PUB 2DA DE VALENCIA'),
('G200009349', 'CONTRALORIA EDO TRUJILLO'),
('G200009357', 'NOTARIA PUB QTA DEL MUNIC EDO SUCRE'),
('G200009403', 'NOT PUB SEPTIMA MCPIO BARUTA'),
('G200009411', 'NOTARIA PUB 1ERA DE MARACAY'),
('G200009420', 'COMD GRAL DE LA FUERZA AEREA'),
('G200009438', 'REG SUBALT GUAICAIPURO'),
('G200009462', 'NOTARIA PUB DE CUMANA'),
('G200009527', 'NOTARIA PUB GUASDUALITO'),
('G200009535', 'REG PRINCIPAL EDO NVA ESPARTA'),
('G200009551', 'NOTARIA PUB EJIDO'),
('G200009594', 'ALCD. DEL MCPIO PAMPAN'),
('G200009608', 'REG SUBALT MCPIO SAN FRANCISCO'),
('G200009632', 'REG SUBALT REG SUBALT DTTO SOTILLO'),
('G200009640', 'SERV AUT. ENSAYO MTTLS'),
('G200009659', 'NOT PUB. VIGESIMA DEL MCPIO BOLIVARIANO LIBERTADOR'),
('G200009691', 'REG SUBALT DEL MCPIO PAEZ EDO MIRANDA'),
('G200009802', 'NOTARÍA PÚBLICA SEGUNDA DEL MCPIO CHACAO'),
('G200009829', 'NOTARIA PUB. DE YARITAGUA'),
('G200009853', 'REG PRINCIPAL DEL EDO CARABOBO'),
('G200009918', 'NOTARIA PUB 1ERA DE VALENCIA EDO CARABOBO'),
('G200009985', 'CONTRALORIA MCPAL. LA CA?ADA DE URDANETA EDO ZULIA'),
('G200009993', 'ALCD. MCPIO GUANARITO'),
('G200010010', 'NOTARIA PUB 2DA DE MARACAY'),
('G200010037', 'REG SUBALT DEL MCPIO TORRES'),
('G200010096', 'SERV AUT. DE REG.S PRINCIPAL DEL EDO ZULIA'),
('G200010126', 'FDO P EL FOM Y PROMO D L  ARTES PEQ Y MED EMP EDO LARA'),
('G200010177', 'REG PRINCIPAL EDO LARA'),
('G200010185', 'NOTARIA PUB DE CALABOZO'),
('G200010193', 'CONTRALORIA MCPIO PTO CABELLO EDO CARABOBO'),
('G200010207', 'NOTARIA PUB DE SEBORUCO'),
('G200010290', 'REG MERC SEG C J EDO LARA'),
('G200010312', 'NOTARIA PUB. DEL MCPIO LOS SALIAS,MIRANDA'),
('G200010320', 'C I C P C'),
('G200010363', 'CONTRALORIA MCPAL. SUCRE EDO MIRANDA'),
('G200010371', 'REG.SUBALT.MCPIO MIRANDA'),
('G200010380', 'NOTARIA PUB 1ERA DE MARACAIBO'),
('G200010452', 'REG SUBALT III CARACAS'),
('G200010460', 'NOTARIA DUODECIMA DEL MCPIO LIBERTADOR'),
('G200010487', 'REG PUB EDO DELTA AMACURO'),
('G200010517', 'MANC P LA PREST D SERV D DIST Y V DE ELECT NE'),
('G200010533', 'NOTARIA PUB I DE CABIMAS'),
('G200010550', 'REG SUBALT 3ER CIRCUITO'),
('G200010584', 'ALCD. MCPIO RIBERO EDO SUCRE'),
('G200010630', 'NOTARIA PUB. D.N.MCPIO LIBERTADOR DTTO FRAL'),
('G200010673', 'PROCURADURIA EDO AMAZONAS'),
('G200010690', 'ALCD. MCPIO ARZOBISPO CHACON'),
('G200010703', 'ALC MCPIO OBISPO RAMOS DE LORA'),
('G200010720', 'NOTARIA PUB DE CAGUA'),
('G200010738', 'ALCD. DEL MUNICP GUARAQUE'),
('G200010762', 'REG SUBALT EL TIGRE'),
('G200010789', 'NOT PUB. NOVENA MCPIO LIBERTADOR DTTO FRAL'),
('G200010800', 'EMBAJADA DEL LIBANO'),
('G200010819', 'EMBAJADA ARABE SIRIA'),
('G200010835', 'NOTARIA PUB. TRIGESIMA MCPIO LIBERTADOR DTTO FRAL'),
('G200010843', 'GOB EDO VARGAS'),
('G200010860', 'REG SUBALT DE PTO CABELLO'),
('G200010916', 'INST AUT POLICIA EDO ANZOATEGUI'),
('G200010924', 'PARLAMENTO ANDINO'),
('G200010932', 'ALC MCPIO TULIO FEBRES CORDERO'),
('G200010940', 'INST. MCPAL. DE POLIC'),
('G200010991', 'NOTARIA PUB. 43 DEL MCPIO LIBERTADOR'),
('G200011025', 'FUNDASALUD DEL EDO SUCRE'),
('G200011084', 'CONTRALORIA MCPAL. URBANEJA EDO ANZOATEGUI'),
('G200011114', 'INST AUT. DE POLICIA DEL MCPIO BOLIVAR'),
('G200011122', 'ALC DEL MCPIO AUT LAGUNILLAS'),
('G200011130', 'REG SUBALT DTT LOS SALIAS'),
('G200011157', 'PROCURADURIA EDO ANZOATEGUI'),
('G200011181', 'IMUVIR '),
('G200011190', 'REG SUB MCPIOS URDANETA Y CRISTOBAL ROJAS EDO MIRANDA'),
('G200011203', 'REG MER 2DO EDO TACHIRA COLON'),
('G200011238', 'ALCD. DEL MCPIO BOLIVAR EDO FALCON '),
('G200011246', 'REG PRINCIPAL DEL EDO PORTUGUESA'),
('G200011289', 'SERV AUT SIN PERS JUR DE LA FUERZA AEREA VZLANA'),
('G200011351', 'UNIDAD EJECUTORA DEL PLAN NUTRICIONAL DEL EDO ZULIA'),
('G200011360', 'ALCD. MCPIO URBANEJA'),
('G200011378', 'UNIDAD EST DE VIG DE TRANSITO T NO12 M'),
('G200011386', 'CONTRALORIA MCPAL. ZARAZA EDO GUARICO'),
('G200011408', 'NOTARIA PUB SCOPO EDO BARINAS'),
('G200011467', 'REG PRINCIPAL DEL EDO SUCRE '),
('G200011475', 'INST NEOESPARTANO DE POLICIA'),
('G200011483', 'ALCD. MCPIO VILLALBA EDO NVA ESPARTA'),
('G200011564', 'INST MCPAL AUT DE COOPCN Y ATECN PARA LA SALUD DE URBANEJA'),
('G200011580', 'CONSEJO LEGISLATIVO DEL EDO NVA ESPARTA'),
('G200011599', 'INST AUT MCPAL. POLICIA EDO LARA'),
('G200011610', 'NOTARIA PUB. TRIGESIMA SEGUNDA MCPIO LIBERTADOR'),
('G200011670', 'REG SUBALT DEL DTTO PIAR'),
('G200011742', 'FDO P EL FOM Y DESAR D L ART PEQ Y MED IND DL NE'),
('G200011785', 'SERVICIO AUT. DE EDUCACION DISTRITAL'),
('G200011815', 'IMDEIGUAYOS'),
('G200011823', 'RISTRO MERCANTIL II CIRC JUD DEL DTTO FED. Y EDO MIRANDA'),
('G200011831', 'ALCD. MCPIO BOLIVAR'),
('G200011904', 'SERV COORD DE TRANSP AEREO DEL EJEC NACIONAL'),
('G200011920', 'REG INMB DEL DTTO BARINAS EDO BARINAS'),
('G200011971', 'FUND. PROYECTO PAIS'),
('G200012030', 'CONTRALORIA DEL MCPIO GUANARITO'),
('G200012056', 'INST. MCPAL. DE CREDITO PARA LA MICROEMPRESA'),
('G200012102', 'CUERPO DE BOMBEROS EDO ANZOATEGUI'),
('G200012129', 'REG SUBALT PUB DE CUMANACOA MUNCP MONTES'),
('G200012137', 'REG. INMOBILIARIO DEL PRIMER CIRCUITO MUC LIBRT'),
('G200012145', 'NOTARIA PUB. UNDECIMA DEL MCPIO LIBERTADOR'),
('G200012153', 'REG SUBALT DE LOS MCPIOS NAGUANAGUA Y SAN DIEGO'),
('G200012170', 'OF.SUB.DEL 5TO.CIR.DE REG.MUN.LIB.DF.'),
('G200012196', 'REG SUBALT DEL DTTO PAEZ'),
('G200012242', 'CONTRALORIA EDO SUCRE'),
('G200012307', 'REG MER II DEL EDO ARAGUA'),
('G200012315', 'REG MER 3ERO DE LA C J DEL EDO ZULIA'),
('G200012323', 'SERV AUT. DE REG. DEL MCPIO HERES'),
('G200012366', 'CONTRALORIA EDO VARGAS'),
('G200012374', 'ALC SAN SEBASTIAN DE LOS REYES'),
('G200012455', 'ACADEMIA NCNAL DE LA ING Y EL HABITAT'),
('G200012498', 'CORPOTULIPA EDO FALCON'),
('G200012501', 'NOTARIA PUB 7MA DE VALENCIA'),
('G200012510', 'ALCD. MCPIO SUCRE'),
('G200012536', 'ALC MCPIO AUT CACIQUE MANAURE'),
('G200012560', 'REG SUB DEL MPIO TOMAS LANDER DEL EDO MIRANDA'),
('G200012587', 'NOTARIA PUB DE TUCUPITA'),
('G200012714', 'REG SUBALT DEL DTTO RICAUTER'),
('G200012722', 'PROTECCION CIVIL Y ADMINIS DE DESASTRES'),
('G200012749', 'REG INMB DE LOS MUNCP SUCRE Y LAMAS ARAGUA'),
('G200012765', 'NOT PUB 7MA MCPIO LIBERTADOR DEL DTTO FEDERAL'),
('G200012773', 'REG SUBALT OSPINO EDO PORTUGUESA'),
('G200012870', 'CONTRALORIA EDO GUARICO'),
('G200012889', 'ZONA EDUCATIVA EDO APURE'),
('G200012960', 'REG SUBALT DEL MCPIO MELLADO'),
('G200012978', 'REG SUBALT EZEQUIEL ZAMORA'),
('G200013028', 'PROCURADURIA GENERAL DEL EDO VARGAS'),
('G200013060', 'SAREN REG. PUBLICO DE LOS MCPIOS BRION Y BUROZ'),
('G200013079', 'SERV AUT.S SPJ REG.S SUBALT'),
('G200013109', 'ALC MCPIO CRISTOBAL R CHARALLAVE'),
('G200013117', 'REG SUBALT SUBALT DTTO COLINA'),
('G200013141', 'UDAD D GESTION DL PROG D MERC ZULIANOS'),
('G200013214', 'CONTRALORIA EDO PORTUGUESA'),
('G200013230', 'INST AUT DE LA VIVIENDA DEL EDO VARGAS'),
('G200013320', 'INST. MCPAL. DE DESARROLLO AGRICOLA'),
('G200013338', 'NOTARIA PUB 3ERA DE SAN FELIZ EDO BOLIVAR'),
('G200013354', 'FOND DE. P. S. DEL P. AL S. DEL E. DEL EDO S.Y.S.E.'),
('G200013389', 'REG PUB DEL MCPIO TURISTICO DIEGO BAUTISTA URBANEJA'),
('G200013400', 'ALCD. MCPIO PIAR'),
('G200013419', 'PROCURADURIA EDO LARA'),
('G200013427', 'ALC MCIPIO JOSE MARIA VARGAS EDO TACHIRA'),
('G200013486', 'CONSULADO DE COLOMBIA EL AMPARO'),
('G200013532', 'REG. PUBLICO DE LOS MCPIOS URACHICHE Y JOSE ANT. PAEZ'),
('G200013540', 'REG. PRINCIPAL DEL EDO YARACUY'),
('G200013559', 'REG SUBALT DEL MCPIO AUT. BRUZUAL- YARACUY'),
('G200013583', 'FUND. DE MERCADOS POPULARES'),
('G200013621', 'NOTARIA PUB DE CARORA'),
('G200013672', 'PROSALUD EDO YARACUY'),
('G200013710', 'REG MER I EDO BARINAS'),
('G200013745', 'CONTRALORIA MCPAL. DE BARUTA'),
('G200013761', 'COMD GENERAL DEL EJERCITO'),
('G200013788', 'INST MCPAL DE LA VIVIENDA DEL MCPIO LOS TAQUES'),
('G200013842', 'NOTARIA PUB II DE BQTO'),
('G200013869', 'NOTARIA PUB DE BALLE DE LA PASCUA EDO GUARICO'),
('G200013885', 'NOTARIA PUB 2DA DE ACARIGUA'),
('G200013974', 'CONTRALORIA EDO MONAGAS'),
('G200013982', 'FUND. HOSP DE ESPEC PEDIATRICAS EDO ZULIA'),
('G200014032', 'NOTARIA PUB SAN DIEGO'),
('G200014075', 'REG PRINCIPAL DEL EDO BARINAS'),
('G200014091', 'CONTRALORIA MCPAL. SUCRE EDO SUCRE'),
('G200014113', 'Min Produccion y Comercio'),
('G200014121', 'ALC DEL MCPIO MIRANDA EDO TRUJILLO'),
('G200014350', 'ALCD. BOLIVARIANA DEL MCPIO MONTE CARMELO'),
('G200014369', 'ESCUELA DE POLICIA REGION CENTRO OCCIDENTAL'),
('G200014377', 'CONTRALORIA MCPAL. MCPIO BOLIVAR EDO ANZOATEGUI'),
('G200014440', 'REG PUB MCPIO ZAMORA'),
('G200014512', 'SERVICIO AUT DE VIVIENDA RURAL'),
('G200014547', 'SERV DE INSPECCION DE OBRAS'),
('G200014555', 'PROCURADURIA EDO BARINAS'),
('G200014563', 'REG MER III'),
('G200014610', 'CONTRALORIA MCPAL. CRESPO EDO LARA'),
('G200014636', 'FUND. GAS DEL SUR'),
('G200014644', 'ALCD. MCPIO PETIT EDO FALCON'),
('G200014717', 'REG MER DE LA CIRCUNSCRIPCION JUDICIAL EDO GUARICO'),
('G200014733', 'CONTRALORIA MCPAL. LOS GUAYOS EDO CARABOBO'),
('G200014741', 'CONTRALORIA MCPIO LOS TANQUES EDO FALCON'),
('G200014750', 'INST DES HABIT URBANO EDO COJEDES'),
('G200014792', 'PROTECCION CIVIL Y ADMON DE DESATRES NVA ESPARTA'),
('G200014911', 'REG SUBALT PERIJA'),
('G200014920', 'CONTRALORIA MCPAL. DEL MCPIO MIRANDA'),
('G200014970', 'INST. DE CIENCIA Y TECNOLOGIA DEL EDO GUARICO'),
('G200015071', 'CONSEJO LEGISLATIVO DEL EDO APURE'),
('G200015110', 'NOTARIA PUB. DECIMA OCTAVA DEL MUNC LIBERTADOR Y DTTP CPL'),
('G200015136', 'INST. DE DEPORTES DEL EDO ANZOATEGUI'),
('G200015144', 'ZONA EDUCATIVA EDO BOLIVAR'),
('G200015390', 'DEFENSORIA DEL PUEBLO'),
('G200015438', 'PROCURADURIA EDO NUEVA ESPARTA'),
('G200015446', 'REG SUBALT DEL DTTO INFANTE'),
('G200015470', 'CORPORACION ANDINA DE FOMENTO'),
('G200015551', 'EMBAJADA DE RUSIA'),
('G200015594', 'EMBAJADA DE COREA'),
('G200015632', 'NOT.PUB.SEXTA D.MCPIO BARUTA EDO.MDA'),
('G200015659', 'EMBAJADA DE COLOMBIA'),
('G200015667', 'I P S E Z'),
('G200015713', 'INST. REGIONAL DEL DEPORTE DEL EDO GUARICO'),
('G200015730', 'ALC MCPIO JUSTO BRICEÑO'),
('G200015764', 'NOTARIA PUB. TERCERA DEL MCPIO BARUTA'),
('G200015810', 'PROCURADURIA EDO PORTUGUESA'),
('G200015926', 'CONTRALORIA MCPAL DE LA ALCD. DE ARIS'),
('G200015969', 'SENCAMER'),
('G200015985', 'REG SUBALT MCPIO GUANARITO EDO PORTUGUESA'),
('G200016086', 'CONTRALORIA MCPAL. INDEPENDENCIA EDO BOLIVAR'),
('G200016108', 'NOTARIA PUB. OCTAVA DEL MCPIO CHACAO'),
('G200016159', 'NUNCIATURA APOST EMBAJADA DE LA SANTA SEDE'),
('G200016183', 'CONSEJO LEGISLATIVO DEL EDO PORTUGUESA'),
('G200016248', 'NOTARIA PUB 1ERA DE MATURIN'),
('G200016280', 'CONTRALORIA MCPIO PAEZ EDO PORTUGUESA'),
('G200016418', 'CONSEJO EST DERE NIÑO Y ADOL EDO PORTUGUESA'),
('G200016469', 'FUND MUSEO CARMELO FERNANDEZ'),
('G200016485', 'NOTARIA CUADRAG. SEG. DEL MUNIC. LIBERTADOR'),
('G200016531', 'CONSEJO LEGISLATIVO DEL EDO TACHIRA'),
('G200016566', 'CONSEJO LEGISLATIVO DEL EDO MERIDA'),
('G200016639', 'VICEPRESIDENCIA EJECUTIVA'),
('G200016710', 'CONTRALORIA MCPAL. DE MATURIN'),
('G200016728', 'ALCD. MCPIO PINTO SALINAS'),
('G200016825', 'SERV AUT ESC POLICIA DE GRAL'),
('G200016876', 'ZONA EDUCATIVA EDO YARACUY'),
('G200016930', 'NOTARIA PUB 4TA DE MERIDA'),
('G200017104', 'CONTRALORIA MCPIO ARAURE EDO PORTUGUESA'),
('G200017120', 'CONSEJO MCPAL. DE SAN CRISTOBAL'),
('G200017171', 'ALCD. MCPIO MONAGAS EDO ANZOATEGUI'),
('G200017198', 'CABILDO METROPOLITANO'),
('G200017210', 'SISTEMA AUT. DE LA DEFENSA PUB.'),
('G200017228', 'CONTRALORIA MCPAL. DEL MCPIO BRUZUAL-YARACUY'),
('G200017252', 'ALCD. DEL MCIPIO AUT SILVA EDO FALCON'),
('G200017287', 'INST DE VIV DEL MCPIO ALBERTO ARVELO TORREALBA'),
('G200017350', 'ALC MCPIO FRANCISCO LINARES A'),
('G200017368', 'ALCD. DEL MCPIO ANACO'),
('G200017384', 'CONTRALORIA EDO FALCON'),
('G200017392', 'FOMDES'),
('G200017422', 'OFIC SUBALTERNA REG. PUBLICO MCPIO FERNANDO PEÑALVER'),
('G200017465', 'CONTRALORIA MCPIO SUCRE SOCOPO'),
('G200017473', 'FUND. MCPAL. DE LA MUJER Y LA FAMILIA'),
('G200017538', 'ALC MCPIO PADRE PEDRO CHIEN'),
('G200017570', 'REG SUBALT DTTO SILVA'),
('G200017589', 'SERV AUT REG. SUB DE MUNCP MIRANDA EDO FALCON'),
('G200017600', 'INST AUT. MCPAL. DE DEPORTE Y RECREACION'),
('G200017635', 'CONTRALORIA MCPAL. BOLIVAR EDO BARINAS'),
('G200017643', 'CONTRALORIA METROPOLITANA'),
('G200017678', 'SERV AUT. DE ACTIVIDADES DE COMPLEJOS SALINEROS ARAYA'),
('G200017686', 'SERV AUT IMPRENTA NAC Y GACETA OFIC D L REP B'),
('G200017708', 'INST. MCPAL. DE LA VIVIENDA'),
('G200017740', 'CONTRALORIA EDO NUEVA ESPARTA'),
('G200017767', 'INMUVI'),
('G200017864', 'CONTRALORIA MCPIO ZAMORA EDO MIRANDA'),
('G200017899', 'PARLAMENTO LATINOAMERICANO'),
('G200017902', 'INST. DE LA VIVIENDA DEL MCPIO CRESPO DEL EDO LARA'),
('G200017945', 'CONTRALORIA EDO APURE'),
('G200017961', 'INST MUNC DE CULTURA DE SAN RAFAEL DE CARVAJAL'),
('G200017970', 'FUND. PROPATRIA 2000'),
('G200017996', 'PARLAMENTO INDIG DE AMERICA CAPI VENEZUELA'),
('G200018046', 'ALCD. DEL MCPIO TOCOPERO'),
('G200018089', 'CONTRALORIA MCPAL. FRANCISCO LINARES ALCANTARA'),
('G200018178', 'PROCURADURIA EDO CARABOBO'),
('G200018232', 'IDENA'),
('G200018305', 'MIN DE PLANIFICACION Y DESARROLLO'),
('G200018313', 'MUSEO NUEVA CADIZ'),
('G200018496', 'SERV. AUT. DE BIOMEDICINA'),
('G200018631', 'CONSEJO LEGISLATIVO DEL EDO FALCON'),
('G200018720', 'CONTRALORIA MUNIC ANDRES BELLO EDO MIRANDA'),
('G200018739', 'NOTARIA PUB 3ERA EDO VARGAS'),
('G200018798', 'ALCD. SAN FRANCISCO CEFI'),
('G200018810', 'INTS POLICIA MCPAL MARACAIBO'),
('G200018860', 'ALCD. MCPIO GUAINIA EDO AMAZONAS'),
('G200018879', 'COLEGIO UNIVI D L TEQUES CECILIO ACOSTA'),
('G200018968', 'INST. MCPAL. AMIGOS DE LA FERIA'),
('G200019018', 'REG SUBALT DTTO ARISMENDI'),
('G200019034', 'CONTRALORIA MCPIO SAN DIEGO EDO CARABOBO'),
('G200019042', 'ALC DEL MCPIO ANDRES ELOY BLANCO'),
('G200019093', 'FUND. DEL NIÑO SOSA'),
('G200019107', 'FONDO UNICO DE DESARROLLO DEL EDO TRUJILLO'),
('G200019123', 'CONTRALORIA MCPIO MARI?O EDO NUEVA ESPARTA'),
('G200019140', 'ALC MCPIO AUTO ARICAGUA'),
('G200019158', 'CONTRALORIA MCPAL. DEL MUNC SAN RAFAEL DE CARVAJAL'),
('G200019204', 'NOTARIA PUB DE EL PIÑAL'),
('G200019220', 'CONSEJO MCPAL DE DERECHOS DEL NI?O Y ADOLES SAN DIEGO'),
('G200019310', 'CONTRALORIA DEL MUN CAMPO E'),
('G200019379', 'INST. AUT. FUNDANAGUA'),
('G200019433', 'ZONA EDUCATIVA EDO ANZOATEGUI'),
('G200019450', 'CONTRALORIA MCPIO SUCRE EDO PORTUGUESA'),
('G200019468', 'INVIHFAL'),
('G200019484', 'PROTE.CIVIL Y ADMI.DE.DESASTRE EDO FALCON'),
('G200019581', 'INST. DE DEPORTES DEL EDO BOLIVAR'),
('G200019603', 'INST AUT DE CULTURA Y PATRIMONIO EDO NVA ESPARTA'),
('G200019620', 'INST AUT PARA EL DEP Y RECREA DEL MPIO SIMON PLANAS'),
('G200019670', 'CONSEJO MCPAL. DE DERECHOS DEL NIÑO Y DEL ADOLES'),
('G200019743', 'INST AUT POLICIA ADMINIST DEL TRANSITO MCPIO JUAN G ROSCIO'),
('G200019794', 'INSALUD EDO MIRANDA'),
('G200019883', 'INST MCPAL DE LA VIVIENDA MUNIC BOCONO EDO TRUJILLO'),
('G200019956', 'INST. AUT. SECRETARIA VIVIENDA GOBERNACION EDO ANZ'),
('G200019972', 'REG INMB MCPIOS PIRITU Y SAN JUAN CAPISTRANO'),
('G200020121', 'NOTARIA PUB.CUARTA MUNICIP. CHACAO EDO MIRANDA'),
('G200020130', 'PROCURADURIA EDO FALCON'),
('G200020180', 'CONS ESTAD DE DERE NIÑO Y ADOLESC D E LARA'),
('G200020229', 'SAFIV'),
('G200020385', 'REG. MERC PRIM CIRC JUD DEL EDO. PORTUGUESA'),
('G200020393', 'CUERPO DE BOMBEROS DE MERIDA'),
('G200020415', 'CONS EST DE DER D NIÑO Y D ADOL EDO GUARICO'),
('G200020440', 'INST MPAL VIVIEN POPULAR MPIO LIBERTAD'),
('G200020504', 'INST DE INFRA DE EDO MERIDA'),
('G200020563', 'FUND. PUEBLO SOBERANO'),
('G200020571', 'NOTARIA PUB. PRIMERA DEL EDO VARGAS'),
('G200020601', 'CONTRALORIA EDO COJEDES'),
('G200020636', 'CONSEJO MPAL DE DCHOS DEL NI?O Y EL ADOL EDO APURE'),
('G200020679', 'CJO D DER D NINO Y D ADOL D MCPIO NAGUANAGUA'),
('G200020709', 'INST UNIV TECNOLOGICO EDO BOLIVAR'),
('G200020768', 'CONS EST DERECHOS DEL NIÑO Y ADOLES DEL EDO TRUJILLO'),
('G200020806', 'CONTRALORIA MCPAL. DE MAUROA EDO TACHIRA'),
('G200020865', 'INST DE PROTEC CIVIL Y DE ADM DE DESASTRES EDO MERIDA'),
('G200020938', 'INST UNIV DE TECNOLOGIA EDO BARINAS'),
('G200020946', 'INST MCPAL. DE LA VIVIENDA DEL MU PIAR DEL EDO MONAGAS'),
('G200020989', 'OFIC SUB REG INMB VALERA MOTATAN Y S CARVAJAL'),
('G200021039', 'INST. AUT DEL HABITAT DEL MCPIO MIRANDA'),
('G200021071', 'CONTRALORIA MCPAL. SIMON PLANAS EDO LARA'),
('G200021101', 'ALC BOLIVARIANA DEL MCPIO MIRANDA'),
('G200021225', 'INST. BOLIVARIANO DE DEPORTE Y RECRE'),
('G200021349', 'EMBAJADA DE ESPA?A'),
('G200021411', 'INST NAC DE LOS ESPACIOS ACUATICOS INEA'),
('G200021489', 'CONTRALORIA MCPAL. PE?ALVER EDO ANZOATEGUI'),
('G200021560', 'EMBAJADA DE BRASIL'),
('G200021578', 'GRUPO AEREO CAZA N´12'),
('G200021608', 'INST. MCPAL. DE PATRIMONIO'),
('G200021624', 'FDO P/EL DESARR ECON EDO BOLIVAR FONDO-BOLIVAR'),
('G200021632', 'JUNTA PARROQUIAL DE NAGUANAGUA'),
('G200021667', 'INVILIBERTADOR'),
('G200021675', 'INMUVI-ARAURE'),
('G200021683', 'INST MCPAL DEL DEPORTE DEL MUNIC FALCON'),
('G200021691', 'EMBAJADA DE CHILE'),
('G200021713', 'NOTARIA PUB.DEL MUNIC.GUAICAIPURO DEL EDO MIRANDA'),
('G200021802', 'ZONA EDUCATIVA EDO DELTA AMACURO'),
('G200021810', 'EMBAJADA DE ITALIA'),
('G200021837', 'REG SUBALT MCPIO MICHELENA EDO TACHIRA'),
('G200021853', 'OFIC REG INMOBIL MCPIO ARAURE BLANCA S R O'),
('G200021870', 'INST AUT DE POLICIA DEL MCPIO LIBERTAD'),
('G200021896', 'INST. MCPAL. DE CULTURA DE CRESPO'),
('G200021926', 'CONTRALORIA DEL MCPIO SIMON BOLIVAR'),
('G200021969', 'SERV AUT. SISTEMA MCPAL. DE SALUD DEL MUN MCBO'),
('G200021977', 'INST. AUT. MCPAL. DEL DEPORTE DEL INFANTE'),
('G200022000', 'CONTRALORIA MCPAL. ESTELLER'),
('G200022094', 'INST. AUT. MCPAL. DE DESARROLLO ENDOGENO VEROES'),
('G200022230', 'INST. MCP DEL HABITAT VEROES'),
('G200022256', 'INST AUTO CULTURA Y TURIS'),
('G200022280', 'FUND. SAMI'),
('G200022345', 'INST. DE POLICIA MCPAL. DEL MUNIC SIMON RODRIGUEZ'),
('G200022361', 'INST MUNIC DE CULTURA VEROES'),
('G200022396', 'CONTRALORIA DEL MCPIO MONSE?OR ITURRIZA EDO FALCON'),
('G200022426', 'INST. AUT. MCPAL. DE DESARROLLO ECONOMICO'),
('G200022493', 'CONTRALORIA MCPAL. DEL MCPIO CANDELARIA'),
('G200022590', 'INST. VIAL  Y TRANSPORTE. MIRANDA'),
('G200022655', 'CONS/DER/NIÑO Y ADOLESC/MCPIO.INDEPENDENCIA'),
('G200022809', 'INST AUT. DE INFRAEST OBRAS Y SERV DEL E M'),
('G200022817', 'REG. MERCANTIL 2DO DEL EDO PORTUGUESA'),
('G200022841', 'ALC MCPIO GIRARDOT'),
('G200022868', 'INST. DE JUVENT DEL EDO MER'),
('G200022930', 'CONSEJO ESTADAL DE DEREC DEL NI?O Y DEL ADOLESC EDO APURE'),
('G200022981', 'CMRA MCPAL MCPIO AUT BOLIVAR'),
('G200023015', 'SISTEMA ECONOMICO LATINOAMERICANO (SELA)'),
('G200023058', 'INST.MUNC. ACT.PROD.DE MORAN '),
('G200023082', 'CONSEJO MCPAL. DE DERECHOS DEL NIÑO (A) Y DEL ADOLECE'),
('G200023112', 'MPP PARA LA AGRICULTURA Y TIERRAS'),
('G200023163', 'INST AUT AEROP PUBLICOS DEL EDO MIRANDA'),
('G200023309', 'CAMARA MCPAL MCPIO TURIST EL MORRO'),
('G200023376', 'CONSULADO GENERAL DE SUECIA'),
('G200023465', 'NOTARIA PUB. 21RA.DEL MUN.LIBERATADOR Y DTTO CAP.'),
('G200023570', 'CONTRALORIA MCPAL. DEL MCPIO MIRANDA EDO FALCON'),
('G200023694', 'CONS MCPAL E DER D NIÑO NIÑA Y ADOL MCPIO SB'),
('G200023724', 'INST SALUD ANZOATEGUI'),
('G200023740', 'C.M.D.N.A.B.'),
('G200023775', 'EMBAJADA DE LA INDIA'),
('G200023821', 'ALC DEL MCPIO PADRE NOGUERA'),
('G200023872', 'INST. NAC DE TIERRAS'),
('G200023996', 'FUND P L ATENCION A L FILIA NIÑO NIÑA Y ADOL'),
('G200024038', 'FONDO UNICO DE CREDITO DEL EDO BARINAS'),
('G200024089', 'DEA ARAGUA'),
('G200024143', 'INST NAC DE TRANS Y TRANSP T'),
('G200024224', 'SERV AUT. TRIBUTARIO MCPAL.'),
('G200024291', 'INST. DE PROTECCION CIUDADANA Y POLICIA ADMINISTRATIVA'),
('G200024313', 'NOTARIA PUB. SEXTA DEL MCPIO CHACAO'),
('G200024356', 'INST. NAC. DE DESARROLLO RURAL'),
('G200024372', 'CONS MCPAL D DERECHOS DL NIÑO Y DL ADOL'),
('G200024402', 'ZONA EDUCATIVA EDO ARAGUA'),
('G200024518', 'SERV NCNAL DE CONTRATACIONES'),
('G200024593', 'I.U.T DEL OESTE MARISCAL SUCRE'),
('G200024615', 'CONCEJO DE DER D N Y A MUNC ANT DEL CAMPO ENE'),
('G200024674', 'INST MCPAL D DEPORTE Y RECRE.DE MIRANDA'),
('G200024771', 'INST AUT. TURISMO DEL EDO ARAGUA'),
('G200024925', 'EMBAJADA DE TURQUIA'),
('G200025484', 'FUND MEDIOS AUDIOVI AL SERV DE LA EDUC'),
('G200025492', 'CMDNA- CHACAO'),
('G200025808', 'E R E B ANDRES BELLO'),
('G200025875', 'C D RAMON BASTIDAS'),
('G200025980', 'FUND. ESTACION PISCICOLA SAN FERNANDO'),
('G200026014', 'INST. MCPAL. DEL DEPORTE DE MIRANDA'),
('G200026049', 'INST. MCPAL. DEL DEPORTE DE TORRES IMDETOR'),
('G200026227', 'INST. AUT. MCPAL. DE DEPORTE Y RECREACION'),
('G200026332', 'CONS MUN DE DER DEL NIÑO Y D ADOL D MUN BRION'),
('G200026367', 'INST MUNIC DE CREDITO DE SANTA BARBARA'),
('G200026405', 'ESCUELA DE EXPRESION INFANTI'),
('G200026456', 'S.A.T.V.A.R'),
('G200026472', 'INST UNIV DE TEATRO IUDET'),
('G200026561', 'INST POPULAR DE CRED DEL EDO VARGAS'),
('G200026685', 'E B N B MARACAY'),
('G200026723', 'C B PEDRO JOSE MUGUERZA'),
('G200026740', 'C B MARI?O'),
('G200026928', 'NOTARIA PUB 2DA DEL TIGRE EDO ANZOATEGUI'),
('G200027304', 'ALCD. DEL MCPIO PAEZ'),
('G200027436', 'CONCEJ D DER D NI?O Y ADOL DEL MUN AGUA BLANCA'),
('G200027525', 'NOTARIA VIGESIMA QUINTA DEL MUNICIPI LIBERTADOR'),
('G200027541', 'REG PUB INMB MCPIO MORAN'),
('G200027657', 'SERV AUT. IMPRENTA DEL EDO MONAGAS'),
('G200027800', 'CONS MUN DE DERECHOS DEL NI?O Y DEL ADOLESCENTE'),
('G200027835', 'REG CIVIL MCPAL.'),
('G200027843', 'INST. MCPAL. DE TURISMO'),
('G200027908', 'INST. AUT. MINAS BOLIVAR'),
('G200027932', 'OFICINA DE RELACIONES EXTERIORES Y COMERCIO EDO SUCRE'),
('G200028017', 'INST. AUT. DE DES. INTEG. DEL MU'),
('G200028025', 'CONSEJO LEGISLATIVO DEL EDO DELTA AMACURO'),
('G200028068', 'FARMACIA POPULAR PARIAGUAN'),
('G200028092', 'INST. DE LA VIVIENDA Y EQUIP DE COMUNIDADES ENE'),
('G200028106', 'INST AUT E TRANSP D MCPIO BOLIVAR EDO ANZ'),
('G200028190', 'UNI EST DE VIGL DE TRNT TERT #45 COJEDES'),
('G200028254', 'CONS MUN D DER D NI?O (A) Y ADOL D MUN BARUTA'),
('G200028270', 'ALC MCPIO AUT ORTIZ EDO GUARICO'),
('G200028343', 'NOTARIA PUB TRIGESIMA CUARTA DEL MUNCP LIBERT'),
('G200028351', 'CONS EST D DER DEL NI?O Y D ADOL EDO MONAGAS'),
('G200028386', 'INST NACIONAL DE AVIACION CIVIL'),
('G200028416', 'CASA DE LA CULTURA POZUELOS'),
('G200028440', 'CORPORACION DE TURISMO EDO BOLIVAR'),
('G200028483', 'CONSEJO MCIPAL DERECHO NIÑO ADELECENTE MCPIO PAEZ'),
('G200028521', 'CONSEJO ESTADAL DERECHOS DEL NI?O Y DEL ADOLESC EDO AMAZONAS'),
('G200028530', 'INST AUT MNPAL DEP RECREAC MCPIO PAEZ'),
('G200028548', 'EMBAJADA DEL REINO DE LOS PAISES BAJOS'),
('G200028564', 'FONDO DE CREDITO MCPAL.'),
('G200028696', 'ALCD. BOLIVARIANA DEL MCPIO COLON DEL EDO ZULIA'),
('G200028718', 'CONTRALORIA DEL MCPIO ACEVEDO'),
('G200028840', 'FONDO PARA EL DESARROLLO DEL MCPIO INFANTE'),
('G200028998', 'REG SUBALT LOBATERA EDO TACHIRA'),
('G200029030', 'DIR REG PROT CIVIL Y ADMON DE DESASTRES ZULIA'),
('G200029080', 'SERVICIO AUT. MCPAL. DE ADMINIST.TRIBUTAR (SAMAT)'),
('G200029170', 'C B JUAN VICENTE BOLIVAR Y PONTE'),
('G200029226', 'CONSEJO LEGISLATIVO DEL EDO COJEDES'),
('G200029242', 'ALC DEL MCPIO BRION DL EDO MIRANDA'),
('G200029471', 'CUERPO DE BOMBEROS DE SANTA RITA'),
('G200029552', 'INST. AUT MUNC DE HABITAT Y DE LA VIVIENDA'),
('G200029897', 'ALC DE MARIO BRICEQO IRAGORRI'),
('G200029900', 'REG MER 1ERO DEL EDO ARAGUA'),
('G200029986', 'CONSEJO MPAL DE DERECHOS DEL NI?O-ADOLES MUN-GPRO'),
('G200030054', 'CONCEJO DE DER D NI?O Y D ADOL M MARCANO'),
('G200030100', 'INAPYMI'),
('G200030216', 'CONSEJO MCPAL. DE DERECHOS DEL NINO Y ADOLECENTE'),
('G200030232', 'FUNCENE'),
('G200030240', 'MPP PARA LA EDUCACION SUPERIOR'),
('G200030259', 'CONSEJO MUN DE DER PARA LA PROT DEL N Y ADOLSC'),
('G200030291', 'FUND CASA NAC DE LAS LETRAS ANDRES BELLO'),
('G200030437', 'FONDO MUNIC D/PROT D/NI?O Y D/ADOLESC'),
('G200030909', 'MPP PARA LA COMUNICACION Y LA INFORMACION'),
('G200031077', 'FUND. DE LA VIVIENDA DEL MCPIO HERES'),
('G200031255', 'INST AUT MCPIO DEP REC DL MCPIO TUR MORRO LIC'),
('G200031298', 'FUND. DEL NIÑO DEL MUNI. ARISMENDI'),
('G200031301', 'CONTRALORIA MCPAL. DEL DTTO CRISTOBAL ROJAS'),
('G200031387', 'CAMARA MCPAL DEL MCPIO ALBERTO ADRIANI'),
('G200031409', 'FUND INFRAEST PLANTA FISICA EDUCATIVA DEL EDO ZULIA'),
('G200031468', 'SERV D ATEN INT AL NIÑO- NIÑA - ADOLESCENTE DEL EDO LARA'),
('G200031506', 'CONTRALORIA MCPAL. DE VALERA'),
('G200031522', 'ALC DEL MCPIO GRAL RAFAEL U CUA- EDO MDA'),
('G200031786', 'COMISION ANTIDUMPING Y SOBRE SUBSIDIOS'),
('G200031824', 'DIR INTELIGENCIA MILITAR'),
('G200031980', 'INST. MUN DE DESARROLLO AGROPECUARIO DE GUANIPA'),
('G200032057', 'COMISION LIQUIDADORA DE CORPOTURISMO'),
('G200032111', 'INST DE POLIC MCPAL HERES (PATRULLEROS DE ANGOST)'),
('G200032146', 'INVITRAT'),
('G200032227', 'HOSPITAL MILITAR CNEL ELBANO PAREDES VIVAS'),
('G200032235', 'CONTRAL. MUNICI. MUNIC. AUT. SAN CARLOS EDO.COJEDES'),
('G200032251', 'UNIV LLANOS ROMULO GALLEGOS'),
('G200032308', 'CORTE MARCIAL'),
('G200032340', 'ALC DEL MCPIO MU?OZ EDO APURE'),
('G200032367', 'INST. PEDAGOGICO DE MIRANDA JOSE MANUEL SISO MARTINEZ'),
('G200032499', 'FONDO DE DES ECON DEL MUN J'),
('G200032545', 'INST. MCPAL. DE LA VIVIENDA'),
('G200032600', 'FONCREA'),
('G200032626', 'INST. MCPAL. DE LA CULTURA'),
('G200032669', 'MPP DEL DESPACHO DE LA PRESIDENCIA'),
('G200032677', 'SERVICIO AUT. IMPRENTA OFICIAL DEL EDO LARA'),
('G200032758', 'INST NAC D PREVENCION SALUD Y SEG LABORALES'),
('G200032804', 'COMPAÑIA NACIONAL DE REFORESTACION CONARE'),
('G200032839', 'SERV DE METEOROLOGIA DE LA AVIACION'),
('G200032898', 'INCE DISTRITO FEDERAL'),
('G200032928', 'SERV AUT. PARQUE ZOOLOGICO Y BOTANICO BARARIDA'),
('G200033029', 'SERV DE ELECTRONICA DE LA AVIACION MILITAR'),
('G200033088', 'SERV DE SANIDAD DE LA AVIACION'),
('G200033142', 'INST. DE LA VIVIENDA DEL MCPIO TORRE'),
('G200033207', 'FONZEDES'),
('G200033215', 'CONSEJO DE DERECHOS DEL MCPIO PALAVECINO'),
('G200033371', 'REG PUB DEL MCPIO LIBERTADOR EDO MERIDA'),
('G200033410', 'SEGUNDA DIVISION DE INFANTERIA'),
('G200033428', 'FUND INST REG DE LA MUJER DEL EDO VARGAS'),
('G200033436', 'UNIV NAC EXP GUAYANA'),
('G200033444', 'INST. AUT. DE CULTURA DEL EDO NUEVA ESPARTA'),
('G200033460', 'INST AUTON CUERPO DE BOMBEROS DEL MCPIO MCBO'),
('G200033495', 'CONSEJO MCPAL. DE EDUCACION DEL MCPIO MATURIN'),
('G200033509', 'CORP. VZLANA. AGRARIA'),
('G200033533', 'INST. DE LA VIVIENDA DEL MCPIO S'),
('G200033568', 'SECRETARIA DE DESARROLLO ECONOMICO'),
('G200033690', 'CONSEJO MCPAL DERECHOS DEL NI?O Y ADOLESC'),
('G200033733', 'FUND. ARBOL DE MARGARITA'),
('G200033770', 'CONTRALORIA MCPAL. OSPINO'),
('G200033908', 'CONTRALORIA MCPAL. DE TUCUPITA'),
('G200033967', 'INSTI AUT. M D CULTURA'),
('G200034130', 'INST AUT MUNC DE DEP Y REC DEL MUN JOSE FELIX RIBAS'),
('G200034165', 'INST. MCPAL. DE LA VIVIENDA DEL MCPIO GUANIPA'),
('G200034220', 'FUNDACITE ARAGUA'),
('G200034378', 'INST NAC DE LA ViviendA'),
('G200034440', 'FONDO MIXTO ARAGUA'),
('G200034491', 'ALC DEL MCPIO SANTA ROSALIA'),
('G200034653', 'CONTRALORIA MCPAL. DEL MPIO GUAICAIPURO EDO MIRANDA'),
('G200034718', 'INST AUT DE POLICIA DEL EDO BOLIVAR'),
('G200034777', 'REG PUB DEL MCPIO ALBERTO ADRIANI'),
('G200034807', 'INST. AUT. SECRETARIA PUEBLOS INDIGENAS GOB EDO ANZ'),
('G200034823', 'FUNDESPORT'),
('G200034858', 'FUND. ORO NEGRO'),
('G200035080', 'INST. AUT. REGIONAL DEL AMBIENTE DEL EDO ZULIA'),
('G200035196', 'CTRO DE INVEST DE ASTRONOMIA FRANCISCO J DUARTE'),
('G200035234', 'CONSEJO D PROT D NIÑO Y ADOL MCPIO ATURE'),
('G200035250', 'IMVIBOCQ'),
('G200035293', 'SERV ESTADAL PROGRAMA ALIMENTARIO MONAGAS'),
('G200035382', 'BANCO MUNDIAL'),
('G200035404', 'INST MCPAL DE LA VIVIENDA DE GRAN SABANA'),
('G200035498', 'CMDNNA MCPIO AUT. JOSE ANTONIO PAEZ'),
('G200035536', 'SUPERINTENDENCIA INVERSIONES'),
('G200035625', 'CJO DE DER DEL NI?O Y ADOL D MNPIO C ROJAS'),
('G200035730', 'FUND. PARA LA ASISTENCIA INTEGRAL DEL ANCIANO'),
('G200035749', 'ALCD. MCPIO SAN CASIMIRO EDO ARAGUA'),
('G200035765', 'FONCAI'),
('G200035838', 'FUND GRAN MARISCAL DE AYACUCHO'),
('G200035919', 'MERCAL S.A.'),
('G200035951', 'CONSEJO MORAL REPUB.NO'),
('G200035986', 'INST. MCPAL. DE CULTURA I M C'),
('G200035994', 'INST UNIV ESTUDIOS MUSICALES'),
('G200036036', 'FUND. JOSE FELIX RIBAS'),
('G200036214', 'OFIC SUBAL REGIS PUBLIC MCPIO GARCIA DE HEVIA'),
('G200036346', 'C M P N A DEL MCPIO LIBERTADOR'),
('G200036362', 'INST. AUT. DE IMPRENTA DEL EDO VARGAS'),
('G200036419', 'INST NACIONAL DE LA JUVENTUD'),
('G200036435', 'SERVICIO ESTATAL DE ATENCION AL MENOR EDO TRUJILLO'),
('G200036443', 'REG MER 3ERO DE LA C JUDC DEL CARABOBO'),
('G200036672', 'INST. PREVISION SOCIAL P. T. J'),
('G200036915', 'FUNDACITE TACHIRA'),
('G200036923', 'INST PREVISION SOCIAL FFAA'),
('G200036958', 'FONDO DE PROTECCION DEL NI?O'),
('G200037083', 'FONDO DESARROLLO AGRICOLA EDO LARA'),
('G200037121', 'FAO'),
('G200037130', 'EMBAJADA BRITANICA CARACAS'),
('G200037172', 'REG INMB DEL MUNCP BUCHIVACOA DEL EDO FALCON'),
('G200037180', 'INST. MCPAL. DEL DEPORTE DE MUCUCHIES'),
('G200037237', 'CONSEJO AUT. DE CULTURA EDO LARA'),
('G200037245', 'CONTRALORIA DEL MCPIO MORAN'),
('G200037369', 'SUNAI'),
('G200037385', 'IMVITRACGUA'),
('G200037440', 'SERV AUT. DE SANIDAD AGROPECUARIA'),
('G200037598', 'AGENCIA DE COOP INTERN DE JAPON'),
('G200037644', 'CONSEJO MNCPAL DERECHOS DEL NI?O Y ADOLES MCPIO VALERA'),
('G200037695', 'OFIC SUB DE REG PUB MUNCP BOLIVAR Y PUNCERES EDO MONAGAS'),
('G200037733', 'UNIV. BOLIVARIANA DE VZLA'),
('G200037768', 'CONSEJO MCPAL. DE DERECHOS DEL NIÑO Y ADOLES MU'),
('G200037806', 'FUNDACREDESA'),
('G200038012', 'CONS M DER N/N Y ADOL MCP AUT J A SOT EDO ANZ'),
('G200038055', 'JUNTA LIQ INST NACIONAL DE HIPODROMOS'),
('G200038136', 'CONTRALORIA MCPAL. GRAL RAFAEL URDANETA'),
('G200038179', 'ALCD. MCPIO DIEGO IBARRA'),
('G200038217', 'CONTRALORIA DE LAS FFAA'),
('G200038284', 'CONSEJO LOCAL DE PLANIF PUB. DEL MNCPIO CABIMAS'),
('G200038306', 'REG INMB MCPIOS ESCUQUE Y MONTE CARMELO EDO TRUJILLO'),
('G200038470', 'INST. MUNC DE LA VIVIENDA DEL MUNC GARCIA'),
('G200038500', 'INST D/VVDA Y EQUIPAM DE BARRIOS MCPIO R URDANETA'),
('G200038527', 'FUND ESCUELA');
INSERT INTO `institucion` (`rif_institucion`, `nombre_institucion`) VALUES
('G200038624', 'CONSEJO MPAL DE DERECHO DEL NINO Y ADOLES MPIO CARACCIO'),
('G200038632', 'CORPORACION DE TURISMO EDO LARA'),
('G200038713', 'FUND MISION SUCRE'),
('G200039078', 'ALCD. MCPIO LOS SALIAS EDO MIRANDA'),
('G200039159', 'PARROQUIA NUESTRA SE?ORA DEL ROSARIO'),
('G200039230', 'INST. AUT. INDIGENA EDO BOLIVAR'),
('G200039256', 'INST NAC DE LA MUJER'),
('G200039299', 'CORPORACION FALCONIANA DE TURISMO'),
('G200039442', 'FUND DEL NI?O MCP DEL MUCP AUT RAFAEL RANGEL'),
('G200039566', 'IPCADA'),
('G200039590', 'INST MCPAL DE LA VDA Y HABITAT'),
('G200039795', 'INST. AUT. DE DEPORTES Y RECREAC DEL MCPIO SANTA ANA'),
('G200039841', 'CONCEJO MCPAL. DEL MCPIO GUAICAIPURO'),
('G200039922', 'IMVITRACV'),
('G200039930', 'EMBAJADA DE POLONIA'),
('G200039990', 'INST AUT DE INFRAESTRUCTURA DEL EDO VARGAS'),
('G200040068', 'INST. AUT MCPAL PROTCCN CIVIL ADM DESASTRES'),
('G200040262', 'INST. UNIVERSITARIO DE TECNOLOGIA LA FRIA'),
('G200040360', 'SUSCERTE'),
('G200040416', 'SERV AUT DE MANTENIMIENTO Y AMBIENTE'),
('G200040491', 'CONCEJO MCPAL. MCPIO SANTA ANA'),
('G200040530', 'INST. AUT. DE DEPORTE INDEGIR'),
('G200040556', 'SERV DE ADMINISTRACION TRIBUTARIA DEL EDO ANZOATEGUI'),
('G200040564', 'FAMES'),
('G200040637', 'INST AUT AEROPUERTOS SAAR'),
('G200040653', 'INST D BENEF PUB BIENEST SOC D EDO TACHIRA'),
('G200040726', 'CONTRALORIA MCPAL. SAN GENARO DE BOCONOITO'),
('G200040769', 'IVSS'),
('G200040777', 'FDO MIX ESTAD PROMOC CAPACIT TURIST EDO BARIN'),
('G200040785', 'CONTRALORIA MCPAL. MCPIO ANTOLIN DEL CAMPO'),
('G200040939', 'INST. MCPAL. DE LA VIVIENDA DE MARACAIBO'),
('G200041005', 'CENTRO NAC AUT DE CINEMATOGRAFIA'),
('G200041056', 'INST. UNIVERSITARIO DE TECNOLOGIA DE CABIMAS'),
('G200041315', 'SOGAMPY'),
('G200041323', 'BANCO DE DES. DE LA MUJER'),
('G200041544', 'INST AUT. FONDO  UNI'),
('G200041579', 'CUERPO DE BOMBEROS VALENCIA'),
('G200041820', 'INST AUT DE TRANSPORTE TRANSITO VIALIDAD'),
('G200041889', 'CONSEJO LOC D/PLANI PUB. D/MNCPIO LA TRINIDAD'),
('G200041986', 'JARDIN DE INFANCIA FELIPE LARRAZABAL'),
('G200042001', 'NOTARIA PUB DE PARIGUAN'),
('G200042028', 'SERSACON'),
('G200042060', 'IVIC'),
('G200042222', 'EMBAJADA DE TRINIDAD Y TOBAGO'),
('G200042249', 'FDO MIX EST DE PROMOC Y CAPACI TURIST DL E.N.E.'),
('G200042273', 'EMBAJADA CHINA'),
('G200042311', 'MCPIO NAGUANAGUA'),
('G200042362', 'INST AEROPUERTO INTERNACIONAL DE MAIQUETIA'),
('G200042370', 'SISTEMA INTEGRAL NEOESPARTANO DE ASEO URBANO C A'),
('G200042389', 'A.C. Club Suboficiales FF'),
('G200042478', 'INAGER'),
('G200042486', 'C D OSWALDO T VIÑAS'),
('G200042494', 'FUND CTO MANTENIMIENTO AUTOMOTRIZ EDO LARA'),
('G200042567', 'CONACUID'),
('G200042656', 'CONCEJO MCPAL DEL MUN C ROJAS DEL EDO MDA'),
('G200042702', 'INST. MCPAL VIVIENDA MCPIO T EL MORRO'),
('G200042869', 'INST AUT AYUDA FUNC SEG CIUD EDO YARACUY'),
('G200042915', 'S G R SOGARSA S A'),
('G200042974', 'SERV AUT. DE AEROPUERTOS DEL EDO TRUJILLO'),
('G200043172', 'ACNUR'),
('G200043261', 'EMBAJADA DE LA REPUB. DEL PARAGUAY'),
('G200043270', 'MINT. DE ALIMENTACION'),
('G200043296', 'S.R.G.TACHIRA'),
('G200043300', 'SUPERINT NACIONAL DE ACTIVIDADES HIPICAS'),
('G200043350', 'FDO DE DESARROLLO MICROFINANCIERO FONDEMI'),
('G200043407', 'CONSEJO ESTADAL DE DERECHOS DEL NIÑO NIÑA Y ADOLESC EDO VARGAS'),
('G200043458', 'EMBAJADA DE SUIZA'),
('G200043512', 'INST. AUT. POLICIA DEL MCPIO LA CA?ADA DE URDANETA'),
('G200043539', 'CONSULADO GENERAL DE LA REPUB. DE CROACIA'),
('G200043601', 'CONTRALORIA DEL MCPIO LIBERTADOR DEL EDO ARAGUA'),
('G200043679', 'EMBAJADA DE ISRAEL'),
('G200043741', 'ALC DEL DTTO ALTO APURE'),
('G200043768', 'INST. DE DEPORTES DEL EDO PORTUGUESA(INDEPORT)'),
('G200043903', 'ALC DEL MCPIO PIRITU EDO FALCON'),
('G200043938', 'INST. UNIVERSITARIO DE BARLOVENTO'),
('G200043970', 'FUND MUN BOLIV DE ASIST INT A LA FAMILIA'),
('G200044080', 'EMBAJADA DE HONDURAS'),
('G200044098', 'IZQUIERDA DEMOCRATICA'),
('G200044136', 'EMBAJADA DE MALASIA'),
('G200044179', 'CNTI'),
('G200044225', 'EMBAJADA DE CANADA'),
('G200044330', 'FUND. MISION RIBAS'),
('G200044390', 'SERV AUT. ESTADAL PARA EL PROG DE ALIM ESC PAE EST'),
('G200044438', 'INST. AUT. CUERPO DE BOMBEROS DEL MCPIO.'),
('G200044446', 'IMPAFLA'),
('G200044462', 'FUND. DES COMUN LA FUND.'),
('G200044489', 'MPP PARA LA ECONOMIA COMUNAL (GDRL)'),
('G200044497', 'EMBAJADA EDOS UNIDOS'),
('G200044543', 'CONTRALORIA MCPAL. DE IRIBARREN EDO LARA'),
('G200044640', 'CONCEJO DE PROT DEL NIQO (A) Y DEL ADOL'),
('G200044659', 'INST AUTON CUERPO DE BOMBEROS DEL MCPIO LAGUNILLA'),
('G200044683', 'EMBAJADA DE PERU'),
('G200044691', 'EMBAJADA DE JAPON'),
('G200044705', 'EMBAJADA DE ARGENTINA'),
('G200044748', 'EMBAJADA DE LA REPUB. DE FRANCIA'),
('G200044756', 'CONTRAL MCPAL DEL DIST MARA'),
('G200044802', 'INST AUT. PROTECION CIVIL EDO TACHIRA'),
('G200044950', 'MPP PARA EL TURISMO'),
('G200044969', 'CONTRALORIA MCPAL. DEL MCPIO AUT FALCON'),
('G200044985', 'INVIMAT'),
('G200045000', 'LA NUEVA TELEVISION DEL SUR'),
('G200045019', 'INST MCPAL D DEPOR CONS MCPAL ALCAL MCPIO MARA'),
('G200045035', 'EMBAJADA DE NORUEGA'),
('G200045078', 'SERV AUT ADMON TRIBUT MCPAL ALCD.MCPIO SIMON B SABAT'),
('G200045094', 'C.E.P.C.P.P. DEL EDO VARGAS'),
('G200045108', 'INST MCPAL. DEPORTE Y LA RECREACION'),
('G200045167', 'INST MCPAL P/EL DESARR AGRIC Y PEC D M CEDEYO'),
('G200045183', 'CONTRALORIA MCPAL. DE TORRES'),
('G200045205', 'CONTRALORIA MCPAL. DE PAPELON'),
('G200045248', 'INST MCPAL. DE CULTURA MCPIO CARIRUBAN EDO FALCON'),
('G200045353', 'INST MCPAL DEL AMB DEL MCPIO MARA'),
('G200045388', 'INST. MCPAL DE LA MUJER MPIO ANTONIO JOSE DE SUCRE'),
('G200045442', 'INST MCPAL DE DEPORTE DEL MCPIO MIRANDA'),
('G200045450', 'FUND. TEATRO MIRANDA'),
('G200045507', 'ALCD. MCPIO URACHICHE EDO LARA'),
('G200045540', 'FONDO D L NAC  UNIDAS PARA LA INFANCIA'),
('G200045558', 'ARAGUA TERRITORIO ANTIDROGAS'),
('G200045588', 'IMADERC'),
('G200045590', 'EMBAJADA DE LIBIA'),
('G200045612', 'CONTRALORIA DEL MCPIO MIRANDA'),
('G200045647', 'INST AUT PARA EL TURISMO LA RECREACION Y EL AMB DE ARISMENDI'),
('G200045728', 'FUNDECA'),
('G200045795', 'EMBAJADA DE NICARAGUA'),
('G200045841', 'MIN DE INDUST BASICAS Y MINERIA'),
('G200045906', 'ALC DL MCPIO STOS MARQUINA TABAY  MERIDA'),
('G200045965', 'GOB EDO MIRANDA'),
('G200046074', 'INST AUT MCPAL DE DEPORTE Y RECREACION'),
('G200046090', 'CONS MCPAL D DER D N D ADOL D MCPIO SUCRE'),
('G200046236', 'A.C FONESPRO C.S.A'),
('G200046252', 'INST AUT DE VIVIENDA Y EQUIP DE BARRIOS DEL EDO BNAS'),
('G200046287', 'INST. MCPAL. DE LA VIVIENDA DE MARA'),
('G200046376', 'FUND SAMUEL ROBINSON'),
('G200046406', 'MINT. DE LA CULTURA'),
('G200046422', 'FUNBORIESGOS'),
('G200046520', 'SERV AUT. DE EMERGENCIA 171'),
('G200046570', 'INST. MCPAL. DE LA VIVIENDA'),
('G200046651', 'EMBAJADA DE BARBADOS'),
('G200046678', 'INST. MCPAL. DE LA VIVIENDA VALERA'),
('G200046775', 'SGR -LARA SA'),
('G200046805', 'Sermat - ADMC'),
('G200046821', 'EMBAJADA DE IRAN'),
('G200046910', 'SINTRA HIDROCARBURO DELTA'),
('G200046937', 'CORP MONAGUENSE DE TURISMO'),
('G200046945', 'EMBAJADA DE FINLANDIA'),
('G200047003', 'INTENDENCIA DE SEGURIDAD DEL MCPIO MARACAIBO'),
('G200047062', 'CORP VENEZOLANA DE GUAYANA'),
('G200047119', 'INST DE LA VIVIENDA, OBRAS Y SERVICIOS DEL EDO BOLIVAR'),
('G200047127', 'CONTRALORIA DISTRITAL DEL ALTO APURE'),
('G200047135', 'CO RESER MILITAR Y MOVILINAC'),
('G200047160', 'IAMDRA'),
('G200047232', 'EMBAJADA DE BOLIVIA'),
('G200047283', 'SATERP'),
('G200047313', 'CONSEJO MCP DER DEL NI?O ADOLESCENTE-URACHICHE'),
('G200047356', 'TROLMERIDA CA'),
('G200047453', 'EMBAJADA DE ARGELIA'),
('G200047488', 'ALCD. DEL MCPIO PAEZ'),
('G200047518', 'SERV AUT PROTEC CIV Y ADM DE DESASTRES EDO TRUJILLO'),
('G200047526', 'BANDES DE VENEZUELA'),
('G200047550', 'EMBAJADA DE ECUADOR'),
('G200047569', 'FUND. PROGRAMA DE ALIMENTOS ESTRATEGICOS'),
('G200047666', 'EMBAJADA DE BELGICA'),
('G200047712', 'INST. AUT. MCPAL DE DESAR AGRIC DEL MCPIO MARA'),
('G200047933', 'FUND. PARA EL DESARROLLO ENDOGENO Y SUSTENTABLE'),
('G200047941', 'FUNDESTA'),
('G200047992', 'INST. MCPAL. DE LA VIVIENDA SANARE'),
('G200048050', 'GOB EDO APURE'),
('G200048123', 'CONS METROP D DER D LOS NIÑOS LAS NIÑAS Y ADOL'),
('G200048174', 'INST. MERIDE?O DE LA MUJER Y LA FAMILIA'),
('G200048310', 'IDESANARE'),
('G200048328', 'INST. AUT. DE LA VIVIENDA DEL EDO GUARICO'),
('G200048344', 'SERV AUT AEROPUERTO INT DEL CARIBE GRAL EN JFE SANTIAGO MARI?O'),
('G200048352', 'FUNDACITE FALCON'),
('G200048360', 'HIDROBOLIVAR'),
('G200048379', 'ALC DEL MCPIO AUT FALCON'),
('G200048417', 'INST AUTON DE TURISMO Y RECREACION MCPIO PAEZ'),
('G200048476', 'INST MNCP D ECON POPL P EL DSRR ENDOF'),
('G200048492', 'SECRETARIA DE SALUD'),
('G200048638', 'NOTARIA PUB MCPIO ANDRES BELLO EDO TACHIRA'),
('G200048646', 'FUND FARMACIA SOC EDO GUARIC'),
('G200048654', 'INST REG DE EDUC FISICA DEP Y REC E VARGAS'),
('G200048662', 'CONTRAL MCPAL D MCPIO VARGAS'),
('G200048719', 'MIN PARA LA VIVIENDA Y HABITAT'),
('G200048751', 'INST. AUT. MUN DE LA VIVIENDA DEL MCPIO GOMEZ'),
('G200048760', 'CONSEJO MCPAL MCPIO PLAZA'),
('G200048778', 'FUND PARA EL B SOC E INT DEL ANCIANO EDO MIRANDA'),
('G200048867', 'UNIV NAC EXP TACHIRA'),
('G200048980', '(IAMDEEP) DEL MCPIO ARAURE'),
('G200049022', 'INST. AUT. MCPAL. POLICIA DE SAN DIEGO'),
('G200049030', 'CONSEJO MUN D DEL NIÑO Y DEL ADOLESC MUN VALENCIA'),
('G200049189', 'ALC DEL MCPIO SAN DIEGO'),
('G200049251', 'INST. AUT. DE POLICIA MCPAL. RIBAS'),
('G200049375', 'CONCEJO MCPAL. DEL MCPIO JUAN GERMAN ROSCIO'),
('G200049472', 'INST. AUT. DE DEPORTE DEL MCPIO GUANTA'),
('G200049480', 'CONCEJO MCPAL. LOS TAQUES'),
('G200049707', 'FUNDEMIP'),
('G200049774', 'POLICABIMAS '),
('G200049847', 'ALCD. MCPIO ROSARIO DE PERIJA EDO ZULIA'),
('G200049898', 'FUND CARABOBO'),
('G200049901', 'SERVICIO AUT. DE SALUD-BARUTA'),
('G200049910', 'S.E.M.A.T'),
('G200049944', 'FUND. CENTRO CLINICO UNIVERSITARIO LA MORITA'),
('G200049979', 'INST. AUT. MATADERO MCPAL TINAQUILLO'),
('G200050110', 'EMBAJADA DE EGIPTO'),
('G200050136', 'FUND MIRANDA'),
('G200050144', 'INTITUTO AUT. DEL DEPORTE'),
('G200050209', 'I M C A S'),
('G200050217', 'CONCEJO MCPAL. DE BEJUMA'),
('G200050373', 'CORPORACION MIRANDINA DE TURISMO CA'),
('G200050454', 'CASA DE LA CULTURA EDO ARAGUA'),
('G200050462', 'INST. DEPORTE Y RECREACI'),
('G200050578', 'POLICIA EDO MIRANDA'),
('G200050586', 'INST DE LAS ARTES ESCENICAS Y MUSICALES'),
('G200050748', 'FUND. DEL NIÑO EDO ARAGUA'),
('G200050756', 'EMBAJADA EL SALVADOR'),
('G200050764', 'FUNAESCA FUND NI?OS NI?AS Y ADOLES'),
('G200050918', 'INST DE LA VIVIENDA DEL MCPIO JIMENEZ EDO LARA'),
('G200050926', 'SA AEROP D ARAGUA FLORENCIO GOMEZ'),
('G200050969', 'INVIALPA'),
('G200051000', 'FUND. ZAMORA'),
('G200051124', 'EMBAJADA REP HAITI'),
('G200051213', 'CORPORACION DE DESARROLLO AGRICOLA'),
('G200051256', 'INST. DE CREDITO AGRIC DEL EDO APURE'),
('G200051442', 'INST DE LAS ARTES DE LA IMAGEN Y EL ESPACIO'),
('G200051477', 'ALCD. DEL MCPIO TORBES'),
('G200051574', 'FONDO DE COOPERACION EDO COMUNIDAD'),
('G200051620', 'FONTURCO'),
('G200051710', 'FUND. BANCO DE FOMENTO REGIONAL LOS ANDES'),
('G200051728', 'FUND ORQ SINFONICA JUVENIL DE CHACAO'),
('G200051752', 'INST MCPAL. DE CREDITO POPULAR DEL MUNC BOLIVAR'),
('G200051760', 'FUND. CULTURAL CHACAO'),
('G200051809', 'ALCD. DEL MCPIO CARDENAS'),
('G200051841', 'ALC DEL MCPIO JESUS MARIA SEMPRUN'),
('G200051876', 'BANCO DEL TESORO CA'),
('G200051914', 'POLICIA DE CHACAO'),
('G200051922', 'INST. DE DESARROLLO URBANO DEL CENTRO DE VALENCIA'),
('G200052015', 'CORPORACION MERIDENA DE TURISMO'),
('G200052040', 'INST AUT REG DE VIALIDAD DEL EDO CARABOBO'),
('G200052066', 'AGUAS DE COJEDES CA'),
('G200052090', 'INST. MCPAL. DE CULTURA Y ARTE'),
('G200052341', 'CONCEJO MCPAL. DEL MCPIO FRANCISCO LINARES ALCANT'),
('G200052449', 'ALCD. DEL MCPIO AYACUCHO'),
('G200052465', 'SERV AUT. DE EMERGENCIAS LARA 171'),
('G200052490', 'CONCEJO MCPAL DE BISCUCUY EDO PORTUGUESA'),
('G200052627', 'INST AUT DE TURISMO DEL EDO VARGAS'),
('G200052872', 'FUND. PARA LA PROMOCION DE LA SALUD DEL EDO ZULIA'),
('G200052937', 'CONCEJO MCPAL BOLIVARIANO DE NAGUANAGUA'),
('G200053062', 'FUNDAIDEM'),
('G200053151', 'INTRAVIAL'),
('G200053160', 'INST. AUT. DE POLICIA MCPAL DE LAGS'),
('G200053194', 'FUND PARA LA SALUD DEL EDO BARINAS'),
('G200053291', 'INST AUTON MUNICIP DE LA VIVIEND POPULAR'),
('G200053356', 'INST DE EDUC.CULT Y DEP.MUN.EULALIA BUROZ'),
('G200053437', 'FUND. GERIATRICA DEL EDO SUCRE'),
('G200053453', 'AGREGADURIA MILITAR DE ITALIA'),
('G200053461', 'FUND. PARA EL SERVICIO INTEG DE ATENC AL CIUD EMPRESARIO'),
('G200053470', 'TRANSBAR C A'),
('G200053518', 'FUNDACITE CARABOBO'),
('G200053640', 'INST. AUT. MCPAL. CUERPO DE BOMBEROS DE CUMANA'),
('G200053666', 'INST. MCPAL. DEL DEPORTE Y LA RECREACION'),
('G200053704', 'CONTRALORIA MCPAL. DEL MCPIO AGUA BLANCA'),
('G200053747', 'CONTRALORIA MCPAL. MCPIO HERES'),
('G200053798', 'CONCEJO MCPAL MCPIO ARISTIDES BASTIDAS'),
('G200053844', 'CONCEJO MCPAL. DEL MCPIO TRINIDAD'),
('G200053852', 'CONC MCPAL DL PP BNO Y SOC DL MCPIO PE?A'),
('G200053909', 'INST. AUT. CUERPO DE BOMBEROS DEL MUNI.MARA '),
('G200053925', 'S C SALA DE PARTO DE TURMERO'),
('G200053933', 'FUND DE CAPAC E INNOV PARA APOYAR LA REVOLUC AGRARIA'),
('G200053992', 'CONCEJO MCPAL. DE CARIRUBANA'),
('G200054050', 'CONSEJO MCPAL. DEL MCPIO MARA EDO ZULIA'),
('G200054077', 'CAMARA MCPAL MCIIO AUT NIRGUA'),
('G200054115', 'INST. MCPAL. DE CAPACITACION Y EDUCACION CIUDADANA'),
('G200054174', 'FUND. DEL NIÑO LOS GUAYOS'),
('G200054239', 'FONDO PARA LA ATENCION A LA FAMILIA'),
('G200054310', 'CONCEJO MCPAL DEL MCPIO JOSE FELIX RIBAS'),
('G200054328', 'FUND. MUSEOS NACIONALES'),
('G200054387', 'FUND VIVIENDA DTT METROPOLITANO CARACAS'),
('G200054395', 'FUND INST DE ESTUDIOS AVANZADOS IDEA'),
('G200054433', 'FONDAPEMI'),
('G200054441', 'CORPORACION PARA EL DESARROLLO SOCIALISTA DEL EDO FALCON'),
('G200054549', 'FUND CARAB DES DEPORTE'),
('G200054581', 'CONCEJO DEL MCPIO BARINAS'),
('G200054590', 'FUND INST. ZULIANO DE INVEST TECNOLOGICAS'),
('G200054620', 'FUND CINEMATECA NACIONAL'),
('G200054646', 'EMBAJADA DE GUATEMALA'),
('G200054662', 'MPP PARA LA PARTIC Y PROTECCION SOCIAL'),
('G200054824', 'SERV AUT. CENTRO DE PROCESAMIENTO URBANO DE MCBO'),
('G200054867', 'FUNTRAMIR'),
('G200054875', 'VENETUR, S.A'),
('G200054883', 'CONS MUN DER D NI?O NI?A Y ADOL DEL MCPIO L'),
('G200055014', 'CONSEJO MCPAL. MIRANDA DEL EDO TRUJILLO'),
('G200055146', 'CONCEJO MCPAL. DE VALENCIA'),
('G200055154', 'CORP SERV MCPAL.ES LIBERTADOR SA'),
('G200055219', 'INST. AUT. DE AEROPUERTO DEL EDO FALCON'),
('G200055251', 'CONCEJO MCPAL. DEL MCPIO GUACARA'),
('G200055286', 'INST. DE CULTURA DEL EDO FALCON (INCUDEF)'),
('G200055359', 'FUND P E DES DE LA EDUC INIC DEL EDO LARA'),
('G200055464', 'CONSULADO DE CHILE'),
('G200055561', 'CAJA DE TRABAJO PENITENCIARIO'),
('G200055669', 'INST AUT DE SEGURIDAD CIUDADANA Y TRANSPORTE'),
('G200055677', 'INST AUTON CONTRA LA POBREZA Y EXCLUSION SOCIAL EDO YARACUY'),
('G200055715', 'INST MCPAL DE DEP MUNIC ROSARIO DE PERIJA'),
('G200055782', 'EMBAJADA DE SURINAM'),
('G200055839', 'IASPEM'),
('G200055855', 'FDO MIXT REG DE PROM Y CAP TURIST EDO ZULIA'),
('G200055952', 'VIALIDAD Y CONSTRUCCIONES SUCRE S.A'),
('G200056029', 'INSTIT AUTON DEL DEPORTE DEL EDO. YARACUY FUNDEY'),
('G200056070', 'INST/MCP/VDA INFRA HABIT DES SOC MCP PEYA'),
('G200056096', 'INST. MCPAL. DE CREDITO AGRARIO DEL MCPIO URACOA'),
('G200056142', 'INST AUT C/APOYO CAS EMER DESAST NAT YARACUY IADC'),
('G200056207', 'CONTRALORIA MCPAL. DE PEYA'),
('G200056215', 'CONSEJO DEL MCPIO TORRES'),
('G200056274', 'FONDO DE TURISMO DE MIRANDA'),
('G200056290', 'S G R ANZ S A'),
('G200056312', 'INST/AUT/DESARR/ECONOMICO EDO. YARACUY'),
('G200056320', 'SERV/AUTONO/EST/DEP/CULT/TUR'),
('G200056339', 'CONSULADO DE PERU'),
('G200056410', 'SERV AUT EST PTO TURIST INT'),
('G200056436', 'CONTRALORIA DEL MCPIO NIRGUA'),
('G200056444', 'FUND. RADIO AYUDA VENEZUELA'),
('G200056452', 'CONSEJO MNCPAL DEL MUNCPIO AUT ROMULO GA'),
('G200056550', 'AUTORIDAD PORTUARIA REGIONAL'),
('G200056568', 'CONCEJO MCPAL. DE MIRANDA EDO CARABOBO'),
('G200056606', 'INST DE LA VIVIENDA DEL MCPIO IRIBARREN'),
('G200056657', 'FUNDAESCOLAR'),
('G200056673', 'FUND. NIÑO MCPAL GUANARITO'),
('G200056886', 'FUNDESOL'),
('G200056959', 'FUNDEME'),
('G200056975', 'ALC DEL MCPIO SAN FELIPE EDO YARACUY'),
('G200057068', 'FUND. PARA LA PROMOCION DE LA SALUD DEL EDO LARA'),
('G200057149', 'INST MCPAL DEL DEPORTE DEL MCPIO MORAN'),
('G200057157', 'FUND. MISION BARRIO ADENTRO LARA'),
('G200057483', 'S G R CARABOBO S A'),
('G200057491', 'CONTRALORIA MCPAL JESUS E LOSSADA'),
('G200057599', 'IMTT'),
('G200057602', 'F/P/L/A/P/D/S/E/M/C/E/F/FUNDAPRISA'),
('G200057610', 'FUND. COMPLEJO CULTURAL TEATRO ARMONIA'),
('G200057629', 'INST MCPAL DE FORTALECIMIENTO SOCIO ECONOMICO'),
('G200057734', 'FUND. TRINISALUD'),
('G200057769', 'FUND PARA EL MANT DE JEF CIV'),
('G200057777', 'INST. MCPAL DE LA VVDA MCP LA TRINIDAD IMVITRI'),
('G200057807', 'FONDO MIXTO LARA'),
('G200057866', 'DIREC GRAL D SALUD AMBIENT Y CONTRALORIA'),
('G200057874', 'IARAGIR'),
('G200057955', 'BANCO AGRICOLA DE VENEZUELA C.A'),
('G200058072', 'HIDRO ANDES TRUJILLO'),
('G200058099', 'FUND PROGRAMA ALIMENTACION ESCOLAR'),
('G200058110', 'CONCEJO DEL MCPIO ANDRES ELOY BLANCO'),
('G200058129', 'FUND. TEATRO JUAREZ DEL EDO LARA'),
('G200058200', 'INST UNIV TEC EDO PORTUGUESA'),
('G200058226', 'CORPORACION DE VIALIDAD E INFRAESTRUCTURA'),
('G200058269', 'CONSEJO MCPAL. DEL MCPIO LIBERTAD'),
('G200058366', 'INST. UNIVERSITARIO DE TECNOLOGIA "ALONSO GAMERO"'),
('G200058404', 'NOTARIA PUB 2DA DE BARCELONA DEL EDO ANZOATEGUI'),
('G200058412', 'CORPORACION DE TURISMO EDO ANZOATEGUI'),
('G200058463', 'INST. DE CREDITO DEL MCPIO MATURIN'),
('G200058480', 'FUND. DE ACCION SOCIAL'),
('G200058498', 'FUND. SOCIAL EDO LARA'),
('G200058528', 'CONCEJO MCPAL. DEL MCPIO AUTON EL PAO'),
('G200058536', 'FOSFATOS DEL SUR C A'),
('G200058765', 'CONCEJO MCPAL. DEL MCPIO CRESPO DEL EDO LARA'),
('G200058790', 'FUND. PARA EL DESARROLLO DEL DEPORTE FALCONIANO'),
('G200058919', 'CORP DE SERVICIOS DEL DTT CAPITAL SA'),
('G200058978', 'CONCEJO MCPAL. DEL MCPIO LOS GUAYOS'),
('G200059028', 'INST. UNIVER DE TECNOLOGIA DEL EDO TRUJILLO'),
('G200059060', 'CORP DE INDUST INTERM DE VENEZUELA'),
('G200059150', 'FDO P EL DES ECON SUST DL MUNIC SAN SEBAST'),
('G200059168', 'FUND. DE FARMACIAS SOCIALES'),
('G200059303', 'FUND. UNIDADES DE BATALLA SOCIAL'),
('G200059826', 'CONCEJO MCPAL. JOSE TADEO MONAGAS'),
('G200060042', 'FUND. LOTERIA BOLIVARIANA DE CARABOBO'),
('G200060077', 'CONCEJO DEL MCPIO JIMENEZ'),
('G200060115', 'CONSEJO ESTADAL ATENC PERSNAS DISCAPACIDAD EDO LARA'),
('G200060131', 'METRO BUS LARA CA'),
('G200060158', 'ALC BOLIV DL MCPIO MACHIQUES DE PERIJA'),
('G200060174', 'INMUVAB'),
('G200060182', 'CONSEJO MCPAL. DE PAEZ'),
('G200060301', 'FUND PARA EL MANT DE LAS INF'),
('G200060409', 'CONTRAL MCPAL D MCPIO.AUT PAEZ D EDO ZULIA'),
('G200060450', 'FUND. MISION  PIAR'),
('G200060476', 'FUND. FONDO EDITORIAL SIMON RODRIGUEZ'),
('G200060484', 'CONTRALORIA DEL MCPIO ANDRES ELOY BLANCO'),
('G200060557', 'CONCEJO MCPAL DE INDEPENDENCIA EDO.YARACUY'),
('G200060573', 'CONCEJO MCPAL. DEL MCPIO ANACO'),
('G200060670', 'CONTRALORIA DEL MCPIO COCOROTE'),
('G200060700', 'INST AUTON DE POLICIA DEL EDO COJEDES'),
('G200060743', 'INFRAESTRUCTURA COJEDES'),
('G200060760', 'CONCEJO DEL MCPIO PALAVECINO'),
('G200060808', 'CONTRALORIA DEL MCPIO SUCRE DEL EDO F'),
('G200060883', 'ASOC CIVIL COMPAÑIA NACIONAL DE TEATRO'),
('G200060930', 'CONCEJO MCPAL. MCPIO PUERTO CABELLO'),
('G200060978', 'CONSEJO MCPIO SUCRE DEL EDO FALCO'),
('G200060980', 'CONCEJO MCPIO SUCRE DEL EDO FALCON'),
('G200061022', 'INST. MCPAL. DE LA MUJER Y LA FAMILIA BERTHA MORENO'),
('G200061057', 'FUND. DEL NIYO DEL MCPIO IRIBARREN EDO LARA'),
('G200061197', 'CONSEJO MCPAL. DE OBISPOS'),
('G200061235', 'CONCEJO MCPAL. DEL MCPIO SUCRE EDO ZULIA'),
('G200061294', 'FONDO DE CREDITO P/ EL DESARROLLO DEL ED'),
('G200061316', 'CONCEJO MCPAL. SIMON BOLIVAR'),
('G200061332', 'CONSEJO MCPAL. DEL MCPIO AUT'),
('G200061375', 'CONCEJO MCPAL. DE GUANIPA'),
('G200061383', 'INST MCPAL DE CREDITO POPULAR'),
('G200061448', 'IASAPADES'),
('G200061464', 'CONCEJO MCPAL. DEL MCPIO LEONARDO INFANTE'),
('G200061510', 'CONSEJO MCPAL. DE OSPINO'),
('G200061545', 'CJO MCPAL D MCPIO A PINTO SALINAS ED MR'),
('G200061553', 'CONTRALORIA DEL MCPIO AUT ROMULO GALLEGOS'),
('G200061618', 'CONCEJO MPAL DE CHAGUARAMAS'),
('G200061707', 'CONTRALORIA MUNIC DE FREITES'),
('G200061774', 'CONCEJO MCPAL DEL MCPIO SOSA'),
('G200061910', 'CONSEJO MCPAL. MCPIO PAEZ'),
('G200061936', 'CONCEJO MCPAL. DEL MUCP JOSE RAFAEL REVENGA'),
('G200061944', 'AGUAS DE EJIDO C A'),
('G200061979', 'CONCEJO MCPAL. DEL MCPIO ACOSTA DEL EDO FALCON'),
('G200061995', 'CONCEJO MUNCIPAL DEL MCPIO VALERA'),
('G200062010', 'CONCEJO MCPAL. DEL MCPIO PEDRAZA'),
('G200062126', 'CORPORACION DE TURISMO BARQUISIMETO'),
('G200062134', 'CONSEJO MCPAL. DE BARUTA'),
('G200062169', 'INST. UNIVERSITARIO DE TECNOLOGIA DE VALENCIA'),
('G200062207', 'CONCEJO MCPAL. DEL MCPIO BARALT'),
('G200062215', 'INST ALTOS ESTUD PUB. DR A GABALDON'),
('G200062258', 'CONCEJO MCPAL. MCPIO SANTA ROSALIA'),
('G200062266', 'CONCEJO MCPAL. DEL MUNCIPIO ARISMENDI'),
('G200062274', 'CONCEJO MCPAL. MCPIO.VEROES'),
('G200062339', 'NOTARIA PUB 3ERA DE BQTO'),
('G200062355', 'CONCEJO MCPAL MUNIC JOSE G M EDO ANZOAT'),
('G200062452', 'CONS MCPAL D MNCPIO ARISMENDI D EDO BARINAS'),
('G200062525', 'CONCEJO LEG MCPAL J ANTONIO PAEZ-YARACUY'),
('G200062568', 'CONCEJO MCPAL. DEL MCPIO MIRANDA'),
('G200062592', 'CONTRALORIA MCPAL. DEL MCPIO S FRANCISCO EDO FALCON'),
('G200062843', 'CONCEJO MCPAL. CARDENAL QUINTERO'),
('G200062860', 'CONCEJO MCPAL. DEL MCPIO LIBERTADOR EDO MONAGAS'),
('G200062878', 'BIBLIOTECA PUB. CENTRAL P'),
('G200062894', 'FONTUR'),
('G200062975', 'UNIV NACIONAL EXP POLITECNICA DE LA FAN'),
('G200063041', 'CONTRALORIA MCPAL. MCPIO CAMATAGUA'),
('G200063084', 'CONTRALORIA MCPAL. DE PAMPAN'),
('G200063122', 'CONCEJO MCPAL. MCPIO MONSEQOR ITU'),
('G200063149', 'CONSEJO MCPAL. BOLIVARIANO DEL MCPIO MATURIN EDO MONAGAS'),
('G200063157', 'CONCEJO MCPAL. DEL MCPIO CANDELARIA'),
('G200063165', 'CONSEJO MCPAL. DEL MCPIO EULALIA'),
('G200063190', 'CONSEJO MCPAL. DEL MCPIO ZAMORA'),
('G200063238', 'SERV AUT D VIAL Y SERV PUBL ROSARIO DE PERIJA'),
('G200063297', 'CONTRALORIA MCPAL. MCPIO MANUEL MONGE'),
('G200063319', 'CONCEJO MCPAL. DEL MCP SAN FELIPE EDO YARACUY'),
('G200063335', 'CONTRALORIA MCPAL. DE SAN CASIMIRO'),
('G200063467', 'CONCEJO DEL MCPIO E ZAMORA D EDO MONAGAS'),
('G200063483', 'CVA Azucar, S.A.'),
('G200063513', 'IMDES'),
('G200063530', 'FUND. PARA EL FORT. REG. DEL EDO. FALCON'),
('G200063556', 'CONCEJO MCPAL. EL PIÑAL'),
('G200063572', 'SERV AUT DE MEDIC E INSUM ESEN D EDO MERIDA'),
('G200063610', 'SERV AUT CPO DE BOMBEROS DEL EDO VARGAS'),
('G200063858', 'INST MCPAL D L JUVENTUD CRUZ S ACOSTA'),
('G200063939', 'SAMARN'),
('G200064021', 'CONTRALORIA MCPAL.MCPIO URACHICHE EDO. YARACUY'),
('G200064030', 'CONCEJO MCPAL. DEL MCPIO BOLIVAR DEL EDO MONAGAS'),
('G200064056', 'INST UNIV DE TECNOLOGIA DE MARACAIBO'),
('G200064080', 'PROTECCION CIVIL Y ADMINISTRACION DE DESASTRES'),
('G200064170', 'INST. DEL DEPORTE Y RECREACISN MIRAN'),
('G200064218', 'INST AUT CUERPO DE BOMBEROS DEL EDO YARACUY'),
('G200064226', 'CONCEJO MCPAL. MCPIO AUT. GOM'),
('G200064374', 'C.A. PARA EL DESARROLLO INDUSTRIAL DE TORRES'),
('G200064480', 'INST. MUNIC AUT DE SERVI PUBLIC DEL MUN GRAL DOM ANT SIF'),
('G200064510', 'FONDO UNICO SOCIAL DEL EDO MIRANDA'),
('G200064692', 'UNIV. IBEROAMERICANA D'),
('G200064730', 'PARROQUIA DE CRISTO RESUCITADO'),
('G200064803', 'CORP DE DESARR ENDOGENO Y ECONOMIA SOCIAL EDO LARA'),
('G200064854', 'CONCEJO MCPAL DEL MCPIO JAUREGUI'),
('G200064919', 'INST. DE LA CULTURA MCPIO ANDRES BELLO'),
('G200064951', 'EMBAJADA DE JAMAICA'),
('G200064994', 'CONCEJO MCPAL. LIBERTADOR DEL EDO MERIDA'),
('G200065095', 'INST AUT METROP DE CCS PARA LA JUVENTUD'),
('G200065117', 'CONSEJO MCPAL. DEL MCPIO SUCRE'),
('G200065133', 'CONTRALORIA MCPAL. DE CARONI'),
('G200065303', 'FUND. MCPAL. DE ECONOMIA SOCIAL'),
('G200065362', 'CONTRALORIA MCPAL. MCPIO TOVAR'),
('G200065621', 'CONCEJO MCPAL. DEL MCPIO BERMUDEZ'),
('G200065630', 'SERVICIO AUT. DE RENTAS EDO PORTUGUESA'),
('G200065761', 'NOTARIA PUB. PRIMERA DE BARQUISIMETO'),
('G200065818', 'CONTRALORIA DEL  MCPIO MICHELENA'),
('G200065982', 'Consejo MCPAL. DEL MCPIO INDEPENDENCIA'),
('G200065990', 'FUND ORQUESTA FILARMONICA NACIONAL'),
('G200066164', 'CONTRALORIA MCPAL. DE PALAVECINO'),
('G200066199', 'CORP DE SERV MULTIPLES MCPAL VARGAS'),
('G200066229', 'CONTRAL MCPAL DEL MCPIO SUCRE D EDO ZULIA'),
('G200066237', 'IEMA'),
('G200066504', 'CONCEJO MCPAL. DEL MCPIO SIMON PLANAS'),
('G200066555', 'CONTRALORIA DEL MCPIO JOSE A LAMAS'),
('G200066679', 'FUND PARA LA PART POP DEL EDO GUARICO'),
('G200066776', 'FUND. MISION HABITAT'),
('G200066806', 'CONTRALORIA MCPAL. DE CABIMAS'),
('G200066989', 'ARQUIDIOCESIS DE MERIDA'),
('G200067063', 'INST AUT MUNIC CREDITO POPULAR MUNIC JOSE F RIBAS'),
('G200067128', 'CONSEJO MCPAL. SAN GENARO DE BOCONOITO'),
('G200067160', 'INST UNIV PEDAG CARACAS'),
('G200067233', 'CONSEJO DEL MCPIO URDANETA'),
('G200067250', 'ADM VIAL DE PORTUGUESA C.A'),
('G200067284', 'CONTRAL DEL MCPIO ACOSTA DL EDO FALCON'),
('G200067373', 'CONCEJO MCPAL. JUAN JOSE MORA'),
('G200067632', 'FUND. CRAM JOSE LEONARDO'),
('G200067691', 'PROCURAD DTTO DEL ALTO APURE'),
('G200067853', 'IMTCUMARA'),
('G200067950', 'INST MCPAL DE CREDITO PUNCERES'),
('G200068124', 'FOND DESARROLLO PARA EL CULTIVO DE LA SOYA'),
('G200068167', 'FUND. MISION BARRIO ADENTRO'),
('G200068175', 'INST.PARA EL CONTROL Y LA CONV DE LA CUENCA DEL LAGO M'),
('G200068299', 'FUND MISION CULTURA'),
('G200068310', 'FUNDACITE COJEDES'),
('G200068337', 'CVA CEREALES Y OLEAGINOSAS DE VENEZUELA S.A'),
('G200068345', 'CVA. LACTEOS, S.A'),
('G200068396', 'CAMARA MCPAL DEL MCPIO JUAN A SOTILLO'),
('G200068442', 'INST METROP DE URBANISMO TALLER CARACAS'),
('G200068523', 'CONSEJO MCPAL. PADRE NOGUERA'),
('G200068582', 'INST AUT APROT C Y ADM DE DESAST DEL EDO MIRANDA'),
('G200068590', 'INST ESTADAL DE LA MUJER DEL EDO MONAGAS'),
('G200068680', 'CONTRALORIA DEL MCPIO DABAJURO EDO F'),
('G200068701', 'CVA EMP COMC DE INSUMOS Y SERV AGRICOLAS, S.A'),
('G200068795', 'CONTRALORIA MCPAL. DEL MCPIO SANTOS MARQUINA EDO MERIDA'),
('G200068850', 'FUND DISTRIBUIDORA VZLA DEL LIBRO'),
('G200068868', 'CENTRO TECNICO PRODUCTIVO SOC FLORENTINO'),
('G200068876', 'FUND. DIST NACIONAL DE CINE AMAZONIA FILMS'),
('G200068957', 'FUND. DE ASUNTOS INDIGENAS DEL ESTAD'),
('G200069015', 'CONTRALORIA MCPAL. FERNANDEZ FEO'),
('G200069139', 'SERV AUT. PLAZA DE T'),
('G200069163', 'CONSEJO MCPAL DERECH NI?O ADOLES MCPIO ANDRES E BLANCO'),
('G200069171', 'FONDO PARA EL DESARROLLO DEL MCPIO P'),
('G200069198', 'CONCEJO MCPAL. URDANETA'),
('G200069260', 'CONTRALORIA DEL MCPIO JOSE ANTONIO PAEZ'),
('G200069287', 'FUNDACITE LARA'),
('G200069295', 'CONSULADO COLOMBIA BARQUISIMETO'),
('G200069350', 'INST.DE DESARROLLO Y ESTUD.CONTRALOR.DEL EDO.LARA'),
('G200069554', 'CONTRALORIA DEL MCPIO BOLIVAR'),
('G200069651', 'FUND. PARA EL DESAROLLO DE LA ECONOM'),
('G200069775', 'CONTRALORIA MCPAL. BUCHIVACOA EDO. FA'),
('G200069783', 'PROCURADURIA GENERAL DEL EDO YARACUY'),
('G200069791', 'INST METROPOLITANO DE LA MUJER'),
('G200069821', 'EMPRESA NOROCCI DE MANT DE OBRAS HIDRAULICAS CA'),
('G200069970', 'PARROQUIA SANTA INES'),
('G200070064', 'INST DE DEPORTE MCPAL.'),
('G200070196', 'SGR- MERIDA S A'),
('G200070218', 'CENTRO NAC. DE TECNOLOGIA QUIMICA'),
('G200070315', 'CONSEJO MUNICP DEL MUNICP GUANARE'),
('G200070412', 'FUNTAP'),
('G200070420', 'INST METROP DEL PATRIMONIO CULTURAL DE CARACAS'),
('G200070455', 'COMPLEJO AGROINDUSTRIAL AZUCARERO EZEQUIEL ZAMORA'),
('G200070471', 'FUND CENTRO ESPACIAL VENEZOLANO CEV'),
('G200070544', 'INST AUT POLIC MUNIC GUANTA'),
('G200070560', 'CONTRALORIA MCPAL. DE DEMOCRACIA'),
('G200070625', 'OFIC DE PROYECTOS SOCIALES FONDO NACIONAL NEGRA. HIPOLITA'),
('G200070706', 'INS PREV SOC LEG TRAB CONS LEG EDO YARACUY'),
('G200070714', 'OPSIS'),
('G200070749', 'POLICIA MCPAL. DEL MCPIO BARALT'),
('G200070781', 'CONTRALORIA MCPAL MCPIO LA TRINIDAD EDO YARACUY'),
('G200070790', 'CJO BOLIV D MUN GRAL DE DIV JOSE D L TRINIDAD M'),
('G200070870', 'FUND. DEL DEPORTE Y LA RECREACION EDO MERIDA'),
('G200070943', 'INSTITUO AUTÓNOMO DE POLICIA MCPAL. ANDRES ELOY BLANCO'),
('G200070960', 'CONTRALORIA MCPAL DEL MCPIO CARDENAS'),
('G200071044', 'INDEPABIS'),
('G200071052', 'EPS MINERA NACIONAL CA'),
('G200071133', 'CENDIT'),
('G200071214', 'CONCEJO MCPAL. DE ARAURE'),
('G200071222', 'FUND PARA EL DESARROLLO CULTURAL EDO MERIDA'),
('G200071443', 'INST AUT MCPAL DE LA VDA Y EQP DE B GUACARA'),
('G200071478', 'CONTRALORIA MCPAL. SAN FELIPE-YARACUY'),
('G200071540', 'CONSEJO D DER DE NIÑO Y ADOL MCPIO S BOLIV'),
('G200071613', 'SUPERINTENDENCIA DE BANCOS'),
('G200071621', 'INST PATRIMONIO CULTURAL'),
('G200071672', 'FOND PARA EL DESAR INT DE VIVIENDA Y HABITAD'),
('G200071702', 'FUND CONTRALOR GNRAL DEL EDO'),
('G200071834', 'CONSEJO MCPAL.'),
('G200071842', 'FONDO PARA EL DESARROLLO ENDOGENO'),
('G200071982', 'INMIVI'),
('G200072113', 'FUND DE VIALIDAD AGRICOLA DEL EDO GUARICO'),
('G200072431', 'CVA. CAFE. C.A.'),
('G200072474', 'SERV AUT. ONCOLOGICO'),
('G200072776', 'EMBAJADA DE IRAK'),
('G200072792', 'INST MUN DE GEST DE RIESGO Y ADM D DESAST'),
('G200072849', 'FUND. VICENTE EMILIO SOJO'),
('G200073039', 'CONTRALORIA DEL MCPIO JAUREGUI'),
('G200073063', 'CONTRAL DL MUNC MANEIRO DEL E.N.E'),
('G200073080', 'PROGRAMA NACIONES UNIDAS'),
('G200073136', 'CONTRALORIA DEL MCPIO PIRITU DEL EDO'),
('G200073209', 'FUND. RED DE ARTE'),
('G200073233', 'CONTRALORIA MELLADO'),
('G200073284', 'CONTRALORIA MCPAL. DE GARCIA DE HEVIA'),
('G200073292', 'INST MCPAL. DESARR ENDOF'),
('G200073420', 'EMPRESA DE PRODUCTO SOCIAL CEMENTO CERRO'),
('G200073438', 'INSUMOS FERROVIARIOS INFERCA C.A.'),
('G200073489', 'FUND LA VILLA DEL CINE'),
('G200073497', 'CENDITEL'),
('G200073578', 'SISTEMA HIDRAULICO FALCONIANO C.A.'),
('G200073640', 'CONTRALORIA MCPAL. DEL MCPIO CARLOS ARVELO'),
('G200073934', 'CONTRALORIA MUNC CAMAGUAN'),
('G200073977', 'COMISION NACIONAL DE LOTERIA'),
('G200074027', 'INST. REGIONAL DE LAS MUJERES DEL EDO MIRANDA'),
('G200074035', 'SRG-SOGAMIC  S A'),
('G200074167', 'FUND. PARA EL DES.DE LA CS. Y TEC.EN EL EDO.MONAGAS'),
('G200074183', 'CONCEJO MCPAL DEL MCPIO BOLIVAR-YARACUY'),
('G200074205', 'CONTRALORIA MCPAL. DE PUNCERES'),
('G200074221', 'DEFENSORIA PUB. MILITAR'),
('G200074248', 'CONCEJO MCPAL. DE MICHELE'),
('G200074256', 'EMBAJADA DE CUBA'),
('G200074280', 'CONTRALORIA MCPAL. DEL MCPIO SOSA'),
('G200074400', 'SERVICIO AUT. MCPAL DE ADMN TRIBUTARIA'),
('G200074450', 'CONCEJO MCPAL. DEL MCPIO AUT. ROJAS'),
('G200074515', 'CENTRO NAC DE INNOVACION TECNOLOGICA'),
('G200074590', 'CONSEJO MCPAL. D CHAAO'),
('G200074612', 'CONTRALORIA DEL MCPIO RAFAEL RANGEL EDO TRUJILLO'),
('G200074620', 'CUERPOS DE BOMBEROS DE CARIPE'),
('G200074671', 'FUND ESC METROP DE FORM CIUD SIMON R'),
('G200074752', 'FUNDACITE PORTUGUESA'),
('G200074817', 'PROTECCION CIVIL TUBORES'),
('G200074884', 'FUND DEL NIÑO DEL EDO FALCON'),
('G200074922', 'FUNDAUNEFM'),
('G200074930', 'MPP PARA EL  DEPORTE'),
('G200074965', 'OBRAS PARA EL DESARROLLO FALCONIANO C A'),
('G200074981', 'INST.MUN.DE VIVIENDA Y HABITAT DE LA ALC'),
('G200075007', 'DESARROLLOS URBANO S A'),
('G200075058', 'INBERP'),
('G200075066', 'MPP PARA LOS PUEBLOS INDIGENAS'),
('G200075147', 'S A CLINICA BOLIV TRABAJ DE ALC MATURIN'),
('G200075210', 'INST. DE VIVIENDA Y HABITAT DEL EDO ZULIA (INZUVI)'),
('G200075252', 'SERV INVERSIONES Y RENTA'),
('G200075260', 'CONTRALORIA MCPIO VEROES DEL EDO'),
('G200075287', 'RED DE TRANSMISIONES DE VENEZUELA REDTV C. A.'),
('G200075325', 'FUND. DEL NIÑO DEL DIST ALTO APURE'),
('G200075376', 'CONSULADO DE LA REPUB. DE CUBA EN VALENCIA'),
('G200075414', 'FUND. EDITORIAL EL PERRO Y LA RANA'),
('G200075422', 'CONTRALORIA MCPAL. SANTA BARBARA'),
('G200075473', 'FONPRECEF'),
('G200075767', 'CONTRAL MCPIAL MCPIO JOSE F RIBAS EDO GUARICO'),
('G200075945', 'SUPERINTENDENCIA NAC DE LOS SILOS ALMACNES Y DISPOSITIVOS AGR'),
('G200075996', 'FUND. MISION CHE GUEVARA'),
('G200076160', 'IMFIDE'),
('G200076291', 'INST. REGIONAL DE LA MUJER'),
('G200076321', 'CONTRALORIA MCPAL. DEL MCPIO PEDRO MANUEL ROJAS'),
('G200076348', 'INST MCPAL PARA LA JUVENTUD DE CARACAS'),
('G200076500', 'INST. MCPAL PARA LA CULTURA MCPIO CARACHE'),
('G200076550', 'SERV AUT. DE METROLOGIA DE HIDRO'),
('G200076593', 'OFICINA DE COOPERACION TECNICA INTERNACIONAL'),
('G200076607', 'SOCIEDAD DE GARANTIAS RECIPROCAS DEL EDO'),
('G200076640', ' CA. EMPRESA REGIONAL SISTEMA HIDRAULICO PLANICIE DE MARACAIBO '),
('G200076720', 'NST.METROP.PROM Y DES DEL PODER POPULAR'),
('G200076739', 'INST. MCPAL. DEL AMBIENTE'),
('G200076801', 'FUNDACITE APURE'),
('G200076879', 'FUND. TELEVISORA VENEZOLANA SOCIAL'),
('G200076917', 'INST DE LA VIVIENDA DEL MCPIO CEDE?O'),
('G200076933', 'INST. AUT. DE POLICIA MCPAL DE M'),
('G200076968', 'SECRETARIA DE SEGURIDAD CIUDADANA DEL MCPIO MATURIN'),
('G200077093', 'EMP PARA LA INFRAESTRUCTURA FERROVIARIA LATINOAMERICANA SA'),
('G200077107', 'FUNDASALUD'),
('G200077115', 'PROULA MEDICAMENTOS C A'),
('G200077280', 'FUND INFOCENTRO'),
('G200077441', 'FUNDACITE DELTA AMACURO'),
('G200077450', 'CVA LEANDER CARNES Y PESCADOS, S.A'),
('G200077492', 'SISTEMA INTEGRAL DE TRANSPORTE SUPERFICIAL S.A'),
('G200077620', 'CONTRALORIA MCPAL DEL MCPIO SIMON BOLIVAR'),
('G200077670', 'INST. MCPAL. DE LA VIVIENDA MCPIO SANTA ROSALIA'),
('G200077743', 'CONVIASA'),
('G200077786', 'INST. MCPAL. DE VIALIDAD Y TRANSP'),
('G200077808', 'FUND. ORQUESTA SINFONICA EDO MERIDA'),
('G200077824', 'CONTRALORIA MCPAL. DEL MUN. ANDRES MA'),
('G200077859', 'FUND. ESCUELA VENEZOLANA DE PLANIFICACIÓN'),
('G200077921', 'POLICIA MCPIO MIRANDA'),
('G200077930', 'FUND CENTRO NACIONAL DEL DISCO'),
('G200077956', 'FUND DR. ALEJANDRO PROSPERO REVEREND'),
('G200077980', 'FUNDACITE TRUJILLO'),
('G200077999', 'CONS EST D PLANIF Y COORD D POLIT PUB EDO GCO'),
('G200078090', 'CONTRALORIA MCPAL. DEL MCPIO CARIPE'),
('G200078170', 'REG. PUBLICO MUCPIOS URDANETA Y CAMATAGUA EDO ARAGUA'),
('G200078189', 'FUND. FRANCESCHI SAADE'),
('G200078448', 'REG CIVIL PRINC DE EDO MONAGAS'),
('G200078472', 'SERVICIO AUT. ESTADIO METROPOLITANO'),
('G200078570', 'FUND COLOMBEIA'),
('G200078588', 'BANCO DEL PUEBLO SOBERANO'),
('G200078618', 'INST AUT FDO NAC DE P Y C (INATUR)'),
('G200078693', 'INST. NACIONAL DE GEOLOGIA Y MINERIA'),
('G200078723', 'MANCOMUN METRO DEL EDOTACH'),
('G200078847', 'INST AUTO DE MANT AMB DEL MUN SUCRE'),
('G200078979', 'CONTRALORIA MCPIO GRAN SABANA'),
('G200079053', 'EMPRESA BOLIVARIANA DE PRODUCCION SOCIALISTA CACAO ODERI S.A'),
('G200079070', 'HOTEL ESCUELA DE VENEZUELA'),
('G200079100', 'CVA CIA MECANIZADO Y TRANSPORTE PEDRO CAMEJO SA'),
('G200079118', 'FUNDAPATRIMONIO'),
('G200079142', 'MANORCA'),
('G200079290', 'CONCEJO MCPAL. DE PAEZ'),
('G200079550', 'CONSEJO MCPAL. DEL MCPIO MACHIQUE'),
('G200079665', 'INST. DEL AMBIENTE DEL E'),
('G200079720', 'FUND AVILA TVE TELEVISORA DE LAS COMUN METROP'),
('G200079797', 'INST. AUT. DE LA JUVENTUD DEL EDO YARACUY'),
('G200079843', 'SUVINCA'),
('G200079924', 'PROTECCION CIVIL UCHIRE'),
('G200079959', 'FUND. LIBRERIAS DEL SUR'),
('G200080000', 'IPASME'),
('G200080019', 'CONTRALORIA DEL MCPIO ANACO DEL EDO ANZO?TEGUI'),
('G200080035', 'EMBAJADA DE AUSTRIA'),
('G200080060', 'EMBAJADA DE URUGUAY'),
('G200080094', 'EMBAJADA DE GRENADA'),
('G200080191', 'FUND. DEL NIYO EDO APURE'),
('G200080248', 'FUND COMPAÑIA NACIONAL DE DANZA'),
('G200080264', 'FEDE COORD ESTATALES'),
('G200080272', 'HIDROCENTRO'),
('G200080299', 'FONDO VZLANO DE RECONVERSION IND Y TECNOLOGICA FONDOIN '),
('G200080370', 'EMBAJADA DE BELARUS'),
('G200080396', 'CONSULADO COLOMBIA VALENCIA'),
('G200080400', 'CONSULADO COLOMBIA BARINAS'),
('G200080450', 'ALCD. MCP SUCRE GUAMA YARACUY'),
('G200080477', 'SUPERINTENDENCIA DE LA ACTIVIDAD ASEGURADORA'),
('G200080493', 'CORDAGRO, S.A'),
('G200080566', 'FUND. MISION MADRES DEL BARRIO'),
('G200080647', 'COMD GRAL DE LA FUERZA ARMADA'),
('G200080655', 'BANCO INTERAMERICANO DE DESARROLLO'),
('G200080850', 'HIDRO SUROESTE TACHIRA'),
('G200080914', 'S.A.P.C.A.D.G.R.'),
('G200081031', 'FUND. CIEPE'),
('G200081074', 'SERV AUT BOLIVARIANO D ADMIN TRIBUTARIA'),
('G200081112', 'AUDITORIA ALCD. MONAGAS'),
('G200081341', 'INST AUT ESC DE FORM DE AG DE SEG ESPOTRU'),
('G200081414', 'EMPRESA SOCILISTA  GANADE'),
('G200081473', 'AGENCIA BOLIVARIANA PARA ACTIVIDADES ESPACIALES'),
('G200081546', 'CONSULADO GENERAL DE COLOMBIA'),
('G200081619', 'CONSOLATO GENERALE DITALIA A CARACAS'),
('G200081643', 'CENTRO SIMON BOLIVAR CA'),
('G200081686', 'ORG INTER PARA LA MIG OIM'),
('G200081708', 'HOSP.PED.DR.AGUST.ZUBILLAGA'),
('G200081759', 'FUND. MCPAL. INTERMISONES'),
('G200081783', 'ASOCIACION CIVIL FONDO TURISMO BOLIVAR'),
('G200081813', 'INST PARA CAPACITACION Y RECREACION DEL TRAB'),
('G200081848', 'FUND PAR LA ATENCION Y PROTE'),
('G200081864', 'CONSULADO COLOMBIA TACHIRA'),
('G200081970', 'INPRADEP'),
('G200081988', 'FUND CTRO DE ESTUD LAT R. F'),
('G200082003', 'CONTRALORIA MCPAL. DEL MCPIO CEDE?O'),
('G200082020', 'UNIV PEDAG EXP LIBERTADOR'),
('G200082054', 'EMPRESA MIXTA SOCIALISTA ARROZ DEL ALBA, S.A.'),
('G200082062', 'INST. AUT. MCPAL. CUERPO DE BOMBEROS DE SAN FRANCISCO'),
('G200082089', 'EMPRESA MIXTA SOCIALISTA LACTEOS DEL ALBA'),
('G200082097', 'FUND. ESCUELA DE GERENCIA SOCIAL'),
('G200082100', 'INST. AUT. CUERPO DE'),
('G200082119', 'EMPRESA MIXTA SOC AVICOLA DEL ALBA S.A'),
('G200082135', 'EMPRESA MIXTA SOC MADERAS DEL ALBA, S.A'),
('G200082240', 'SERV. AUT. FONDO PARA EL DESARROLLO COMUNAL DEL EDO LARA'),
('G200082267', 'SUGAS - SERV AUTO SOCIAL BOLIVARIANO DE ADMINIST'),
('G200082283', 'CUERPO DE BOMBEROS MCPIO SIFONTES'),
('G200082330', 'INST NACIONAL DE METEREOLOGIA E HIDROLOGIA (INAMEH)'),
('G200082496', 'EMPRESA MIXTA SOC LEGUMINOSAS DEL ALBA S.A.'),
('G200082518', 'INST. MCPAL. PARA EL DESARROLLO SOCIAL'),
('G200082615', 'INST AUT POLICIA DEL MCPO MARA EDO ZULIA'),
('G200082658', 'FUNDAINCOLON'),
('G200082771', 'Insalud Edo Trujillo'),
('G200082801', 'FDO PARA EL DESARROLLO AGRARIO SOCIALISTA'),
('G200082828', 'IAMPIMH MANUELITA SAENZ'),
('G200082925', '424 BATALLON DE APOYO PARACAID CNEL RAMON G DE SENA'),
('G200082933', 'VENEZOLANA DE TELEVISION'),
('G200082950', 'CORPOZULIA'),
('G200083220', 'FUND LAB NAC DE VIALIDAD'),
('G200083280', 'INST. UNIVERSITARIO DE TECNOLOGIA YARACUY'),
('G200083301', 'FUNDANANE'),
('G200083344', 'VENEZOLANA DE TELECOMUNICACIONES CA'),
('G200083387', 'CONSORC  VDAD SUCRE Y ALBA BOLIVARIANA'),
('G200083433', 'CORPOCENTRO'),
('G200083727', 'FONDO MIXTO DE PROMOCION Y CAP TURISTICA DEL EDO FALCON'),
('G200083743', 'Inst. NACIONAL DE LA JUVENTUD DEL EDO LARA'),
('G200083778', 'CONSULADO GRAL D L REP FEDERATIVA DEL BRASIL'),
('G200083875', 'SERV AUT. DE REG Y NOTARIAS'),
('G200083956', 'FUNDARTE'),
('G200083980', 'JUNTA PARROQUIAL RICAURTE'),
('G200084006', 'CORP PARA DESARROLLO CIENTIFICO Y TECNOLOGICO, S.A'),
('G200084235', 'EMBAJADA DE GAMBIA'),
('G200084243', 'CVA CULTIVOS VARIOS S.A'),
('G200084294', 'ALMACENADORA CARACAS C A'),
('G200084383', 'FUND ANTONIO JOSE DE SUCRE'),
('G200084448', 'ZONA FRANCA INDUSTRIAL, COMERCIAL Y DE SERVICIO DE PARAGUANA, C.A. '),
('G200084502', 'SERV AUT. DE IMPRENTA DEL EDO BOLIVAR'),
('G200084561', 'FUND INST BOTANICO DE VZLA.'),
('G200084626', 'VEXIMCA'),
('G200084707', 'CONSULADO COLOMBIA EDO ZULIA'),
('G200084790', 'FUND CENTRO NACIONAL DE LA HISTORIA'),
('G200084952', 'INST AUT MCPAL. DE LA SALUD'),
('G200085045', 'VENEZOLANA DE ALIMENTO LA CASA, S.A.'),
('G200085177', 'FUNDACITE NUEVA ESPARTA'),
('G200085339', 'FUND. PARQUE ZOOLOGICO METROPOLITANO DEL ZULIA'),
('G200085568', 'FUND. CARACAS'),
('G200085649', 'SERVICIO AUTÓNOMO DE POLICÍA MCPAL. DEL MCPIO MIRANDA DEL EDO ZULIA (POLIMIRANDA)'),
('G200085665', 'FUND CENTRO NAC DE LA FOTOGRAFIA'),
('G200085690', 'CONSULADO DE PERU PUERTO ORDAZ'),
('G200085703', 'CENTRAL AZUCARERO SUCRE, C.A.'),
('G200085762', 'EPS RECUP DE MATERIAS PRIMAS C A'),
('G200085908', 'CONSULADO COLOMBIA AYACUCHO'),
('G200085924', 'EMP SOC GANAD AGROECO BRAVOS DE APURE'),
('G200086025', 'EMPRESA MIXTA SOC PORCINOS DEL ALBA, S.A'),
('G200086084', 'OBSERVATORIO NAC DE CIENCIA TECN E INNOVACION'),
('G200086092', 'AGREGADURIA NAVAL DE BRASIL'),
('G200086289', 'FUNDACIÓN DEL EDO PARA EL CTRO DE ARTE DE MCBO LÍA BERMÚDEZ'),
('G200086360', 'FUND. FONDO NACIONAL PARA LA PRODUCC'),
('G200086424', 'AGREGADURIA AEREA DEL BRASIL'),
('G200086572', 'FUND COMPLEJO TURIST AGROP JUAN CANELON'),
('G200086610', 'CONCEJO MCPAL. DEL MCPIO IRIBARRE'),
('G200086904', 'FUND. SOCIAL BOLIVAR'),
('G200086939', 'FONDO DE TURISMO PORTUGUESA'),
('G200087013', 'SEGUROS HORIZONTE C A'),
('G200087048', 'INST. MUNIC. DE DESAR. ENDOG. Y ECONOMIA SOCIAL DE URDANETA'),
('G200087080', 'INST MUNCPAL DE LA VIV Y HABIT DEL MCPIO'),
('G200087188', 'A/C FONDO MIXTO ESTD PROM CAPC PART TURISTICA EDO YARACUY'),
('G200087498', 'INST. AUT. DE POLICÍA MCPAL. ROSARIO DE PERIJÁ '),
('G200087714', 'MPP PARA L COMUNAS Y PROTECC SOCIAL'),
('G200087889', 'MPP PARA LAS OBRAS PUB.S Y VIVIENDA'),
('G200087897', 'MPP PARA EL COMERCIO'),
('G200087927', 'MPP PARA CIENCIA, TECN E INDUST INTERM'),
('G200088133', 'DEMIVARGAS,C.A.'),
('G200088168', 'GOBIERNO DEL DISTRITO CAPITAL'),
('G200088184', 'INST. MCPAL. DE PROTECCIÓN CIVIL Y ADMINISTRACIÓN DE DESASTRES DEL MCPIO TRUJILLO '),
('G200088230', 'INST AUT DE POLICIA DEL MCPIO MATURIN'),
('G200088249', 'COMISIÓN DE REVERSIÓN PUERTO DE MARACAIBO EDO ZULIA '),
('G200088303', 'MPP PARA LA MUJER Y LA IGUALDAD DE GENERO'),
('G200088346', 'PUERTOS DEL LITORAL CENTRAL SA'),
('G200088397', 'EMPRESA SOCIALISTA MINERALES DE YARACUY,C.A.'),
('G200088419', 'METRO DE MARACAIBO C A'),
('G200088494', 'HOTEL ALBA CARACAS'),
('G200088826', 'FUND. PARA EL DESARROLLO INTEGRAL DEL PUEBLO'),
('G200088893', 'SERV ADM DE IDENTIFICACION, MIGRACION Y EXTRANJERIA'),
('G200089083', 'CARIRUBANA EMPRESA DE PROPIEDAD SOCIAL TERMINAL DE PASAJEROS'),
('G200089334', 'EMPRESA AGRICOLA VENCHI, S.A.'),
('G200089342', 'PROGRAMA DE ATENCION INTEGRAL COMUNITARIO(P.A.I.C.O)'),
('G200089431', 'CORPORACION SOCIALISTA DE PERIJA,S.A (CORPOPERIJA)'),
('G200089768', 'UNIDAD DE PRODUCCION SOCIALISTA CONSTRUCCIONES MCPIO FALCON,C.A. "UPS CONMUNIFAL"'),
('G200089806', 'FUND PARA LA COMUNICACION POPULAR CCS'),
('G200090146', 'HIDROLARA CA'),
('G200090170', 'EMICA EMP MCP INF CONS AMB SA'),
('G200090219', 'EMP.PROP.SOC.RED ACOP.DISTRI. Y COMERC. INSU.ALIMENT. REDIAL'),
('G200090260', 'TELEVISORA REGIONAL UNIFALCON TELEVISION, C.A.'),
('G200090308', 'SERPROFALCON '),
('G200090340', 'CONSTRUCTORA FALCONIANA DE VIVIENDA, CA'),
('G200090430', 'BOLIVARIANA DE SEG Y REASEGUROS SA'),
('G200090561', 'EMPRESA SOCIALISTA TRANSPORTE YARACUY, C.A.'),
('G200090596', 'FUND. EL CORREO DEL ORINOCO'),
('G200090669', 'AGENCIA VENEZOLANA DE NOTICIAS CA'),
('G200090685', 'RADIO NACIONAL DE VENEZUELA CA'),
('G200090766', 'AEROPUERTO INTERNACIONAL "LA CHINITA" (BAER) S.A.'),
('G200091096 ', 'MPP PARA LA ENERGIA ELECTRICA'),
('G200091142', 'FUN.SOC.BIE.FAM.DES.FOR.COMU'),
('G200091169', 'FUND. YARACUY BONITO'),
('G200091312', 'PUERTOS DEL ALBA , CA'),
('G200091487', 'BICENTENARIO BANCO UNIVERSAL, C.A'),
('G200091495', 'HOTEL ESCUELA TODARIQUIVA S.A '),
('G200091606', 'FUND MCPAL P EL DES DE LA CULT Y EL TUR D MCPIO'),
('G200091983', 'FUNPECES'),
('G200092017', 'INST. PUBLICO MCPAL. DE GAS DEL MCPIO. SAN FRANCISCO '),
('G200092211', 'CUERPO DE POLICIA MCPAL. BOLIVARIANA DE CARIRUBANA DEL EDO FALCON'),
('G200092408', 'SISVAR'),
('G200092637', 'EMPRESA SOCIALISTA PARA LA EJECUCION DE PROYECTOS, CONSTRUCC'),
('G200092920', 'INST. MCPAL. DE LA MUJER BOLIVARIANA'),
('G200092947', 'SERVICIOS PUBLICOS Y SANEAMIENTO AMBIENTAL DEL MCPIO FALCON, C.A '),
('G200093030', 'EMPRESA DE CONCRETO Y ASFALTO VARGAS CA'),
('G200093315', 'INST. PARA EL DEPORTE ACTIVIDAD FISICA Y RECREACION DEL'),
('G200093340', 'INST.MUN.ASEO URB. Y DOM. '),
('G200093463', 'FUNDAMUTUAL '),
('G200093650', 'CORPORACIÓN VENEZOLANA DE ALIMENTOS, S.A.'),
('G200094010', 'LA RADIO DEL SUR CA'),
('G200094176', 'FUND.SUM.AGUA POT.URDANETA '),
('G200094729', 'CADIVI'),
('G200094818', 'SGR ZULIA, S.A'),
('G200095067', 'COMITE ORG IV CAMP MUNDIAL DE BEISBOL FEMENINO'),
('G200095687', 'UNIVERS POLITEC. TERRITORIAL DEL EDO.LARA ANDRES ELOY BLANCO'),
('G200096322', 'INST. AUT. DE SERVICIOS PUBLICOS DEL MINICIPIO PALAV'),
('G200096667', 'INST.SOC.D/SERV.PUB.DEL.MUN.BOLIV.G/DPEDROL.TORRES ISOSEPTOR'),
('G200096683', 'FUND.ESC.JUANCHO P/A CULT,REC.TUR. Y D.INT.MUN.BOLIV.G/D P'),
('G200098260', 'LACTEOS LOS ANDES CA'),
('G200099003', 'MPP PARA  EL SERVICIO PENITENCIARIO'),
('G200099240', 'COMISIÓN PRESEINDENCIAL CONTROL DE ARMAS, MUNIC Y DESARME'),
('G200099976', 'BANCO DE VENEZUELA S.A'),
('G200100206', 'FUND. NIÑO JESÚS DEL EDO.YAR '),
('G200100249', 'PRODUSTORA Y DISTRIBUIDORA VENEZOLANA DE ALIMENTOS'),
('G200100630', 'FUND.NIÑO DEJANDO HUELLAS '),
('G201000027', 'ALC MCPIO VALENCIA'),
('G201000060', 'CONSEJO LEGISLATIVO DEL EDO CARABOBO'),
('G201000175', 'CONSEJO LEGISLATIVO DEL EDO ARAGUA'),
('G314799501', 'EMP.DE PRODUC.PARA LA CONCENT.DE MINERAL DE HIERRO'),
('I001163371', 'ZONA EDUCATIVA EDO CARABOBO'),
('I001163554', 'ZONA EDUCATIVA EDO COJEDES'),
('I001163608', 'ZONA EDUCATIVA EDO SUCRE'),
('I001163785', 'ZONA EDUCATIVA EDO NUEVA ESPARTA'),
('I001163788', 'ZONA EDUCATIVA EDO MONAGAS'),
('I001163794', 'CONCEJO MCPAL. DEL DTTO ACOSTA'),
('I001168660', 'ZONA EDUCATIVA EDO PORTUGUESA'),
('I001169795', 'ZONA EDUCATIVA EDO MERIDA'),
('I001169839', 'ZONA EDUCATIVA EDO FALCON'),
('I001176088', 'ZONA EDUCATIVA EDO TACHIRA'),
('I001176094', 'ZONA EDUCATIVA EDO TRUJILLO'),
('I001184892', 'COMITE INTERNACIONAL CRUZ ROJA'),
('I001184909', 'CONSULADO DE DINAMARCA'),
('I001184925', 'CONSULADO GENERAL DE ESPAÑA CARACAS'),
('I001184936', 'EMBAJADA DE ITALIA P C M'),
('I001184937', 'EMBAJADA DE ITALIA U E A'),
('I001184961', 'EMBAJADA DE MEXICO'),
('I001184963', 'EMBAJADA DE KUWAIT'),
('I001184965', 'EMBAJADA DE ALEMANIA'),
('I001184966', 'EMBAJADA DE LA REPUB. CHECA'),
('I001184978', 'CONSULADO DE COSTA RICA'),
('I001184979', 'EMBAJADA DE COSTA RICA'),
('I001184991', 'AGENCIA CONSULAR DE ITALIA'),
('I001184998', 'AGREGADURIA MILITAR DEL PERU'),
('I001185000', 'EMBAJADA DE SUDAFRICA'),
('I001185004', 'EMBAJADA DE FRANCIA'),
('I001185005', 'CONSEJERIA COMERCIAL DE MEXICO'),
('I001185007', 'EMBAJADA DE NIGERIA'),
('I001185010', 'EMBAJADA DE BULGARIA'),
('I001185015', 'CONSULADO DE PORTUGAL'),
('I001185016', 'EMBAJADA DE PANAMA'),
('I001185023', 'EMBAJADA DE INDONESIA'),
('I001185062', 'EMBAJADA DE MARRUECOS'),
('I001185167', 'OFC COMERCIAL EMB CHILE'),
('I001185169', 'AGREGADURIA MILITAR DE RUSIA'),
('I001185174', 'CONSULADO REPUB DE HUNGRIA'),
('I001185175', 'CONSULADO PAISES BAJOS ZULIA'),
('I001185229', 'ZONA EDUCATIVA EDO MIRANDA'),
('I001187029', 'DIR BIENESTAR Y SEGR SOCIAL'),
('I001187032', 'JUSTICIA MILITAR'),
('I001187037', 'INST AUT OFIC SIT DISP RET'),
('I001187079', 'UNELLEZ (ACARIGUA)'),
('I001187159', 'CONSEJO DE LA DEFENSA DE LA NACION'),
('I001187190', 'HIDROCARIBE ANZOATEGUI'),
('I001187192', 'UNI DE ORIENTE EDO ANZOATEGUI'),
('I001187198', 'AEROPUERTO ANZOATEGUI'),
('I001187201', 'HIDRO LLANOS ACHAGUAS'),
('I001187202', 'HIDRO LLANOS GUASDUALITO'),
('I001187205', 'UNELLEZ (APURE)'),
('I001187226', 'UNELLEZ (BARINAS)'),
('I001187238', 'DIR POLITICA EDO CARABOBO'),
('I001187239', 'DIR DE CULTURA EDO CARABOBO'),
('I001187240', 'CASA DEL VECINO EDO CARABOBO'),
('I001187241', 'DIDUR EDO CARABOBO'),
('I001187250', 'AEREOPUERTO ARTURO MICHELENA'),
('I001187252', 'FUNDAMENORES CARABOBO'),
('I001187260', 'UNELLEZ (COJEDES)'),
('I001187271', 'UNIV ZULIA NUCLEO FALCON'),
('I001187288', 'DIR.GRAL.SECT.DE SALUD EDO LARA'),
('I001187296', 'FUNDEM Y DEFENSA CIVIL'),
('I001187309', 'POLICIA MCPAL ALCD. SUCRE'),
('I001187339', 'HIDROCARIBE NUEVA ESPARTA'),
('I001187351', 'UNELLEZ (GUANARE)'),
('I001187352', 'BCO FOM REG LOS ANDES PORTUGUESA'),
('I001187363', 'HIDROCARIBE SUCRE'),
('I001187374', 'BCO FOM REG ANDES TACHIRA'),
('I001187376', 'MSAS DIR TACHIRA'),
('I001187388', 'BCO FOM REG ANDES TRUJILLO'),
('I001187403', 'LOTERIA DEL ZULIA'),
('I001187408', 'INST ASEO URBANO MARACAIBO'),
('I001187415', 'INSALUD EDO MERIDA'),
('I001187417', 'INST AUT MCPAL TRANSPORTE'),
('I001187444', 'SALUD DISTRITAL'),
('I001187454', 'PREFECTURA MCPAL. VARGAS'),
('I001187457', 'CUERPO DE BOMBEROS'),
('I001187458', 'POLICIA METROPOLITANA'),
('I001187462', 'HOSP J M DE LOS RIOS'),
('I001187463', 'MATERNIDAD CONCEPCION PALACIOS'),
('I001187464', 'HOSP DE LIDICE'),
('I001187479', 'BCO MCPAL. DE SANGRE DF'),
('I001187484', 'HIDRO MCPIO VARGAS'),
('I001187488', 'CIRCULO MILITAR CARORA'),
('I001187494', 'CIRC MILITAR CARABOBO'),
('I001187510', 'BCO FOMENTO REG LOS ANDES C'),
('I001187530', 'INST. AUT. DE POLICIA MCPAL'),
('I001187547', 'CIRCULO MILITAR PORLAMAR'),
('I001187576', 'FONDO UNICO SOCIAL'),
('I001187595', 'SINDICATURA MCPAL. DF'),
('I001187639', 'UCV  CDCH'),
('I001187660', 'CONSEJO DE INVESTIGACION UDO'),
('I001187694', 'PROYECTO VENEZUELA'),
('I001187703', 'MSDS ALCD. METROPOLITANA'),
('I001187716', 'HIDROCARIBE ANZOATEGUI SUR'),
('I001187747', 'INST AUT DE ENERGIA DC MIRANDA'),
('I001187755', 'LUZ CABIMAS'),
('I001187760', 'OTNRTTU'),
('I001187776', 'ENTE NACIONAL DEL GAS ENAGAS'),
('I001187789', 'FDO INVERS SOCIAL DE VZLA'),
('I001187798', 'C V G  VZLANA FERROSILICIO'),
('I001187874', 'CORP DE SALUD TACHIRA'),
('I001187920', 'CIRCULO MILITAR SAN CRISTOBAL'),
('I001187930', 'HIDROCARIBE ANZOATEGUI COR'),
('I001187958', 'AEREOPUERTO JACINTO LARA'),
('I001187974', 'CIRCULO MILITAR DE BARQUISIMETO'),
('I001188044', 'TECHNIP BOLIVAR'),
('I001188054', 'CASA DE LA CULTURA MATURIN'),
('I001188065', 'TECOM MONAGAS'),
('I001188100', 'INST.DE MECANICA FLUIDOS UCV'),
('I001216460', 'PROCURADURIA EDO APURE'),
('I001216518', 'CONSERJERIA DE INF'),
('I001216524', 'CONSULADO DE LA REP DE PANAMA'),
('I001216537', 'ALCD. MCPIO INDEPENDENCIA EDO MIRANDA'),
('I001216541', 'AGREGADURIA MILITAR COLOMBIA'),
('I001216542', 'CONCEJO MCPAL DTTO BOLIVAR EDO ANZOATEGUI'),
('I001216546', 'AGREGADURIA MILITAR DEL ECUADOR'),
('I001216552', 'AGENCIA CONSULAR ITALIA CORO'),
('I001216596', 'SERV ATENCION AL MENOR EDO MONAGAS'),
('I001216608', 'INVIVAR EDO ARAGUA'),
('I001216643', 'INST AUT MCPAL. POLICIA GUAICAPURO'),
('I001216681', 'OFICINA DE TURISMO DE REPUB. DOMINICANA'),
('I001216704', 'FUNDAPREANZ'),
('I001216705', 'FUND. DEL NIÑO EDO ZULIA'),
('I001216707', 'FUND. DEL NIÑO EDO MERIDA'),
('I001218420', 'FUND. DEL NIÑO MCPIO CARIRUBANA'),
('I001218430', 'RED DE BIBLIOTECAS INFORMATIVAS EDO MONAGAS'),
('I001220116', 'EMBAJADA DE GUAYANA'),
('I001220405', 'Hipodromo De Santa RitA'),
('I001220482', 'VIVIENDA RURAL EDO TACHIRA'),
('I001220603', 'FUND. DEL NIÑO EDO PORTUGUESA'),
('I001220604', 'FUND. DEL NIÑO EDO LARA'),
('I001220605', 'FUND. DEL NIÑO EDO APURE'),
('I001264707', 'CONSULADO GENERAL DEL ECUADOR'),
('I001266520', 'AGREG AEREA EMBAJ DE COLOMBIA'),
('I001271670', 'CONSULADO REP COREA'),
('I001272887', 'CONSULADO COLOMBIA EDO MERIDA'),
('I001293473', 'CONSULADO DE ITALIA MATURIN'),
('I001316002', 'CONTRALORIA MCPIO ALBERTO ADRIANI'),
('I001344125', 'ORGANISMO DE EDOS AMERICANOS'),
('J000006431', 'AGROISLE?A C A'),
('J000008914', 'ALUMINIO DE VENEZUELA C A'),
('J000029555', 'C.A CENTRAL BANCO UNIVERSAL'),
('J000029571', 'BANCO INDUSTRIAL DE VENEZUELA'),
('J000035045', 'NOTARIA PUB LA VILLA'),
('J000043663', 'CADAFE CA'),
('J000047847', 'C.A CAFE FAMA DE AMERICA'),
('J000114188', 'TROPIGAS S A C A');
INSERT INTO `institucion` (`rif_institucion`, `nombre_institucion`) VALUES
('J000124825', 'C.A.ELECTRICIDAD DE VALENCIA'),
('J000127379', 'ENERGIA ELECT BARQUISIMETO'),
('J000127638', 'ENVASES INTERNACIONAL SA'),
('J000136556', 'CA FAB NACIONAL DE CEMENTOS'),
('J000153248', 'FUND. DE LA VIVIENDA POPULAR'),
('J000176469', 'INDUSTRIAS DIANA C A'),
('J000200548', 'INTERCONTINENTAL GUAYANA'),
('J000212430', 'C.A ELECT DE CARACAS'),
('J000212449', 'CA ELECTRICIDAD CDAD BOLIVAR'),
('J000213763', 'SEGUROS LA PREVISORA'),
('J000230706', 'CALIFE'),
('J000237468', 'CAFE MADRID'),
('J000330275', 'ESCUELA BASICA NUEVA AMERI'),
('J000342750', 'INDUSTRIAS VENTANE'),
('J000388393', 'CEMEX VENEZUELA'),
('J000413630', 'SHELL VENEZUELA PRODUCTOS CA'),
('J000413916', 'SIDERURGICA DEL ORINOCO C.A'),
('J000416273', 'VENGAS, S.A.'),
('J000483264', 'CIDATEL VENEZOLANA S. A.'),
('J000509956', 'INSECTICIDAS INTERNAC CA'),
('J000568588', 'C.A ELECT DE GUARENAS GUATIRE'),
('J000570159', 'FUND. CIARA'),
('J000597715', 'BANNORTE BANCO COMERCIAL,C.A'),
('J000621730', 'RADIO MARGARITA C.A.'),
('J000636818', 'FONDOMAR'),
('J000641781', 'GOB DTTO FEDERAL NOTARIA P'),
('J000661472', 'RADIO MUNDIAL ZULIA'),
('J000665052', 'CAVEINEL'),
('J000678278', 'FONDO DE DESARROLLO ALGODONERO'),
('J000711020', 'INESLA'),
('J000757569', 'CAJA DE AHORRO DEL CICPC'),
('J000767270', 'PDVSA GAS, S.A.'),
('J000808716', 'C V G INDUSTRIA VENEZOLANA DE ALUMINIO'),
('J000881189', 'HOTEL HILTON (MARGARITA)'),
('J000923744', 'RADIO MUNDIAL SRL'),
('J000924929', 'SHELL'),
('J000925046', 'CORPORACION VENEZOLANA PETROLERA CVP, C.A.'),
('J000925054', 'DELTAVEN S.A'),
('J000925119', 'PALMAVEN'),
('J000929971', 'VIENGUARCA'),
('J000950369', 'PETROLEOS DE VZLA. PDVSA'),
('J000987459', 'CTRO DE ALMAC CONGELADOS'),
('J001001085', 'INCE TURISMO'),
('J001005420', 'C V G  FERROMINERA ORINOCO C.A'),
('J001039090', 'CA METRO DE CARACAS'),
('J001108483', 'InNTEVEP S.A.'),
('J001114912', 'C V G  BAUXILUM OPER BAUXITA'),
('J001138544', 'C V G  CONDUCTORES DE ALUMINIO DEL CARONI'),
('J001159924', 'CODELECTRA'),
('J001184938', 'EMBAJADA DE GRAN BRETAÑA'),
('J001201440', 'CAMARA PETROLERA DE VENEZUELA'),
('J001216447', 'FUND. DEL NIÑO'),
('J001230726', 'PDVSA PETROLEO S.A.'),
('J001271919', 'CONTRALORIA MCPIO URDANETA EDO LARA'),
('J001490175', 'INST DE ESTUDIOS AVANZADOS'),
('J001493999', 'FONDOEFA'),
('J001511202', 'C V G INTERNACIONAL C A'),
('J001542345', 'INST NAC DE CANALIZACIONES'),
('J001550135', 'FUND ORQ SINF MCPAL DEL MCPIO LIBERTADOR'),
('J001574026', 'RADIO CADENA MUNDIAL'),
('J001615199', 'FUND INST. DE INGENIERIA'),
('J001635700', 'FUND DE EDUCACION AMBIENTAL'),
('J001721860', 'MONTAJES VENCEMOS BASAURI'),
('J001824952', 'C.I.E.D.'),
('J001839380', 'INCE RECTOR'),
('J001883304', 'FUND VENEZOLANA DE INVEST SISMOLOGICAS'),
('J001892877', 'FUND UCV'),
('J001993657', 'FUNDAPOL'),
('J002085231', 'ASOC CIVIL AMIGOS DE LA UNIV. SIMON BOLIVAR'),
('J002130598', 'HIPODROMO NACIONAL DE VALENCIA'),
('J002151889', 'FDO GARANTIA PROTECCI BANCARIA'),
('J002220325', 'SERVIPET JUBILADOS PETROLEROS'),
('J002251565', 'PHOENIX INTERNACIONAL C A'),
('J002268948', 'TRANSPORTE FAMA DE AMERICA CA'),
('J002379014', 'GOB EDO MIRANDA'),
('J002398272', 'SERVIFERTIL S.A'),
('J002423161', 'FUND. BOMBEROS DE CARACAS'),
('J002427825', 'DIR GENERAL DE SERVICIOS(DIGENSER)'),
('J002427833', 'DIRECCION DE ARMAMENTO'),
('J002427906', 'DIGECAFA'),
('J002457945', 'PALMERAS DIANA DEL LAGO CA'),
('J002459687', 'REG SUBALT DE EJIDO'),
('J002541409', 'ESC BAS PRIV RAFAEL OSIO P'),
('J002559730', 'TRANSPORTE MACHICO S A'),
('J002624884', 'FUND ORQ FILARMONICA NAC'),
('J002663820', 'OPCO CA'),
('J002974496', 'REG SUBALT DTTO CARACHE'),
('J002980559', 'INCE METAL MINERO REG ZULIA'),
('J003019211', 'CONTRALORIA GENERAL DEL EDO Z.'),
('J003024201', 'VENEZOLANA DE PRERREDUCIDOS CARONI'),
('J003080233', 'CASA S.A'),
('J003154814', 'FUNDA TRABAJO PETROLEROS'),
('J003167029', 'INST. GEOG. DE VENEZUELA SIMON BOLIVAR'),
('J003169447', 'FUND ESCUELA GCIA SOCIAL'),
('J003228931', 'INST AUT MCIAL DE PROTECION CIVIL'),
('J003294144', 'HIDROVEN'),
('J003309850', 'INST. UNIV. PEDAG DE MIRANDA JOSE M SISO M'),
('J003329460', 'FUND MUSEO BELLAS ARTES'),
('J003348783', 'ESC BAS SIMON GARCIA ROSALES'),
('J003378372', 'PDV MARINA'),
('J003391913', 'INCE AC EDO MIRANDA'),
('J003633488', 'HIDROCAPITAL CA'),
('J003687597', 'ESCUELA RURAL EB EL RESFRAN'),
('J003709247', 'ALC MCPIO GUAICAIPURO'),
('J004020912', 'REG SUBALT DTTO MARIÑO'),
('J004170235', 'E B NAC CREACION PARAPARA'),
('J006737710', 'ESCUELA B MONS ENRIQUE DE F'),
('J006739905', 'ESC BAS VICTOR CEDEYO'),
('J006985970', 'C V G  M I N E R V E N C A'),
('J007300007', 'GOBERNACION DTTO FEDERAL'),
('J008007430', 'FUND DESARROLLO EDO MONAGAS'),
('J008466872', 'NOTARIA PUB DE ANACO'),
('J008584809', 'ESC BAS SAN JUDAS TADEO SRL'),
('J008944449', 'CONSULADO DE REPUB. FEDERAL DE ALEMANIA PTO ORDAZ'),
('J012763998', 'C V G ALUMINIO DEL CARONI S A'),
('J020001322', 'REG SUBALT DEL DTTO AROA'),
('J030604642', 'ESCUELA B LA VEGA'),
('J057064877', 'E B TERESA HEREDIA'),
('J060012660', 'FUNDAGUARICO'),
('J060044693', 'INCE AC EDO GUARICO'),
('J060045487', 'HIDROLLANOS'),
('J060048494', 'HIDROPAEZ GUARICO'),
('J060049881', 'ALCD. MCPIO ROMULO GALLEGOS'),
('J065108215', 'INCE AC EDO NVA ESPARTA'),
('J067399330', 'ESCUELA BASICA VILLA ROSA'),
('J070001747', 'BANFOANDES C.A'),
('J070005319', 'CRAF,S.A'),
('J070006862', 'ENERGIA ELECT DE VENEZUELA'),
('J070028564', 'HOTEL DEL LAGO C.A.'),
('J070052988', 'ANDES GAS CA'),
('J070058072', 'PROCEDATOS S.A.'),
('J070061472', 'LINEA LISA SA'),
('J070072555', 'RAFAGAS CA'),
('J070131632', 'BCO. HIPOTECARIO LATINOAMERICANA C.A'),
('J070171723', 'CONSULADO HONORARIO DE ESPAYA MARACAIBO'),
('J070189240', 'PROMOTOR DES URBANO DE LA RZ (PRODUZCA)'),
('J070234300', 'Inst Conservacion Del Lago'),
('J070318414', 'UNIV DEL ZULIA LUZ'),
('J070407190', 'CARBONES DEL GUASARE ZULIA'),
('J070452080', 'FUN MUSEO DE ARTE CONTEMPORANEA Z'),
('J070492910', 'HIDROLAGO ZULIA'),
('J070500956', 'INCE AC EDO ZULIA'),
('J070511940', 'ALCD. DEL MCPIO COLON'),
('J075035046', 'INTERCONTINENTAL TACARIGUA'),
('J075055926', 'C.A.LUZ ELECTRICA DE YARACUY'),
('J075094174', 'INDUSTRIAS VENOCO CA'),
('J075120981', 'DIQUES ASTILLEROS NACIONAL'),
('J075127064', 'CA VENEZOLANA INSDUST MILITARES'),
('J075300610', 'ESCUELA BASICA MENCA DE LEONI SRL'),
('J075335104', 'FUND. CUERPO DE BOMBEROS DEL MCPIO GUACARA'),
('J075453476', 'INST AUT. MCPAL. CUERPO DE BOMBEROS DE VALENCIA'),
('J075462629', 'DEFENSA CIVIL EDO CARABOBO'),
('J075473507', 'ESC BAS PRIV JESUS CAUTIVO'),
('J075528239', 'APRODEFACES'),
('J075577370', 'FUND. TEATRO MCPAL. DE VALENCIA'),
('J075755227', 'FUND. DEL NIÑO EDO CARABOBO'),
('J075757688', 'FUND HOSPITAL LOS SAMANES'),
('J075815416', 'INCE AC EDO COJEDES'),
('J075820169', 'INCE METAL MINERO'),
('J075854748', 'INVERSIONES MILAZZO CA'),
('J075873505', 'C.A METRO DE VALENCIA'),
('J075911342', 'ALCD. DE TINACO'),
('J080006143', 'FRIGORIFICOS ORDAZ SA'),
('J080021410', 'GRAN HOTEL PUERTO LA CRUZ'),
('J080072316', 'VENEMARCA MIXTOLISTO'),
('J080074769', 'MI CASA E A P C A'),
('J080134885', 'FUND. DEL NIÑO EDO ANZOATEGUI'),
('J080205332', 'E B DIOS SEA LA GLORIA'),
('J080220463', 'ALCD. MCPIO SOTILLO'),
('J080254031', 'FUNDA-BERMUDEZ'),
('J080317351', 'INCE AC EDO SUCRE'),
('J080317963', 'INCE AC ANZOATEGUI'),
('J080318501', 'HIDROCARIBE'),
('J080345681', 'S.A.P.C.A DEL EDO MONAGAS'),
('J085025812', 'ALBARCA C A'),
('J085033394', 'TRANSPORTE CAURA S.A.'),
('J085050043', 'ALENTUY C A'),
('J085089330', 'FUNDARAURE'),
('J085106987', 'FUND. PARA LA ORQUESTA SINFONICA JUV DEL EDO LARA'),
('J085144463', 'UNIV NAC EXP FCO DE MIRANDA'),
('J085234560', 'FUNDAUPEL IPB'),
('J085282114', 'SIST HIDRAULIC YACAMBU QUIBO'),
('J085333541', 'INCE AC EDO FALCON'),
('J085336109', 'INCE AC EDO YARACUY'),
('J085338632', 'ALCD. MCPIO PAEZ'),
('J085358161', 'INCE AC EDO LARA'),
('J085361340', 'INCE AC EDO PORTUGUESA'),
('J090005501', 'RODRIGUEZ GAS C A'),
('J090006079', 'EMEGAS CA'),
('J090027521', 'RADIODIFUSORA LOS ANDES SRL'),
('J090028358', 'CONARE COMPAYIA NACIONAL DE REFORESTACION'),
('J090062432', 'GRANEL GAS CA'),
('J090135758', 'NOTARIA PUB 1ERA DE EDO BARINAS'),
('J090140913', 'FUNDATACHIRA'),
('J090143700', 'UNIV NAC EXP LLANOS O E ZAMORA'),
('J090280847', 'DISEÑOS METALICOS CANEYES'),
('J090293892', 'FUND. ORQUESTA JUVENIL EDO TACHIRA'),
('J090329161', 'INCE AC EDO TACHIRA'),
('J090335579', 'FUND. PARA ORQUESTAS SINF EDO TRUJILLO'),
('J090336699', 'INCE AC EDO TRUJILLO'),
('J090343059', 'INCE AC EDO BARINAS'),
('J090345779', 'CAFEA CA'),
('J090367497', 'ALCD. MCPIO SANTOS MARQUINA'),
('J090381376', 'INCE AC EDO MERIDA'),
('J095051242', 'ESC BAS PRI DOMINGO FAUSTINO'),
('J095095061', 'C V G TECNICA MINERA C A TECMIN'),
('J095099121', 'FUND DE LA VIVIENDA DEL CARONI'),
('J095102661', 'C V G PROMOCIONES FERROCA S A FERROCASA'),
('J095117790', 'C V G CARBONES DEL ORINOCO C A'),
('J095128555', 'C V G PROFORCA'),
('J095130967', 'CVG FUNDEPORTE'),
('J095178935', 'FUNDACITE GUAYANA'),
('J200000098', 'CONTRALORIA MCPAL. VALENCIA EDO CARABOBO'),
('J200008342', 'SERV AUT PRIM CIRCUITO'),
('J200009497', 'REG PUB SUBT LA GRITA'),
('J200015098', 'REG SUBALT DEM MUNCP EZEQUIE ZAMORA EDO ARAGUA'),
('J200015446', 'REG PUB DTTO INFANTE'),
('J200016612', 'REG SUBALT STA ANA'),
('J200027410', 'REG SUBALT DEL DISTRITO PEDRAZA'),
('J201000091', 'CONTRALORIA GRAL EDO ARAGUA'),
('J201000113', 'INCE AC EDO CARABOBO'),
('J232309341', 'FUNDASALUD'),
('J293490499', 'PETROLERA KAKI S.A.'),
('J293490537', 'PETROLERA SINO - VENEZOLANA S.A'),
('J293523583', 'GAS GUARICO, S.A.'),
('J294854931', 'FUNDAPUEBLO'),
('J294969976', 'PETRODELTA, S.A.'),
('J295318715', 'PETROCEDEÑO, S.A'),
('J295322445', 'FUNDACITE YARACUY'),
('J295346816', 'PETROPIAR , S. A'),
('J295352409', 'PETROSUCRE, S. A'),
('J295352450', 'PETROLERA BIELOVENEZOLANA, S.A'),
('J295355939', 'PDVSA GAS COMUNAL, S.A.'),
('J295369956', 'LAGOPETROL, S.A'),
('J295504195', 'PETROLERA SINOVENSA, S.A'),
('J295562233', 'PETROMONAGAS, S.A'),
('J296735417', 'PETROLERA INDOVENEZOLANA, S.A.'),
('J296963274', 'BANCO DEL ALBA'),
('J297599070', 'BOLIVARIANA DE PUERTOS (DSCV)'),
('J297647333', 'INDUSTRIA ELECTRÓNICA ORINOQUIA S.A'),
('J298530987', 'FUNDACIÓN CENTRO CULTURAL CHACAO'),
('J298792469', 'XII CAMPEONATO MUNDIAL FEMENINO DE SOFBOL 2010'),
('J299441643', 'GOBERNACION EDO VARGAS'),
('J300008827', 'FUND. MUSEO DE CIENCIAS'),
('J300023460', 'ALCD. MCPIO MUÑOZ'),
('J300037940', 'INST.PREV.PROFESORADO UCV'),
('J300040437', 'BOLIVAR BANCO C.A'),
('J300204103', 'GOB EDO ZULIA'),
('J300236226', 'FUNDA SUCRE'),
('J300256073', 'FUND. PARA EL FOMENTO DE LA CULTURA EDO GUARICO'),
('J300267857', 'MONTAJES DE OCCIDENTE C A'),
('J300316505', 'ALC MCPIO PLAZA'),
('J300320197', 'C M T TELEVISION SA'),
('J300320960', 'INST DE LA VIVIENDA EDO MONAGAS'),
('J300341275', 'PLANTA DE GAS C A'),
('J300387577', 'IND AZUCARERA STA CLARA CA'),
('J300435709', 'HIDRO FALCON'),
('J300457079', 'TEIKOKU OIL DE VENEZUELA'),
('J300629783', 'INCE AC EDO MONAGAS'),
('J300664597', 'TODO GAS CA'),
('J300681610', 'CONSEJO MCPAL AUT SAN FELIPE'),
('J300696561', 'ALCD. MCPIO SANTA ROSALIA'),
('J300720268', 'NOTARIA PUB QTA DEL MCPIO CHACAO EDO MIRANDA'),
('J300736857', 'GENEVAP  C.A.'),
('J300798526', 'INST MCPAL AUT DE TRANSPORTE'),
('J300849341', 'RADIO ARAGUENA 650 C.A.'),
('J300855473', 'INST. DE LA VIVIENDA DEL EDO APURE'),
('J300979024', 'FUND PARA LA SOLIDARIDAD'),
('J301017790', 'FUND. NI?OS DE BOLIVAR'),
('J301078985', 'BANCO CONFEDERADO S.A'),
('J301079639', 'HARVEST VINCCLER'),
('J301095073', 'FUND. PARQUE SUR'),
('J301100522', 'INCE AC EDO APURE'),
('J301123662', 'C A ELECTRICIDAD DE OCCIDENTE'),
('J301159691', 'ELECENTRO'),
('J301171519', 'CADELA'),
('J301249410', 'FUND. DEL NIYO EDO COJEDES'),
('J301301358', 'INST AUT PROPIEDAD INTELECTUAL SAPI'),
('J301304659', 'MUSEO DE ARTE MODERNO JESUS SOTO'),
('J301328159', 'HOLCIM PREMEZCLADOS C.A'),
('J301328221', 'ELEORIENTE'),
('J301452429', 'CUERPO DE BOMBEROS DE CABIMAS'),
('J301519540', 'FUND. ORQUESTA SINFONICA EDO GUARICO'),
('J301528620', 'FUND. ORQUESTA SINFONICA EDO LARA'),
('J301552350', 'FUNDAGEOMINAS'),
('J301565312', 'C.A.ENERGIA ELECTRICA DE LA COSTA ORIENTAL'),
('J301567358', 'FUNDAPYMI'),
('J301582462', 'FUND ORQUESTA SINFONICA EDO MIRANDA'),
('J301601831', 'FUND. ORQUESTA SINFONICA DEL EDO ANZOATEGUI'),
('J301616634', 'FUND. ORQUESTA SINFONICA EDO CARABOBO'),
('J301649087', 'FOSGMA'),
('J301655958', 'CONST PEREZ COMPANC UPR'),
('J301663004', 'C V G  ALUMINIO DE CARABOBO, S.A.'),
('J301672330', 'ASOC DE EGRESADOS USB'),
('J301687396', 'FUND. DEPORTIVA DEL EDO APURE'),
('J301693701', 'CTRAL AZUCARERO D TACHIRA'),
('J301713737', 'FUNDACITE MERIDA'),
('J301722167', 'PUERTOS DE SUCRE S A'),
('J301748115', 'AGUAS DE MONAGAS CA'),
('J301762622', 'ALCD. MCPIO PUNCERES EDO MONAGAS'),
('J301769368', 'TEIKOKU OIL SANGUI -GUERE C A'),
('J301810392', 'SERV AUT SANIDAD AGROP'),
('J301851498', 'INST VIALIDAD Y TRANSPORTE DE ARAGUA'),
('J301860616', 'CORPORACION APURE?A DE TURISMO'),
('J301953924', 'FUNDACINE'),
('J301971736', 'FUND. CUERPO DE BOMBERO LA CANADA'),
('J301979958', 'INST. AUT. REGIONAL DE VIALIDAD DEL EDO CARABOBO'),
('J301984455', 'FUND. HOSPITAL LUIS GOMEZ LOPEZ'),
('J302032091', 'ALCD. MCPIO MACHIQUES PERIJA EDO ZULIA'),
('J302032776', 'FUND. SALUD DEL EDO MONAGAS'),
('J302070589', 'CARBONES DE LA GUAJIRA  S.A.'),
('J302072662', 'INST PREVENENCION SOC POLICIA'),
('J302130786', 'INST AUT TRANST TRAN Y CIRC'),
('J302146801', 'FUND CARACAS PARA LOS NIÑOS'),
('J302151155', 'INST MCPAL VIVIENDA EDO LARA'),
('J302207126', 'INST. REGIONAL DE LA CULTURA'),
('J302282152', 'FUNDABARRIOS'),
('J302302250', 'FUND CARAB PARA LA SALUD'),
('J302321581', 'CATIVEN'),
('J302325960', 'ALC MCPIO PALAVECINO'),
('J302409764', 'INST PATRIMONIO CULTURAL'),
('J302448859', 'INST. MCPAL. DE TRANSITO Y TRANSPORTE'),
('J302497892', 'INST AUT. DE POLICIA MNCPAL DE LAGUNILLAS'),
('J302595576', 'INST AUT M C DE BOMB DE CUMANA'),
('J302612101', 'FUNDATEBAS'),
('J302622050', 'ULAC'),
('J302631629', 'FUND. RETANDO A LA JUVENTUD'),
('J302721121', 'CONOCO VENEZUELA LTD'),
('J302748089', 'E B EL NACIONALISTA'),
('J302789524', 'FUNDACITE ANZOATEGUI'),
('J302816424', 'POLICIA MCPAL. HATILLO'),
('J302851823', 'FUND. ORQUESTA SINFONICA PARAGUANA'),
('J302988055', 'INCE AC EDO BOLIVAR'),
('J303118160', 'INST VIVIENDA EQUIPAMIENTO MIRANDA'),
('J303175872', 'FUNDAPATRIMONIO SUCRE'),
('J303176445', 'ALCD. MCPIO TORBES'),
('J303176739', 'CARBONES DEL ZULIA S A'),
('J303213871', 'FUND. PARA LA PREVENCION DE LOS RIESGOS SISMICOS'),
('J303219209', 'INST. AUT. DE LA VIVIENDA'),
('J303230440', 'ESC BAS ARQUIDIOCESANA DIVINO NIYO'),
('J303338887', 'INST MCPAL. DE PUB.CIONES'),
('J303395295', 'ALC MCIIO ALBERTO ADRIANI'),
('J303406297', 'PETROLERA SAN CARLOS S.A.'),
('J303435386', 'FUNDASALUD'),
('J303435629', 'CORP PARQUE TECN SARTENEJAS'),
('J303443060', 'INST AUT MCPAL. POLICIA SAN DIEGO'),
('J303483194', 'SERV AUT AEROPUERTO MONAGAS'),
('J303494323', 'INST. A. DE POLICIA DEL EDO MIRANDA'),
('J303513468', 'NOTARIA PUB 3ERA DE MERIDA'),
('J303580033', 'ALC DEL MCPIO AUT. FALCON'),
('J303626939', 'INST AUT DE AG Y AC DL MUN CEDEYO'),
('J303645747', 'PETROZUATA'),
('J303657389', 'ALCD. MCPIO SAN DIEGO EDO CARABOBO'),
('J303672205', 'INST MCPIO ASEO URBANO'),
('J303702015', 'CTRAL AZUCARERA STA ELENA CA'),
('J303795811', 'ALC MCPIO CARDENAS EDO TACHIRA'),
('J303819214', 'FUND CUERPO DBOMB DELE Z'),
('J303937756', 'ASOC.BOL.ALCALDES DE VNZLA.'),
('J303973191', 'CONSEJO DE LA VIVIENDA'),
('J303994911', 'AEROPOSTAL ALAS DE VENEZUELA C.A.'),
('J304034407', 'INTESA S.A.'),
('J304073119', 'CUERPO DE BOMBEROS DTO BOLIVAR'),
('J304092717', 'FUNAS'),
('J304094540', 'ASOCIACION PROFESORES UDO'),
('J304116128', 'TECNOLOGIA SMARTMATIC DE VENEZUELA C.A.'),
('J304222173', 'FUND. MCPAL. DE LA VIVIENDA'),
('J304230966', 'CORPORACION BARINESA DE TURISMO'),
('J304254504', 'AUTO SEAT DE VZLA'),
('J304275870', 'FUND CUERPO DE BOMBERO PTO CABELLO'),
('J304370032', 'VZLAN HEAVY INDUSTRIES C A'),
('J304403542', 'FONDO DE JUB Y PENSIONES DE LA UPEL'),
('J304404697', 'CTRO LATINOAM DE ADM D CLAD'),
('J304410255', 'INST MUNIC P LA PREST DEL SERV DE ASEO URB Y DOM MUN F'),
('J304473249', 'FUNDACUID'),
('J304495307', 'SEGURIDAD FUNDAUDO'),
('J304518072', 'NOTARIA PUB QTA BQTO EDO LARA'),
('J304545010', 'INST. AUT. DE CULTURA EDO MIRANDA'),
('J304552076', 'SINCRUDOS DE ORIENTE'),
('J304570333', 'INST REGIONAL DE DEPORTE EDO NVA ESPARTA'),
('J304582439', 'OP.PRODUC.NAC.Y EXP.NAC.OPEN'),
('J304591900', 'CNPC  AMERICA LTD'),
('J304629397', 'PROCURADURIA EDO GUARICO'),
('J304642296', 'PETROLERA AMERIVEN S.A.'),
('J304645368', 'INST AUT DE ASES PARA EL DESARROLLO LOCAL'),
('J304659300', 'O.P.R.O.G.R.E.M'),
('J304662882', 'TAVSA, TUBOS DE ACERO DE VENEZUELA'),
('J304742029', 'BCO DE COMERCIO EXT DE VZLA'),
('J304747110', 'INST. MCPAL. DE VIVIENDA Y EQUIPS DE BARRIOS'),
('J304748620', 'INST. MCPAL. DE LA VIVIENDA CAMPO ELIAS'),
('J304847297', 'OPERADORA CERRO NEGRO, S.A'),
('J304847351', 'EXXON MOBIL DE VENEZUELA S.A'),
('J304854579', 'RADIO DEPORTIVA 880 CA'),
('J304854730', 'INST UNIV T DR DELFIN MENDOZA'),
('J304879970', 'SMARTMATIC LABS C.A'),
('J304947224', 'CAMARA DE TURISMO EDO MERIDA'),
('J304948174', 'ESCUELA B ALFREDO BERROTERAN'),
('J304972130', 'AMERICAN LAUNCH C A'),
('J304993650', 'CONS PETRO ENERGIA WILLIAMS'),
('J304993668', 'CONSORCIO INVERSORA MATA PETROBRAS ENERGIA'),
('J305008353', 'DIR REG SALUD NVA ESPARTA'),
('J305030120', 'FUND. ORQUESTA SINFONICA CIUDAD GUAYANA'),
('J305048029', 'ALCD. MCPIO PIRITU EDO FALCON'),
('J305055963', 'ESCUELA BASICA ANDRES ELOY BLANCO'),
('J305091080', 'CONCEJO MCPAL. SAN DIEGO'),
('J305163430', 'E B III ETAPA JULIO C SALAS'),
('J305198608', 'ALCD. SAN RAFAEL CARVAJAL'),
('J305276994', 'INST. AUT. DEL DEPORTE DEL EDO YARACUY'),
('J305292450', 'SENECA'),
('J305296715', 'REG PUB DEL MCPIO PALAVECINO EDO LARA'),
('J305401888', 'PETROBRAS ENERGIA VENEZUELA'),
('J305444781', 'ESCUELA BASICA CREACION CAYAFISTOLA'),
('J305484112', 'AGUAS DE MERIDA C.A.'),
('J305519099', 'FUND. PARA LA SALUD DEL EDO BARINAS'),
('J305526630', 'NOTARIA PUB 3ERA BQTO'),
('J305558043', 'INST AUT POLICIA MCPAL. SUCRE'),
('J305619328', 'NOTARIA PUB 2DA DE CIUDAD OJEDA'),
('J305639221', 'IND EDO COJEDES'),
('J305640980', 'ESC BASICA NACIONAL JOSE LUIS AFANADOR AC'),
('J305649057', 'SEMDA MONAGAS, CA'),
('J305683425', 'C.A METRO LOS TEQUES'),
('J305737363', 'CUERPO BOMBEROS MCPIO CARACHE'),
('J305751757', 'FERROATLANTICA DE VENEZUELA S.A'),
('J305767262', 'SERV AUT. ARAGUA TERRITORIO'),
('J305773912', 'CONS ENERG LUB CENERLUB C.A'),
('J305785023', 'SERV AUT PROT AL MENOR SUCRE'),
('J305796858', 'OFIC.SUB.DE REG MUNIC HATILLO'),
('J305820759', 'GASES INDUSTRAILES CARABOBO CA'),
('J305825955', 'NOTARIA 31 DE MUNIPIO LIBERT.'),
('J305829993', 'NOTARIA PUB SEG DEL M BARUTA'),
('J305863806', 'INST. MCPAL. DE LA VIVIENDA MUN EZEQUIEL ZAMORA'),
('J305883068', 'INSALUD EDO APURE'),
('J305910855', 'CORPORACION ZULIANA DE TURISMO'),
('J305935297', 'HOCOL VENEZUELA B.V'),
('J305935360', 'DIGICOPY C A'),
('J305965137', 'S B TERRA MARINE SERVICES CA'),
('J305990786', 'NOTARIA PUB 1ERA DE PTO CABELLO'),
('J305993033', 'NOTARIA PUB IC DE PTO ORDAZ'),
('J306006532', 'NOTARIA PUB II DE PTO ORDAZ'),
('J306025731', 'ESCUELA BASICA T DE GALLEGOS'),
('J306043357', 'NOTARIA PUB 8VA DEL MCPIO SUCRE'),
('J306058001', 'REG M D L C BOLIVAR'),
('J306075143', 'REG MER III EDO CARABOBO'),
('J306076344', 'REG MER  I DE LA CIRCUNSCRIPCION JUDICIAL EDO ANZOATEGUI'),
('J306077596', 'EMBAJADA ARABIA SAUDITA'),
('J306088083', 'NOT. PUB SEXTA DEL MCPIO. LIBERTADOR'),
('J306114823', 'CORPOANDES TRUJILLO'),
('J306118063', 'SERV AUT. DE REG.'),
('J306122222', 'INDUGRAM CA'),
('J306146415', 'LAFARGE PREMEX, C.A.'),
('J306168508', 'REG SUBALT MCPIO PAEZ EDO PORTUGUESA'),
('J306192824', 'ALC MCPIO CARACCIOLO PARRA OLMEDO'),
('J306211292', 'PSUV'),
('J306230670', 'UPEL RAFAEL A. ESCOBAR LARA'),
('J306250530', 'AGUAS INDUSTRIALES JOSE'),
('J306251790', 'REG PRINCIPAL DE ARAGUA'),
('J306256210', 'PROCURADURIA EDO DELTA AMACURO'),
('J306260790', 'REG SUBALT MUNCP ANDRES BELLO'),
('J306269207', 'EART TECH DE VENEZUELA'),
('J306283439', 'INST. UNIV. PEDAG MANUEL GERVACIO R'),
('J306358480', 'ESCUELA BASICA 10 DE DICIEMB'),
('J306476369', 'INCE AC DELTA AMACURO'),
('J306497773', 'REG SUBALT MUNCP BEJUMA'),
('J306526943', 'INST UNIVERSIT DE LA POLICIA METROPOLITANA'),
('J306552065', 'E B E JOSE L CHIRINOS'),
('J306567372', 'FUND. PATRIA NUEVA'),
('J306577238', 'FUNDARAGUA'),
('J306613544', 'NOTARIA PUB DE TINAQUILLO'),
('J306660305', 'INST. AUT. DE TRANSPORTE, TRANSITO Y VIALIDAD'),
('J306668292', 'REG SUBALTS'),
('J306671595', 'CONOCO VENEZUELA C.A.'),
('J306698981', 'FUND. PARA LA ORQUESTA JUVENIL DE YARACUY'),
('J306742352', 'INST. MCPAL DE LA SALUD Y APOYO SOC'),
('J306784136', 'FUND. ORQUESTA JUVENIL EDO ARAGUA'),
('J306868690', 'INST AUT POLICIA EDO SUCRE'),
('J307091215', 'FONDOTURISMO ANZOATEQUI'),
('J307167661', 'SERV AUT. DE REG. SUBALT MNCPIO SAN FELIPE'),
('J307226641', 'E B FRCO E BUSTAMANTE'),
('J307364688', 'CORP DE SERVICIO Y MANTENIMIENTO EDO MIRANDA'),
('J307432993', 'GRUPO ALVICA.PROYECTO HAMACA'),
('J307439823', 'FUND DEL NIÑO MIRANDA'),
('J307513764', 'INSTI AUT MCPAL. DE LA VIV Y EQUIP DE BARRIOS INFANTE'),
('J307515155', 'ESCUELA BASICA DR RAMON REINOSO'),
('J307537990', 'REG. PUBLICO MCPIO CARIRUBANA DEL EDO FALCON'),
('J307546166', 'INST REGIONAL DE LA VIVIENDA DEL EDO PORTUGUESA'),
('J307546581', 'FUND. PROYECTO MANIAPURE'),
('J307554452', 'UNIV NAC EXP MARITIMA DEL'),
('J307590580', 'BIBLIOTECAS VIRTUALES ARAGUA'),
('J307601159', 'E B CARLOS IRAZABAL P'),
('J307606541', 'NOTARIA PUB DEL MUNCP JESUS ENRIQUE LOSADA'),
('J307608358', 'ESC NAC DR JOSE TADEO ARREAZA CANATRABA'),
('J307614641', 'INST. AUT. DE DESARROLLO ECONOMICO DEL EDO YARAC'),
('J307617667', 'CBISOGUARNAC'),
('J307618493', 'FONDO MIXTO DE CAPACITACION Y PROMOCION TURISTICO'),
('J307655984', 'IUT JACINTO NAVARRO V CARUPANO'),
('J307695986', 'UNEFA'),
('J307713844', 'CJO EST DE DER DEL NIYO Y DEL ADOL DEL E M'),
('J307789450', 'FUND. DEL NIÑO DEL MCPIO CRESPO EDO LARA'),
('J307792752', 'ESCUELA BASICA 15 DE ENERO'),
('J307803452', 'I A T U R H'),
('J307841214', 'INST AUT POLICIA MCPAL LOS SALIAS'),
('J307846003', 'FUND. ESTADAL DEL AMBIENTE'),
('J307857447', 'FUND AULA MAGNA DEL ZULIA'),
('J307863137', 'INST MUNIC DEL DEPORTE Y LA RECREACION DE MCBO'),
('J307896213', 'CORPOVARGAS'),
('J307936967', 'E B E ANDRES BELLO'),
('J307959800', 'FUNDACIDIS'),
('J307994290', 'AZUCARERA PIO TAMAYO CA'),
('J307999845', 'INST NACIONAL PUERTOS FALCON'),
('J308038784', 'FUN/ORQ/SINF/INFA JUV YARITA'),
('J308093360', 'FONPYME'),
('J308105740', 'FUND. DEL NIÑO MCPIO CARONI DEL EDO BOLIVAR'),
('J308178632', 'REG SUBALT DEL MCPIO FREITES'),
('J308276693', 'ESCUELA BOLIVARIANA STA CRUZ'),
('J308325279', 'FUNBACEY'),
('J308355275', 'CONSULADO DE ITALIA ZULIA'),
('J308355860', 'CUERPO DE BOMBERO DE MCPIO SANTA RITA'),
('J308391158', 'CONCEJO MCPAL. DE DERECHOS'),
('J308413810', 'FUND. ORQUESTA SINFONICA INFANTIL Y JUVENIL DE CARORA'),
('J308428973', 'FUND. DEL NIÑO DEL MCPIO FCO DE MIRANDA'),
('J308475939', 'FUND. LOTERIA DE COJEDES'),
('J308481947', 'PETROLERA VENCUPET, S.A'),
('J308496570', 'FUNDABIT'),
('J308579661', 'FONACIT'),
('J308627607', 'FDC ORQ JUV INFANTIL MODULO GUANARE'),
('J308640034', 'INST. REGIONAL DE LA MUJER DELTA AMACURO'),
('J308674044', 'CONSEJO ESTADAL DE DERECHOS DEL NIÑO Y EL ADOLESC'),
('J308695297', 'CONSULADO DE CHILE PTO ORDAZ'),
('J308725633', 'MOBIL PRODUCTOS REFINADOS'),
('J308728934', 'CONSEJO ESTADAL DEL NI?O Y ADOLESCENTE EDO ARAGUA'),
('J308759708', 'CORP.SERV.PATRIOTICOS SOCIAL'),
('J308799726', 'UNESCO'),
('J308804606', 'CONS MCPAL DER DL NIÑO Y ADOL MCPIO S BOLIVAR'),
('J308830780', 'ESC BOLIVARIANA DON SAMUEL'),
('J308845825', 'INST AUT MUNIC DEPORTES EF R MUN VEROES'),
('J308868558', 'INST UNIV DE TECNOLOGIA BOMBERIL'),
('J308902098', 'INST NAC DE LA MUJER'),
('J308908436', 'CONSEJO MUNIC DERECHOS NINO Y ADOLES MUNIC AUT. GUANIPA'),
('J308954047', 'FAMA DE AMERICA S.A.'),
('J308974714', 'INST. MCPAL. DE LA VIVIENDA INMUVI-ZAMORA'),
('J308996130', 'INST. AUT. POLICIA MCPAL DEL MCPIO MANUEL E BRUZUAL'),
('J309000225', 'PROTECCION CIVIL Y ADMINISTRACION DE DESASTRES'),
('J309004344', 'INST MUNIC PLANI INFRAEST PROYEC Y VIVIEN DE SIMON RODRIGUEZ'),
('J309090020', 'DIR. EDAL. AMBIENTE CARABOBO'),
('J309170554', 'SERV AUT ESTAD PTO TURISTICO'),
('J309194518', 'PECHINEY SERVICIOS C.A'),
('J309219081', 'INST MCPAL VIV ANDRES ELOY B'),
('J309257480', 'INST. AUT. PARA LA CULTURA DEL MCPIO NAGUANAGUA'),
('J309273752', 'INST. MCPAL. DEL DEP DEL MCPIO CARONI'),
('J309361783', 'REG SUBALT UREYA'),
('J309377752', 'CONTRALORIA MCPIO PLAZA EDO MIRANDA'),
('J309390899', 'INSTUTO MCPAL. DE LA VIVIENDA'),
('J309431099', 'INST MCPAL. DE TRASP TRANS Y VIAL DE CARONI'),
('J309466615', 'FUND. ORQUESTA SINFONICA LOS LLANOS'),
('J309509179', 'CORP DE FOMENTO UNIVERSITARIO CA'),
('J309537059', 'A C CONSORCIO APALANCAR'),
('J309632175', 'INST. MCPAL. DE CREDITOS DEL M EZEQUIEL ZAMORA'),
('J309700570', 'SERV AUT DE DES MICROF'),
('J309841742', 'INCE AC AMAZONAS'),
('J309891855', 'GRUPO DE BOMBEROS FORESTALES VOLUNTARIOS'),
('J309911821', 'FUND ORQ SINF INFAN JUVENIL CARLOS A MONTILLA'),
('J310105413', 'INST. MCPAL. DE LA VIVIENDA'),
('J310195730', 'SERV AUT. CEDEA'),
('J310271348', 'FONDOTURISMO GUANARE'),
('J310571023', 'CTRO CLIN. UNIVERS. DE ORIENTE'),
('J310601526', 'CORPORACION VENEZOLANA DE TELECOMUNICACIONES COVETEL'),
('J310603383', 'FUNDASALUD VARGAS'),
('J310606013', 'INST AUTONO MPAL DE FERIAS TURISMO Y RECREACION'),
('J310629196', 'FUND. TECHO'),
('J310640491', 'AC COLEGIO DE POLICIA DE VZLA'),
('J310891257', 'Z20 CONSTRUCTORES, C.A.'),
('J311118438', 'ZONA ESCOLAR DTTO CAPITAL'),
('J311167536', 'FONDO MIXTO ESTADAL AMAZ'),
('J311255001', 'FUND. GALERIA DE ARTE'),
('J311417907', 'ASOCIACION CIVIL BARRIO ADENTRO'),
('J311517600', 'CONSORCIO SBC'),
('J311658262', 'ZONA EDUCATIVA EDO LARA'),
('J311789472', 'EGRESADOS UCV'),
('J312063874', 'FONDO MIXTO TURISMO TRUJILLO'),
('J312266562', 'SERV AUT. DE REG. PUBLICO'),
('J312282045', 'FONDO TURISMO TACHIRA'),
('J312795255', 'INST MCPAL DEL DEPORTE DEL MCPIO MACHIQUES DE PERIJA'),
('J312856246', 'SERV AUT TRUJILLANO DEPORTE'),
('J313049972', 'FUND TELEVISORA ASAMBLEA NACIONAL'),
('J313181650', 'AC FONDO TURISMO CARABOBO'),
('J313574724', 'FUND. DEL NIÑO MCPAL. DEL MCPIO GRAN SABANA'),
('J313606979', 'CONGRESO NAC AMBIENTAL DEL EDO MERIDA'),
('J313699438', 'CVA. EMPRE. COMERC. DE INSUMOS Y SERV. AGRICOLAS,S.A'),
('J313871583', 'FUNDASALUD'),
('J313996890', 'EMBAJADA DE GRECIA'),
('J314213601', 'LOGISTICA CASA LOGICASA, S.A.'),
('J314227220', 'VENEZOLANA DE INDUSTRIAS TECNOLOGICAS'),
('J314264680', 'BANCO RUSO VENEZOLANO'),
('J314310852', 'NORPRO VENEZUELA CA'),
('J314410822', 'FUND CENTRO INTERNACIONAL MIRANDA'),
('J314487159', 'FUND ORQUT SINFNC JUVENIL E'),
('J314690280', 'INST. AUT. MCPAL. DE TURISMO DEL MCPIO GUANARE'),
('J314720210', 'CARDON IV, S.A'),
('J314798774', 'EPS DE PULPA Y PAPEL C.A.'),
('J314799533', 'EMPRESA DE PRODUCCION SOCIAL RECUPERADORA DE MATERIAS PRIMAS'),
('J314968629', 'FUND. DEL NIÑO DEL MCPIO PAEZ DEL EDO APURE'),
('J315704838', 'FUND. COMPA?IA NACIONAL DE DANZA'),
('J315882892', 'FUND. PARA LA ORQUESTA BOLIVARIANA DEL EDO CARABOBO'),
('J315937980', 'PETROBRAS VZLA INVERS Y SERV SA'),
('J316034836', 'BRASIL SUPPLY DE VENEZUELA CA'),
('J316136418', 'CONS REG D CAJAS D AHORRO'),
('J316386120', 'FUND.DE EVENTOS CULTU.DEPORT.EDUC.SOCIALES Y COMUNITARIO'),
('J316441318', 'PETROWARAO S.A.'),
('J316441482', 'PETROREGIONAL DEL LAGO S.A.'),
('J316485021', 'PETROBOSCAN S.A'),
('J316485030', 'EMPRESA MIXTA PETROKARIÑA S.A.'),
('J316485137', 'PETROINDEPENDIENTE S.A'),
('J316485200', 'PETROQUIRIQUIRE S.A.'),
('J316519775', 'Petroritupano S.A.'),
('J316519856', 'PETROVEN- BRAS S.A.'),
('J316541010', 'BARIPETROL S.A'),
('J316547116', 'FUND. DEL NIÑO EDO MONAGAS'),
('J316607550', 'PETRONADO SA'),
('J316665992', 'PETROWAYU S.A.'),
('J316666093', 'PETROPERIJA, S.A.'),
('J316720829', 'FAMBARCA'),
('J316842258', 'PETROCABIMAS, S.A'),
('J316950107', 'FUND ORQ SINF JUVENIL STA CR'),
('J316959830', 'PETROCURAGUA S.A.'),
('J316959953', 'PETROGUARICO S.A.'),
('J317082761', 'PETROCUMAREBO, S.A.'),
('J370565500', 'E B JUAN C COLIN FE Y ALEGRIA'),
('J604057401', 'ESC BAS COL AGUSTIN AVELEDO'),
('J900009632', 'REG SUBALT DTTO SOTILLO'),
('V000530934', 'REG SUBALT II CIRCUITO DEL MCPIO GIRARDOT'),
('V002308813', 'NOTARIA PUB JUANGRIEGO'),
('V002521974', 'REG SUBALT'),
('V003962653', 'ESCUE BASICA 12 DE FEBRERO'),
('V004328242', 'REG MER TUCUPITA'),
('V004554689', 'ESCUELA BASICA DR RAUL LEONI'),
('V004869644', 'NOTARIA PUB DE BEJUMA'),
('V007162175', 'ESC BAS CRISTOBAL COLON SRL'),
('V007400362', 'REG SUBALT I CIRCUITO'),
('V007521724', 'REG MER II EDO CARABOBO'),
('V008158867', 'ESC BASICA CECILIO ACOSTA'),
('V008876830', 'NOTARIA PUB SEGUNDA DE MATURIN'),
('V009123637', 'ESC B CON SABANA'),
('V009453356', 'ESC BAS CREAC VISTA ALEGRE');

-- --------------------------------------------------------

--
-- Estructura de tabla para la tabla `institucion_servicios`
--

CREATE TABLE IF NOT EXISTS `institucion_servicios` (
  `idinstitucion_servicios` bigint(20) NOT NULL AUTO_INCREMENT,
  `rif_institucion` varchar(20) COLLATE utf8_spanish2_ci NOT NULL,
  `idservicio` bigint(20) NOT NULL,
  `idtipo_servicio` bigint(20) NOT NULL,
  `idsubtipo_servicio` bigint(20) NOT NULL,
  `idplan` bigint(20) NOT NULL,
  `idcentral` bigint(20) NOT NULL,
  `cantidad` varchar(30) COLLATE utf8_spanish2_ci NOT NULL,
  `idtrimestre` bigint(20) NOT NULL,
  `ano` int(11) NOT NULL,
  `idusuario` varchar(9) COLLATE utf8_spanish2_ci NOT NULL,
  `fecha` datetime NOT NULL,
  `status` int(1) NOT NULL,
  PRIMARY KEY (`idinstitucion_servicios`),
  KEY `fk_institucion_servicios1_idx` (`rif_institucion`),
  KEY `fk_institucion_servicios2_idx` (`idservicio`,`idtipo_servicio`,`idsubtipo_servicio`,`idplan`),
  KEY `fk_institucion_servicios3_idx` (`idcentral`),
  KEY `fk_institucion_servicios4_idx` (`idtrimestre`)
) ENGINE=InnoDB  DEFAULT CHARSET=utf8 COLLATE=utf8_spanish2_ci AUTO_INCREMENT=19 ;

--
-- Volcado de datos para la tabla `institucion_servicios`
--

INSERT INTO `institucion_servicios` (`idinstitucion_servicios`, `rif_institucion`, `idservicio`, `idtipo_servicio`, `idsubtipo_servicio`, `idplan`, `idcentral`, `cantidad`, `idtrimestre`, `ano`, `idusuario`, `fecha`, `status`) VALUES
(1, 'G200004630', 3, 12, 1, 1, 725, '1', 2, 2026, 'V10403444', '2013-10-14 15:08:40', 2),
(2, 'G200003189', 1, 2, 1, 3, 1049, '12', 1, 2015, 'V10403444', '2013-10-04 15:14:54', 0),
(3, 'G200003189', 5, 22, 1, 1, 1049, '10', 1, 2030, 'V10403444', '2013-10-04 15:15:27', 2),
(4, 'G200087188', 6, 25, 30, 74, 1040, '11', 1, 2013, 'V10403444', '2013-10-03 10:07:27', 0),
(5, 'G200087188', 6, 25, 33, 74, 95, '3', 1, 2029, 'V10403444', '2013-10-04 14:39:37', 1),
(6, 'G200087188', 1, 1, 1, 3, 1074, '5', 2, 2026, 'V10403444', '2013-11-08 17:56:32', 2),
(7, 'G200087188', 1, 2, 1, 3, 1074, '3', 1, 2020, 'V10403444', '2013-10-04 14:40:50', 1),
(8, 'G200006145', 1, 1, 1, 4, 1106, '2', 2, 2028, 'V10403444', '2013-10-04 14:41:28', 1),
(9, 'G200087188', 6, 30, 1, 1, 136, '3', 2, 2026, 'V10403444', '2013-10-04 14:48:45', 1),
(11, 'G200087188', 3, 11, 10, 69, 1049, '3', 2, 2017, 'V10403444', '2013-10-08 15:47:22', 0),
(12, 'G200087188', 6, 30, 1, 1, 95, '1', 1, 2029, 'V10403444', '2013-10-08 15:47:12', 0),
(13, 'G200006145', 1, 2, 1, 4, 147, '32', 2, 2013, 'V10403444', '2013-10-09 14:35:44', 0),
(14, 'G200087188', 2, 7, 1, 63, 95, '2', 3, 2030, 'V10403444', '2013-10-11 16:06:21', 1),
(15, 'G200087188', 1, 2, 1, 3, 1043, '4', 1, 2022, 'V10403444', '2013-10-24 09:45:04', 0),
(16, 'G200080264', 6, 30, 1, 1, 500, '2', 2, 2020, 'V10570740', '2013-10-24 08:59:36', 1),
(17, 'G200028696', 3, 12, 1, 1, 135, '44', 4, 2028, 'V10966987', '2013-10-24 09:03:11', 1),
(18, 'G200006315', 1, 5, 6, 7, 662, '5', 2, 2016, 'V10403444', '2013-11-01 14:40:00', 0);

-- --------------------------------------------------------

--
-- Estructura de tabla para la tabla `linea_de_negocio`
--

CREATE TABLE IF NOT EXISTS `linea_de_negocio` (
  `idlinea_de_negocio` bigint(20) NOT NULL AUTO_INCREMENT,
  `nombre_linea_de_negocio` varchar(100) COLLATE utf8_spanish2_ci NOT NULL,
  PRIMARY KEY (`idlinea_de_negocio`)
) ENGINE=InnoDB  DEFAULT CHARSET=utf8 COLLATE=utf8_spanish2_ci AUTO_INCREMENT=7 ;

--
-- Volcado de datos para la tabla `linea_de_negocio`
--

INSERT INTO `linea_de_negocio` (`idlinea_de_negocio`, `nombre_linea_de_negocio`) VALUES
(1, 'Cableado Estructurado'),
(2, 'Datos'),
(3, 'Movilnet'),
(4, 'Servicios TI'),
(5, 'Telco'),
(6, 'Equipamiento');

-- --------------------------------------------------------

--
-- Estructura de tabla para la tabla `macro_linea_propuesta`
--

CREATE TABLE IF NOT EXISTS `macro_linea_propuesta` (
  `idpropuesta` bigint(20) NOT NULL,
  `idlinea_de_negocio` bigint(20) NOT NULL,
  `ingreso_unico_anual` decimal(9,2) DEFAULT NULL,
  `costo_venta` decimal(9,2) DEFAULT NULL,
  `idusuario` varchar(55) COLLATE utf8_spanish2_ci NOT NULL,
  PRIMARY KEY (`idpropuesta`,`idlinea_de_negocio`),
  KEY `idlinea_de_negocio` (`idlinea_de_negocio`)
) ENGINE=InnoDB DEFAULT CHARSET=utf8 COLLATE=utf8_spanish2_ci;

--
-- Volcado de datos para la tabla `macro_linea_propuesta`
--

INSERT INTO `macro_linea_propuesta` (`idpropuesta`, `idlinea_de_negocio`, `ingreso_unico_anual`, `costo_venta`, `idusuario`) VALUES
(30, 1, '150.00', '1.00', 'V10403444'),
(30, 2, '8.00', '2.00', 'V10403444'),
(30, 6, '3.00', '3.00', 'V10403444'),
(31, 2, '2323.00', '232.00', 'V10403444'),
(31, 3, '55.00', '142.00', 'V10403444'),
(31, 4, '111.00', '11.00', 'V10403444'),
(31, 5, '1222.00', '122.00', 'V10403444'),
(32, 2, '333.00', '32.00', 'V10403444'),
(32, 3, '332.00', '32.00', 'V10403444'),
(32, 4, '111.00', '11.00', 'V10403444'),
(32, 5, '2333.00', '32.00', 'V10403444'),
(32, 6, '444.00', '11.00', 'V10403444'),
(34, 3, '10.00', '1.00', 'V10403444'),
(39, 6, '333.00', '32.00', 'V10403444'),
(42, 1, '222.00', '11.00', 'V10403444'),
(43, 2, '11.00', '2.00', 'V10403444'),
(46, 1, '2.00', '1.00', 'V10403444'),
(47, 1, '2.00', '1.00', 'V10403444'),
(47, 2, '3.00', '2.00', 'V10403444'),
(47, 5, '4.00', '3.00', 'V10403444'),
(48, 3, '2.00', '1.00', 'V10403444'),
(49, 2, '21.00', '41.00', 'V10403444'),
(50, 1, '100.00', '10.00', 'V10403444');

-- --------------------------------------------------------

--
-- Estructura de tabla para la tabla `macro_proyecto`
--

CREATE TABLE IF NOT EXISTS `macro_proyecto` (
  `idmacro_proyecto` bigint(20) NOT NULL AUTO_INCREMENT,
  `nombre_macro_proyecto` varchar(150) COLLATE utf8_spanish2_ci NOT NULL,
  PRIMARY KEY (`idmacro_proyecto`)
) ENGINE=InnoDB  DEFAULT CHARSET=utf8 COLLATE=utf8_spanish2_ci AUTO_INCREMENT=7 ;

--
-- Volcado de datos para la tabla `macro_proyecto`
--

INSERT INTO `macro_proyecto` (`idmacro_proyecto`, `nombre_macro_proyecto`) VALUES
(1, 'Alcaldias Digitales'),
(2, 'GIS(Salud)'),
(3, 'Modernizacion del Estado'),
(4, 'Red del Saber(Educacion)'),
(5, 'Seguridad Agro Alimentaria'),
(6, 'Seguridad Ciudadana');

-- --------------------------------------------------------

--
-- Estructura de tabla para la tabla `municipio`
--

CREATE TABLE IF NOT EXISTS `municipio` (
  `idmunicipio` bigint(20) NOT NULL AUTO_INCREMENT,
  `nombre_municipio` varchar(45) COLLATE utf8_spanish2_ci NOT NULL,
  PRIMARY KEY (`idmunicipio`)
) ENGINE=InnoDB  DEFAULT CHARSET=utf8 COLLATE=utf8_spanish2_ci AUTO_INCREMENT=336 ;

--
-- Volcado de datos para la tabla `municipio`
--

INSERT INTO `municipio` (`idmunicipio`, `nombre_municipio`) VALUES
(1, 'Alto Orinoco'),
(2, 'Atabapo'),
(3, 'Atures'),
(4, 'Autana'),
(5, 'Manapiare'),
(6, 'Maroa'),
(7, 'Rio Negro'),
(8, 'Anaco'),
(9, 'Aragua'),
(10, 'Diego Bautista Urbaneja'),
(11, 'Fernando de Peñalver'),
(12, 'Francisco del Carmen Carvajal'),
(13, 'Francisco de Miranda'),
(14, 'General Sir Artur McGregor'),
(15, 'Guanta'),
(16, 'Independencia'),
(17, 'Jose Gregorio Monagas'),
(18, 'Juan Antonio Sotillo'),
(19, 'Juan Manuel Cajigal'),
(20, 'Libertad'),
(21, 'Manuel Ezequiel Bruzual'),
(22, 'Pedro Maria Freites'),
(23, 'Piritu'),
(24, 'San Jose de Guanipa'),
(25, 'San Juan de Capistrano'),
(26, 'Santa Ana'),
(27, 'Simon Bolivar'),
(28, 'Simon Rodriguez'),
(29, 'Achaguas'),
(30, 'Biruaca'),
(31, 'Muñoz'),
(32, 'Paez'),
(33, 'Pedro Camejo'),
(34, 'Romulo Gallegos'),
(35, 'San Fernando'),
(36, 'Atanasio Girardot'),
(37, 'Bolivar'),
(38, 'Camatagua'),
(39, 'Francisco Linares Alcantara'),
(40, 'Jose angel Lamas'),
(41, 'Jose Felix Ribas'),
(42, 'Jose Rafael Revenga'),
(43, 'Libertador'),
(44, 'Mario Briceño Iragorry'),
(45, 'Ocumare de la Costa de Oro'),
(46, 'San Casimiro'),
(47, 'San Sebastian de Los Reyes'),
(48, 'Santiago Mariño'),
(49, 'Santos Michelena'),
(50, 'Sucre'),
(51, 'Tovar'),
(52, 'Urdaneta'),
(53, 'Zamora'),
(54, 'Alberto Arvelo Torrealba'),
(55, 'Andres Eloy Blanco'),
(56, 'Antonio Jose de Sucre'),
(57, 'Arismendi'),
(58, 'Barinas'),
(59, 'Bolivar'),
(60, 'Cruz Paredes'),
(61, 'Ezequiel Zamora'),
(62, 'Obispos'),
(63, 'Pedraza'),
(64, 'Rojas'),
(65, 'Sosa'),
(66, 'Angostura'),
(67, 'Caroni'),
(68, 'Cedeño'),
(69, 'El Callao'),
(70, 'Gran Sabana'),
(71, 'Heres'),
(72, 'Padre Pedro Chien'),
(73, 'Piar'),
(74, 'Roscio'),
(75, 'Sifontes'),
(76, 'Sucre'),
(77, 'Bejuma'),
(78, 'Carlos Arvelo'),
(79, 'Diego Ibarra'),
(80, 'Guacara'),
(81, 'Juan Jose Mora'),
(82, 'Libertador'),
(83, 'Los Guayos'),
(84, 'Miranda'),
(85, 'Montalban'),
(86, 'Naguanagua'),
(87, 'Puerto Cabello'),
(88, 'San Diego'),
(89, 'San Joaquin'),
(90, 'Valencia'),
(91, 'Anzoategui'),
(92, 'Girardot'),
(93, 'Lima Blanco'),
(94, 'Pao de San Juan Bautista'),
(95, 'Ricaurte'),
(96, 'Romulo Gallegos'),
(97, 'San Carlos'),
(98, 'Tinaco'),
(99, 'Tinaquillo'),
(100, 'Antonio Diaz'),
(101, 'Casacoima'),
(102, 'Pedernales'),
(103, 'Tucupita'),
(104, 'Libertador'),
(105, 'Acosta'),
(106, 'Bolivar'),
(107, 'Buchivacoa'),
(108, 'Cacique Manaure'),
(109, 'Carirubana'),
(110, 'Colina'),
(111, 'Dabajuro'),
(112, 'Democracia'),
(113, 'Falcon'),
(114, 'Federacion'),
(115, 'Jacura'),
(116, 'Jose Laurencio Silva'),
(117, 'Los Taques'),
(118, 'Mauroa'),
(119, 'Miranda'),
(120, 'Monseñor Iturriza'),
(121, 'Palmasola'),
(122, 'Petit'),
(123, 'Piritu'),
(124, 'San Francisco'),
(125, 'Sucre'),
(126, 'Tocopero'),
(127, 'Union'),
(128, 'Urumaco'),
(129, 'Zamora'),
(130, 'Camaguan'),
(131, 'Chaguaramas'),
(132, 'El Socorro'),
(133, 'Jose Felix Ribas'),
(134, 'Jose Tadeo Monagas'),
(135, 'Juan German Roscio'),
(136, 'Julian Mellado'),
(137, 'Las Mercedes'),
(138, 'Leonardo Infante'),
(139, 'Ortiz'),
(140, 'Pedro Zaraza'),
(141, 'San Geronimo de Guayabal'),
(142, 'San Jose de Guaribe'),
(143, 'Santa Maria de Ipire'),
(144, 'Sebastian Francisco de Miranda'),
(145, 'Andres Eloy Blanco'),
(146, 'Crespo'),
(147, 'Iribarren'),
(148, 'Jimenez'),
(149, 'Moran'),
(150, 'Palavecino'),
(151, 'Simon Planas'),
(152, 'Torres'),
(153, 'Urdaneta'),
(154, 'Alberto Adriani'),
(155, 'Andres Bello'),
(156, 'Antonio Pinto Salinas'),
(157, 'Aricagua'),
(158, 'Arzobispo Chacon'),
(159, 'Campo Elias'),
(160, 'Caracciolo Parra Olmedo'),
(161, 'Cardenal Quintero'),
(162, 'Guaraque'),
(163, 'Julio Cesar Salas'),
(164, 'Justo Briceño'),
(165, 'Libertador'),
(166, 'Miranda'),
(167, 'Obispo Ramos de Lora'),
(168, 'Padre Noguera'),
(169, 'Pueblo Llano'),
(170, 'Rangel'),
(171, 'Rivas Davila'),
(172, 'Santos Marquina'),
(173, 'Sucre'),
(174, 'Tovar'),
(175, 'Tulio Febres Cordero'),
(176, 'Zea'),
(177, 'Acevedo'),
(178, 'Andres Bello'),
(179, 'Baruta'),
(180, 'Brion'),
(181, 'Buroz'),
(182, 'Carrizal'),
(183, 'Chacao'),
(184, 'Cristobal Rojas'),
(185, 'El Hatillo'),
(186, 'Guaicaipuro'),
(187, 'Independencia'),
(188, 'Lander'),
(189, 'Los Salias'),
(190, 'Paez'),
(191, 'Paz Castillo'),
(192, 'Pedro Gual'),
(193, 'Plaza'),
(194, 'Simon Bolivar'),
(195, 'Sucre'),
(196, 'Urdaneta'),
(197, 'Zamora'),
(198, 'Acosta'),
(199, 'Aguasay'),
(200, 'Bolivar'),
(201, 'Caripe'),
(202, 'Cedeño'),
(203, 'Ezequiel Zamora'),
(204, 'Libertador'),
(205, 'Maturin'),
(206, 'Piar'),
(207, 'Punceres'),
(208, 'Santa Barbara'),
(209, 'Sotillo'),
(210, 'Uracoa'),
(211, 'Antolin del Campo'),
(212, 'Arismendi'),
(213, 'Diaz'),
(214, 'Garcia'),
(215, 'Gomez'),
(216, 'Maneiro'),
(217, 'Marcano'),
(218, 'Mariño'),
(219, 'Peninsula de Macanao'),
(220, 'Tubores'),
(221, 'Villalba'),
(222, 'Agua Blanca'),
(223, 'Araure'),
(224, 'Esteller'),
(225, 'Guanare'),
(226, 'Guanarito'),
(227, 'Monseñor Jose Vicente de Unda'),
(228, 'Ospino'),
(229, 'Paez'),
(230, 'Papelon'),
(231, 'San Genaro de Boconoito'),
(232, 'San Rafael de Onoto'),
(233, 'Santa Rosalia'),
(234, 'Sucre'),
(235, 'Turen'),
(236, 'Andres Eloy Blanco'),
(237, 'Andres Mata'),
(238, 'Arismendi'),
(239, 'Benitez'),
(240, 'Bermudez'),
(241, 'Bolivar'),
(242, 'Cajigal'),
(243, 'Cruz Salmeron Acosta'),
(244, 'Libertador'),
(245, 'Mariño'),
(246, 'Mejia'),
(247, 'Montes'),
(248, 'Ribero'),
(249, 'Sucre'),
(250, 'Valdez'),
(251, 'Andres Bello'),
(252, 'Antonio Romulo Costa'),
(253, 'Ayacucho'),
(254, 'Bolivar'),
(255, 'Cardenas'),
(256, 'Cordoba'),
(257, 'Fernandez Feo'),
(258, 'Francisco de Miranda'),
(259, 'Garcia de Hevia'),
(260, 'Guasimos'),
(261, 'Independencia'),
(262, 'Jauregui'),
(263, 'Jose Maria Vargas'),
(264, 'Junin'),
(265, 'Libertad'),
(266, 'Libertador'),
(267, 'Lobatera'),
(268, 'Michelena'),
(269, 'Panamericano'),
(270, 'Pedro Maria Ureña'),
(271, 'Rafael Urdaneta'),
(272, 'Samuel Dario Maldonado'),
(273, 'San Cristobal'),
(274, 'San Judas Tadeo'),
(275, 'Seboruco'),
(276, 'Simon Rodriguez'),
(277, 'Sucre'),
(278, 'Torbes'),
(279, 'Uribante'),
(280, 'Andres Bello'),
(281, 'Bocono'),
(282, 'Bolivar'),
(283, 'Candelaria'),
(284, 'Carache'),
(285, 'Escuque'),
(286, 'Jose Felipe Marquez Cañizalez'),
(287, 'Juan Vicente Campos Elias'),
(288, 'La Ceiba'),
(289, 'Miranda'),
(290, 'Monte Carmelo'),
(291, 'Motatan'),
(292, 'Pampan'),
(293, 'Pampanito'),
(294, 'Rafael Rangel'),
(295, 'San Rafael de Carvajal'),
(296, 'Sucre'),
(297, 'Trujillo'),
(298, 'Urdaneta'),
(299, 'Valera'),
(300, 'Vargas'),
(301, 'Aristides Bastidas'),
(302, 'Bolivar'),
(303, 'Bruzual'),
(304, 'Cocorote'),
(305, 'Independencia'),
(306, 'Jose Antonio Paez'),
(307, 'La Trinidad'),
(308, 'Manuel Monge'),
(309, 'Nirgua'),
(310, 'Peña'),
(311, 'San Felipe'),
(312, 'Sucre'),
(313, 'Urachiche'),
(314, 'Veroes'),
(315, 'Almirante Padilla'),
(316, 'Baralt'),
(317, 'Cabimas'),
(318, 'Catatumbo'),
(319, 'Colon'),
(320, 'Francisco Javier Pulgar'),
(321, 'Guajira'),
(322, 'Jesus Enrique Losada'),
(323, 'Jesus Maria Semprun'),
(324, 'La Cañada de Urdaneta'),
(325, 'Lagunillas'),
(326, 'Machiques de Perija'),
(327, 'Mara'),
(328, 'Maracaibo'),
(329, 'Miranda'),
(330, 'Rosario de Perija'),
(331, 'San Francisco'),
(332, 'Santa Rita'),
(333, 'Simon Bolivar'),
(334, 'Sucre'),
(335, 'Valmore Rodriguez');

-- --------------------------------------------------------

--
-- Estructura de tabla para la tabla `plan`
--

CREATE TABLE IF NOT EXISTS `plan` (
  `idplan` bigint(20) NOT NULL AUTO_INCREMENT,
  `nombre_plan` varchar(100) COLLATE utf8_spanish2_ci NOT NULL,
  PRIMARY KEY (`idplan`)
) ENGINE=InnoDB  DEFAULT CHARSET=utf8 COLLATE=utf8_spanish2_ci AUTO_INCREMENT=76 ;

--
-- Volcado de datos para la tabla `plan`
--

INSERT INTO `plan` (`idplan`, `nombre_plan`) VALUES
(1, 'No Aplica'),
(2, '32Kbps'),
(3, '64Kbps'),
(4, '128Kbps'),
(5, '256Kbps'),
(6, '512Kbps'),
(7, '1024Kbps'),
(8, '1536Kbps'),
(9, '2048Kbps'),
(10, '10Mbps'),
(11, '20Mbps'),
(12, '40Mbps'),
(13, '60Mbps'),
(14, '80Mbps'),
(15, '100Mbps'),
(16, '1Gbps'),
(17, 'Volumen 1-10'),
(18, 'Volumen 11-60'),
(19, 'Volumen 61-150'),
(20, 'Volumen 151-250'),
(21, 'ABA Ilimitado'),
(22, 'ABA Inicio 512Kbps'),
(23, 'ABA por Consumo 1024Kbps'),
(24, 'ABA para todos 1024Kbps'),
(25, 'ABA Productivo 1536Kbps'),
(26, 'ABA Super 2048Kbps'),
(27, '1Mbps'),
(28, '2Mbps'),
(29, '4Mbps'),
(30, '6Mbps'),
(31, '8Mbps'),
(32, '128/64Kbps'),
(33, '256/192Kbps'),
(34, '512/384Kbps'),
(35, '1024/768Kbps'),
(36, '2048/1544Kbps'),
(37, '2048/2048Kbps'),
(38, '1 Rack'),
(39, '1/3 Rack'),
(40, '1/4 Rack'),
(41, '1/5 Rack'),
(42, 'Jaula(M2 Cuadrado)'),
(43, 'WEB 1-5Mb'),
(44, 'WEB 2-10Mb'),
(45, 'WEB 3-20Mb'),
(46, 'WEB 4-50Mb'),
(47, 'WEB 5-75Mb'),
(48, 'WEB 6-100 Mb'),
(49, 'WEB 7, + 100Mb'),
(50, 'WEB 3-25Mb'),
(51, 'WEB 6 ,+75Mb'),
(52, 'Basico'),
(53, 'Light'),
(54, 'Medium'),
(55, 'Premium'),
(56, 'Premium 150'),
(57, 'Premium 250'),
(58, 'Start'),
(59, 'Premium I'),
(60, 'Premium II'),
(61, 'Premium III'),
(62, 'Practic Datos 30Mb'),
(63, 'Rapid Datos 400Mb'),
(64, 'Super Datos 2048Mb'),
(65, 'TDTP(Tanto Datos -Tanto Pagas) 0Mb'),
(66, 'Blackberry Empresarial'),
(67, 'Blackberry Internet'),
(68, 'Blackberry Empresarial Plus'),
(69, 'Master Despegue'),
(70, 'Master Negocio'),
(71, 'Master Premium'),
(72, 'Master Empresarial'),
(73, 'Master Basico'),
(74, 'CDMA'),
(75, 'GSM');

-- --------------------------------------------------------

--
-- Estructura de tabla para la tabla `prioridad`
--

CREATE TABLE IF NOT EXISTS `prioridad` (
  `idprioridad` bigint(20) NOT NULL AUTO_INCREMENT,
  `nombre_prioridad` varchar(10) COLLATE utf8_spanish2_ci NOT NULL,
  PRIMARY KEY (`idprioridad`)
) ENGINE=InnoDB  DEFAULT CHARSET=utf8 COLLATE=utf8_spanish2_ci AUTO_INCREMENT=4 ;

--
-- Volcado de datos para la tabla `prioridad`
--

INSERT INTO `prioridad` (`idprioridad`, `nombre_prioridad`) VALUES
(1, 'Alta'),
(2, 'Media'),
(3, 'Baja');

-- --------------------------------------------------------

--
-- Estructura de tabla para la tabla `propuesta`
--

CREATE TABLE IF NOT EXISTS `propuesta` (
  `idpropuesta` bigint(20) NOT NULL AUTO_INCREMENT,
  `codigo_arc` varchar(30) COLLATE utf8_spanish2_ci NOT NULL,
  `idmacro_proyecto` bigint(20) NOT NULL,
  `importancia_social` varchar(2) COLLATE utf8_spanish2_ci NOT NULL,
  `importancia_politica` varchar(2) COLLATE utf8_spanish2_ci NOT NULL,
  `importancia_comercial` varchar(2) COLLATE utf8_spanish2_ci NOT NULL,
  `fecha_solicitud` datetime NOT NULL,
  `fecha_inicio_fase` datetime NOT NULL,
  `fecha_actualizacion_nueva` datetime NOT NULL,
  `fecha_consultor` datetime NOT NULL,
  `fecha_entrega` datetime DEFAULT NULL,
  `fecha_aceptacion` datetime DEFAULT NULL,
  `fecha_culminacion` datetime DEFAULT NULL,
  `descripcion_macro_proyecto` varchar(200) COLLATE utf8_spanish2_ci NOT NULL,
  `idprioridad` bigint(20) NOT NULL,
  `idforma_de_pago` bigint(20) NOT NULL,
  `idarea` bigint(20) NOT NULL,
  `idregion` bigint(20) NOT NULL,
  `idtipo_fase` bigint(20) NOT NULL,
  `idtipo_fase_actualizada` bigint(20) NOT NULL,
  `id_fase` int(11) NOT NULL,
  `id_fase_actualizacion` int(11) NOT NULL,
  `idunidad` bigint(20) NOT NULL,
  `rif_institucion` varchar(20) COLLATE utf8_spanish2_ci NOT NULL,
  `idstatus_proyecto` bigint(20) NOT NULL,
  `idusuario` varchar(9) COLLATE utf8_spanish2_ci NOT NULL,
  `costo_real` decimal(9,2) DEFAULT NULL,
  `ingreso_real` decimal(9,2) DEFAULT NULL,
  `alerta_fase` int(11) NOT NULL DEFAULT '1',
  `alerta_tipo_fase` int(11) NOT NULL DEFAULT '1',
  PRIMARY KEY (`idpropuesta`),
  KEY `fk_propuesta1_idx` (`idprioridad`),
  KEY `fk_propuesta2_idx` (`idforma_de_pago`),
  KEY `fk_propuesta3_idx` (`idarea`),
  KEY `fk_propuesta4_idx` (`idregion`),
  KEY `fk_propuesta5_idx` (`idtipo_fase`),
  KEY `fk_propuesta6_idx` (`idunidad`),
  KEY `fk_propuesta7_idx` (`rif_institucion`),
  KEY `fk_propuesta8_idx` (`idstatus_proyecto`),
  KEY `fk_propuesta9_idx` (`idmacro_proyecto`),
  KEY `fk_propuesta10_idx` (`id_fase`),
  KEY `fk_propuesta13_idx` (`idtipo_fase_actualizada`)
) ENGINE=InnoDB  DEFAULT CHARSET=utf8 COLLATE=utf8_spanish2_ci AUTO_INCREMENT=51 ;

--
-- Volcado de datos para la tabla `propuesta`
--

INSERT INTO `propuesta` (`idpropuesta`, `codigo_arc`, `idmacro_proyecto`, `importancia_social`, `importancia_politica`, `importancia_comercial`, `fecha_solicitud`, `fecha_inicio_fase`, `fecha_actualizacion_nueva`, `fecha_consultor`, `fecha_entrega`, `fecha_aceptacion`, `fecha_culminacion`, `descripcion_macro_proyecto`, `idprioridad`, `idforma_de_pago`, `idarea`, `idregion`, `idtipo_fase`, `idtipo_fase_actualizada`, `id_fase`, `id_fase_actualizacion`, `idunidad`, `rif_institucion`, `idstatus_proyecto`, `idusuario`, `costo_real`, `ingreso_real`, `alerta_fase`, `alerta_tipo_fase`) VALUES
(30, '1234', 3, 'Si', 'Si', 'Si', '2013-07-09 10:20:03', '2013-10-22 15:24:52', '2013-10-22 15:24:52', '2013-10-22 15:24:52', NULL, '2013-10-22 15:24:52', NULL, 'Prueba Proyecto', 3, 1, 2, 1, 9, 15, 3, 4, 1, 'G200006340', 1, 'V10403444', '10.00', '200.00', 1, 1),
(31, '132', 2, 'Si', 'No', 'Si', '2013-03-31 10:12:15', '2013-05-31 11:00:06', '2013-09-20 11:42:41', '2013-09-26 14:48:08', NULL, NULL, NULL, 'Prueba 2                                                                                                                                                                ', 3, 2, 4, 3, 7, 7, 2, 2, 1, 'G200034491', 1, 'V10403444', '0.00', '0.00', 4, 4),
(32, '333', 5, 'Si', 'Si', 'No', '2013-09-02 09:56:29', '2013-09-26 15:54:36', '2013-09-26 15:54:36', '2013-09-26 15:54:36', NULL, '2013-09-09 15:08:43', NULL, 'Prueba3', 3, 2, 3, 5, 13, 14, 3, 4, 2, 'G200006340', 2, 'V10403444', '10.00', '1500.65', 4, 4),
(34, '2313', 2, 'Si', 'No', 'Si', '2013-06-04 10:07:30', '2013-09-04 10:07:30', '2013-09-09 15:12:08', '2013-10-22 15:27:16', NULL, '2013-09-27 14:38:29', NULL, 'Prueba 4', 2, 1, 3, 3, 13, 13, 3, 3, 2, 'G200003189', 1, 'V10403444', '10.00', '10.00', 3, 3),
(39, '12333', 2, 'Si', 'No', 'Si', '2013-10-22 14:59:01', '2013-10-22 15:01:41', '2013-10-22 15:01:41', '2013-10-22 15:01:41', '2013-10-22 15:01:41', NULL, NULL, 'Prueba 5', 3, 1, 2, 3, 4, 19, 2, 4, 2, 'G200034491', 2, 'V10403444', '100.00', '200.00', 1, 1),
(42, '322', 1, 'Si', 'Si', 'Si', '2013-10-22 15:36:16', '2013-10-22 16:09:00', '2013-10-22 16:09:00', '2013-10-22 16:09:00', NULL, '2013-10-22 16:09:00', NULL, 'Prueba 6', 1, 2, 1, 2, 3, 14, 2, 4, 1, 'G200035498', 2, 'V10403444', '23.00', '23.00', 1, 1),
(43, '11111', 2, 'Si', 'Si', 'Si', '2013-10-22 15:37:18', '2013-10-22 15:37:18', '2013-10-22 15:37:18', '2013-10-22 15:37:18', NULL, NULL, NULL, 'Prueba 7', 3, 1, 2, 1, 3, 3, 2, 2, 1, 'G200056975', 2, 'V10403444', NULL, NULL, 1, 1),
(46, '433', 1, 'Si', 'Si', 'Si', '2013-10-22 15:52:01', '2013-10-22 15:52:01', '2013-10-22 15:52:01', '2013-10-22 15:52:01', NULL, NULL, NULL, 'Prueba 8', 3, 1, 1, 2, 3, 3, 2, 2, 2, 'G200087188', 2, 'V10403444', NULL, NULL, 1, 1),
(47, '412', 2, 'Si', 'No', 'Si', '2013-10-22 15:56:46', '2013-10-22 15:57:50', '2013-10-22 15:57:50', '2013-10-22 15:57:50', NULL, '2013-10-22 15:57:50', NULL, 'Prueba 9', 1, 2, 1, 1, 3, 13, 2, 3, 1, 'G200087188', 2, 'V10403444', '8.00', '10.00', 1, 1),
(48, '51', 1, 'Si', 'No', 'Si', '2013-07-22 16:43:26', '2013-11-01 15:01:08', '2013-11-01 15:01:08', '2013-11-01 15:01:08', NULL, '2013-11-01 15:01:08', NULL, 'Prueba 10', 3, 1, 2, 1, 6, 13, 2, 3, 2, 'G200085703', 1, 'V10403444', '500000.00', '500000.00', 1, 1),
(49, '7', 1, 'Si', 'No', 'Si', '2013-07-23 14:48:36', '2013-07-23 14:48:36', '2013-10-23 14:48:36', '2013-11-01 14:04:48', NULL, NULL, NULL, 'Prueba 11', 1, 1, 1, 2, 3, 3, 2, 2, 1, 'G200003189', 2, 'V10403444', '0.00', '0.00', 2, 1),
(50, '123456', 1, 'Si', 'No', 'Si', '2013-11-01 14:48:11', '2013-11-01 14:48:11', '2013-11-01 14:48:11', '2013-11-01 14:48:11', NULL, NULL, NULL, 'Descripcion', 1, 1, 1, 4, 3, 3, 2, 2, 1, 'G200087188', 1, 'V10403444', NULL, NULL, 1, 1);

-- --------------------------------------------------------

--
-- Estructura de tabla para la tabla `region`
--

CREATE TABLE IF NOT EXISTS `region` (
  `idregion` bigint(20) NOT NULL AUTO_INCREMENT,
  `nombre_region` varchar(45) COLLATE utf8_spanish2_ci NOT NULL,
  PRIMARY KEY (`idregion`)
) ENGINE=InnoDB  DEFAULT CHARSET=utf8 COLLATE=utf8_spanish2_ci AUTO_INCREMENT=7 ;

--
-- Volcado de datos para la tabla `region`
--

INSERT INTO `region` (`idregion`, `nombre_region`) VALUES
(1, 'Andes'),
(2, 'Capital'),
(3, 'Central'),
(4, 'Centro Occidente'),
(5, 'Occidente'),
(6, 'Oriente');

-- --------------------------------------------------------

--
-- Estructura de tabla para la tabla `region_estado`
--

CREATE TABLE IF NOT EXISTS `region_estado` (
  `idregion` bigint(20) NOT NULL,
  `idestado` bigint(20) NOT NULL,
  PRIMARY KEY (`idregion`,`idestado`),
  KEY `fk_region_estado_idestado_idx` (`idestado`),
  KEY `fk_region_estado_idregion_idx` (`idregion`)
) ENGINE=InnoDB DEFAULT CHARSET=utf8 COLLATE=utf8_spanish2_ci;

--
-- Volcado de datos para la tabla `region_estado`
--

INSERT INTO `region_estado` (`idregion`, `idestado`) VALUES
(3, 1),
(6, 2),
(3, 3),
(3, 4),
(1, 5),
(6, 6),
(3, 7),
(4, 8),
(6, 9),
(2, 10),
(5, 11),
(3, 12),
(4, 13),
(1, 14),
(2, 15),
(6, 16),
(6, 17),
(4, 18),
(6, 19),
(1, 20),
(5, 21),
(2, 22),
(4, 23),
(5, 24);

-- --------------------------------------------------------

--
-- Estructura de tabla para la tabla `region_estado_municipio`
--

CREATE TABLE IF NOT EXISTS `region_estado_municipio` (
  `idregion` bigint(20) NOT NULL,
  `idestado` bigint(20) NOT NULL,
  `idmunicipio` bigint(20) NOT NULL,
  PRIMARY KEY (`idregion`,`idestado`,`idmunicipio`),
  KEY `fk_region_estado_municipio_idmunicipio_idx` (`idmunicipio`),
  KEY `fk_region_estado_municipio_idregion_idestado_idx` (`idregion`,`idestado`)
) ENGINE=InnoDB DEFAULT CHARSET=utf8 COLLATE=utf8_spanish2_ci;

--
-- Volcado de datos para la tabla `region_estado_municipio`
--

INSERT INTO `region_estado_municipio` (`idregion`, `idestado`, `idmunicipio`) VALUES
(3, 1, 1),
(3, 1, 2),
(3, 1, 3),
(3, 1, 4),
(3, 1, 5),
(3, 1, 6),
(3, 1, 7),
(6, 2, 8),
(6, 2, 9),
(6, 2, 10),
(6, 2, 11),
(6, 2, 12),
(6, 2, 13),
(6, 2, 14),
(6, 2, 15),
(6, 2, 16),
(6, 2, 17),
(6, 2, 18),
(6, 2, 19),
(6, 2, 20),
(6, 2, 21),
(6, 2, 22),
(6, 2, 23),
(6, 2, 24),
(6, 2, 25),
(6, 2, 26),
(6, 2, 27),
(6, 2, 28),
(3, 3, 29),
(3, 3, 30),
(3, 3, 31),
(3, 3, 32),
(3, 3, 33),
(3, 3, 34),
(3, 3, 35),
(3, 4, 36),
(3, 4, 37),
(3, 4, 38),
(3, 4, 39),
(3, 4, 40),
(3, 4, 41),
(3, 4, 42),
(3, 4, 43),
(3, 4, 44),
(3, 4, 45),
(3, 4, 46),
(3, 4, 47),
(3, 4, 48),
(3, 4, 49),
(3, 4, 50),
(3, 4, 51),
(3, 4, 52),
(3, 4, 53),
(1, 5, 54),
(1, 5, 55),
(1, 5, 56),
(1, 5, 57),
(1, 5, 58),
(1, 5, 59),
(1, 5, 60),
(1, 5, 61),
(1, 5, 62),
(1, 5, 63),
(1, 5, 64),
(1, 5, 65),
(6, 6, 66),
(6, 6, 67),
(6, 6, 68),
(6, 6, 69),
(6, 6, 70),
(6, 6, 71),
(6, 6, 72),
(6, 6, 73),
(6, 6, 74),
(6, 6, 75),
(6, 6, 76),
(3, 7, 77),
(3, 7, 78),
(3, 7, 79),
(3, 7, 80),
(3, 7, 81),
(3, 7, 82),
(3, 7, 83),
(3, 7, 84),
(3, 7, 85),
(3, 7, 86),
(3, 7, 87),
(3, 7, 88),
(3, 7, 89),
(3, 7, 90),
(4, 8, 91),
(4, 8, 92),
(4, 8, 93),
(4, 8, 94),
(4, 8, 95),
(4, 8, 96),
(4, 8, 97),
(4, 8, 98),
(4, 8, 99),
(6, 9, 100),
(6, 9, 101),
(6, 9, 102),
(6, 9, 103),
(2, 10, 104),
(4, 11, 105),
(4, 11, 106),
(4, 11, 107),
(4, 11, 108),
(4, 11, 109),
(4, 11, 110),
(4, 11, 111),
(4, 11, 112),
(4, 11, 113),
(4, 11, 114),
(4, 11, 115),
(4, 11, 116),
(4, 11, 117),
(4, 11, 118),
(4, 11, 119),
(4, 11, 120),
(4, 11, 121),
(4, 11, 122),
(4, 11, 123),
(4, 11, 124),
(4, 11, 125),
(4, 11, 126),
(4, 11, 127),
(4, 11, 128),
(4, 11, 129),
(3, 12, 130),
(3, 12, 131),
(3, 12, 132),
(3, 12, 133),
(3, 12, 134),
(3, 12, 135),
(3, 12, 136),
(3, 12, 137),
(3, 12, 138),
(3, 12, 139),
(3, 12, 140),
(3, 12, 141),
(3, 12, 142),
(3, 12, 143),
(3, 12, 144),
(4, 13, 145),
(4, 13, 146),
(4, 13, 147),
(4, 13, 148),
(4, 13, 149),
(4, 13, 150),
(4, 13, 151),
(4, 13, 152),
(4, 13, 153),
(1, 14, 154),
(1, 14, 155),
(1, 14, 156),
(1, 14, 157),
(1, 14, 158),
(1, 14, 159),
(1, 14, 160),
(1, 14, 161),
(1, 14, 162),
(1, 14, 163),
(1, 14, 164),
(1, 14, 165),
(1, 14, 166),
(1, 14, 167),
(1, 14, 168),
(1, 14, 169),
(1, 14, 170),
(1, 14, 171),
(1, 14, 172),
(1, 14, 173),
(1, 14, 174),
(1, 14, 175),
(1, 14, 176),
(2, 15, 177),
(2, 15, 178),
(2, 15, 179),
(2, 15, 180),
(2, 15, 181),
(2, 15, 182),
(2, 15, 183),
(2, 15, 184),
(2, 15, 185),
(2, 15, 186),
(2, 15, 187),
(2, 15, 188),
(2, 15, 189),
(2, 15, 190),
(2, 15, 191),
(2, 15, 192),
(2, 15, 193),
(2, 15, 194),
(2, 15, 195),
(2, 15, 196),
(2, 15, 197),
(6, 16, 198),
(6, 16, 199),
(6, 16, 200),
(6, 16, 201),
(6, 16, 202),
(6, 16, 203),
(6, 16, 204),
(6, 16, 205),
(6, 16, 206),
(6, 16, 207),
(6, 16, 208),
(6, 16, 209),
(6, 16, 210),
(6, 17, 211),
(6, 17, 212),
(6, 17, 213),
(6, 17, 214),
(6, 17, 215),
(6, 17, 216),
(6, 17, 217),
(6, 17, 218),
(6, 17, 219),
(6, 17, 220),
(6, 17, 221),
(4, 18, 222),
(4, 18, 223),
(4, 18, 224),
(4, 18, 225),
(4, 18, 226),
(4, 18, 227),
(4, 18, 228),
(4, 18, 229),
(4, 18, 230),
(4, 18, 231),
(4, 18, 232),
(4, 18, 233),
(4, 18, 234),
(4, 18, 235),
(6, 19, 236),
(6, 19, 237),
(6, 19, 238),
(6, 19, 239),
(6, 19, 240),
(6, 19, 241),
(6, 19, 242),
(6, 19, 243),
(6, 19, 244),
(6, 19, 245),
(6, 19, 246),
(6, 19, 247),
(6, 19, 248),
(6, 19, 249),
(6, 19, 250),
(1, 20, 251),
(1, 20, 252),
(1, 20, 253),
(1, 20, 254),
(1, 20, 255),
(1, 20, 256),
(1, 20, 257),
(1, 20, 258),
(1, 20, 259),
(1, 20, 260),
(1, 20, 261),
(1, 20, 262),
(1, 20, 263),
(1, 20, 264),
(1, 20, 265),
(1, 20, 266),
(1, 20, 267),
(1, 20, 268),
(1, 20, 269),
(1, 20, 270),
(1, 20, 271),
(1, 20, 272),
(1, 20, 273),
(1, 20, 274),
(1, 20, 275),
(1, 20, 276),
(1, 20, 277),
(1, 20, 278),
(1, 20, 279),
(5, 21, 280),
(5, 21, 281),
(5, 21, 282),
(5, 21, 283),
(5, 21, 284),
(5, 21, 285),
(5, 21, 286),
(5, 21, 287),
(5, 21, 288),
(5, 21, 289),
(5, 21, 290),
(5, 21, 291),
(5, 21, 292),
(5, 21, 293),
(5, 21, 294),
(5, 21, 295),
(5, 21, 296),
(5, 21, 297),
(5, 21, 298),
(5, 21, 299),
(2, 22, 300),
(4, 23, 301),
(4, 23, 302),
(4, 23, 303),
(4, 23, 304),
(4, 23, 305),
(4, 23, 306),
(4, 23, 307),
(4, 23, 308),
(4, 23, 309),
(4, 23, 310),
(4, 23, 311),
(4, 23, 312),
(4, 23, 313),
(4, 23, 314),
(5, 24, 315),
(5, 24, 316),
(5, 24, 317),
(5, 24, 318),
(5, 24, 319),
(5, 24, 320),
(5, 24, 321),
(5, 24, 322),
(5, 24, 323),
(5, 24, 324),
(5, 24, 325),
(5, 24, 326),
(5, 24, 327),
(5, 24, 328),
(5, 24, 329),
(5, 24, 330),
(5, 24, 331),
(5, 24, 332),
(5, 24, 333),
(5, 24, 334),
(5, 24, 335);

-- --------------------------------------------------------

--
-- Estructura de tabla para la tabla `region_estado_municipio_institucion`
--

CREATE TABLE IF NOT EXISTS `region_estado_municipio_institucion` (
  `idregion` bigint(20) NOT NULL,
  `idestado` bigint(20) NOT NULL,
  `idmunicipio` bigint(20) NOT NULL,
  `rif_institucion` varchar(20) COLLATE utf8_spanish2_ci NOT NULL,
  PRIMARY KEY (`idregion`,`idestado`,`idmunicipio`,`rif_institucion`),
  KEY `fk_region_estado_municipio_institucion1_idx` (`idregion`,`idestado`,`idmunicipio`),
  KEY `fk_region_estado_municipio_institucion2_idx` (`rif_institucion`)
) ENGINE=InnoDB DEFAULT CHARSET=utf8 COLLATE=utf8_spanish2_ci;

-- --------------------------------------------------------

--
-- Estructura de tabla para la tabla `sector`
--

CREATE TABLE IF NOT EXISTS `sector` (
  `idsector` bigint(20) NOT NULL AUTO_INCREMENT,
  `nombre_sector` varchar(150) COLLATE utf8_spanish2_ci NOT NULL,
  PRIMARY KEY (`idsector`)
) ENGINE=InnoDB  DEFAULT CHARSET=utf8 COLLATE=utf8_spanish2_ci AUTO_INCREMENT=17 ;

--
-- Volcado de datos para la tabla `sector`
--

INSERT INTO `sector` (`idsector`, `nombre_sector`) VALUES
(1, ' Desarrollo Energetico y Minero (Capital)'),
(2, 'Desarrollo Energetico y Minero (Occidente)'),
(3, 'Desarrollo Energetico y Minero (Oriente) '),
(4, 'Desarrollo Regional y Local (Andes)'),
(5, 'Desarrollo Regional y Local (Occidente)'),
(6, 'Desarrollo Regional y Local (Centro Occidente)'),
(7, 'Desarrollo Regional y Local (Centro)'),
(8, 'Desarrollo Regional y Local (Oriente)'),
(9, 'Desarrollo Banca'),
(10, 'Desarrollo Comercial e Industrial'),
(11, 'Desarrollo Salud,Alimentacion e Infraestructura'),
(12, 'Educacion, Innovacion y Ambiente'),
(13, 'Desarrollo Seguridad y Defensa'),
(14, 'Desarrollo Poderes Publicos'),
(15, 'Desarrollo Alto Gobierno'),
(16, 'No Aplica');

-- --------------------------------------------------------

--
-- Estructura de tabla para la tabla `servicio`
--

CREATE TABLE IF NOT EXISTS `servicio` (
  `idservicio` bigint(20) NOT NULL AUTO_INCREMENT,
  `nombre_servicio` varchar(100) COLLATE utf8_spanish2_ci NOT NULL,
  PRIMARY KEY (`idservicio`)
) ENGINE=InnoDB  DEFAULT CHARSET=utf8 COLLATE=utf8_spanish2_ci AUTO_INCREMENT=7 ;

--
-- Volcado de datos para la tabla `servicio`
--

INSERT INTO `servicio` (`idservicio`, `nombre_servicio`) VALUES
(1, 'Servicios de Datos'),
(2, 'Servicios de Internet'),
(3, 'Servicios de Telefonia Fija'),
(4, 'Servicios de TI'),
(5, 'Servicios Moviles'),
(6, 'Equipamiento');

-- --------------------------------------------------------

--
-- Estructura de tabla para la tabla `servicio_tipo_servicio`
--

CREATE TABLE IF NOT EXISTS `servicio_tipo_servicio` (
  `idservicio` bigint(20) NOT NULL,
  `idtipo_servicio` bigint(20) NOT NULL,
  PRIMARY KEY (`idservicio`,`idtipo_servicio`),
  KEY `fk_servicio_tipo_servicio1_idx` (`idservicio`),
  KEY `fk_servicio_tipo_servicio2_idx` (`idtipo_servicio`)
) ENGINE=InnoDB DEFAULT CHARSET=utf8 COLLATE=utf8_spanish2_ci;

--
-- Volcado de datos para la tabla `servicio_tipo_servicio`
--

INSERT INTO `servicio_tipo_servicio` (`idservicio`, `idtipo_servicio`) VALUES
(1, 1),
(1, 2),
(1, 3),
(1, 4),
(1, 5),
(2, 6),
(2, 7),
(2, 8),
(2, 9),
(2, 10),
(3, 11),
(3, 12),
(3, 13),
(4, 14),
(4, 15),
(4, 16),
(4, 17),
(4, 18),
(4, 32),
(5, 19),
(5, 20),
(5, 21),
(5, 22),
(5, 23),
(5, 24),
(5, 33),
(5, 34),
(6, 25),
(6, 26),
(6, 27),
(6, 28),
(6, 29),
(6, 30),
(6, 31);

-- --------------------------------------------------------

--
-- Estructura de tabla para la tabla `servicio_tipo_servicio_subtipo_servicio`
--

CREATE TABLE IF NOT EXISTS `servicio_tipo_servicio_subtipo_servicio` (
  `idservicio` bigint(20) NOT NULL,
  `idtipo_servicio` bigint(20) NOT NULL,
  `idsubtipo_servicio` bigint(20) NOT NULL,
  PRIMARY KEY (`idservicio`,`idtipo_servicio`,`idsubtipo_servicio`),
  KEY `fk_servicio_tipo_servicio_subtipo_servicio1_idx` (`idservicio`,`idtipo_servicio`),
  KEY `fk_servicio_tipo_servicio_subtipo_servicio2_idx` (`idsubtipo_servicio`)
) ENGINE=InnoDB DEFAULT CHARSET=utf8 COLLATE=utf8_spanish2_ci;

--
-- Volcado de datos para la tabla `servicio_tipo_servicio_subtipo_servicio`
--

INSERT INTO `servicio_tipo_servicio_subtipo_servicio` (`idservicio`, `idtipo_servicio`, `idsubtipo_servicio`) VALUES
(1, 1, 1),
(1, 2, 1),
(2, 6, 1),
(2, 7, 1),
(2, 10, 1),
(3, 12, 1),
(3, 13, 1),
(5, 19, 1),
(5, 21, 1),
(5, 22, 1),
(5, 23, 1),
(5, 24, 1),
(5, 34, 1),
(6, 27, 1),
(6, 28, 1),
(6, 29, 1),
(6, 30, 1),
(6, 31, 1),
(1, 3, 2),
(2, 9, 2),
(1, 3, 3),
(2, 9, 3),
(1, 4, 4),
(1, 4, 5),
(1, 5, 6),
(1, 5, 7),
(2, 8, 8),
(2, 8, 9),
(3, 11, 10),
(4, 14, 11),
(4, 15, 12),
(4, 15, 13),
(4, 16, 14),
(4, 16, 15),
(4, 16, 16),
(4, 17, 17),
(4, 17, 18),
(4, 17, 19),
(4, 17, 20),
(4, 17, 21),
(4, 18, 22),
(4, 18, 23),
(5, 20, 24),
(5, 20, 25),
(5, 20, 26),
(6, 26, 27),
(6, 26, 28),
(4, 16, 29),
(6, 25, 30),
(6, 25, 31),
(6, 25, 32),
(6, 25, 33),
(5, 33, 34),
(5, 33, 35),
(5, 33, 36),
(5, 33, 37);

-- --------------------------------------------------------

--
-- Estructura de tabla para la tabla `servicio_tipo_servicio_subtipo_servicio_plan`
--

CREATE TABLE IF NOT EXISTS `servicio_tipo_servicio_subtipo_servicio_plan` (
  `idservicio` bigint(20) NOT NULL,
  `idtipo_servicio` bigint(20) NOT NULL,
  `idsubtipo_servicio` bigint(20) NOT NULL,
  `idplan` bigint(20) NOT NULL,
  PRIMARY KEY (`idservicio`,`idtipo_servicio`,`idsubtipo_servicio`,`idplan`),
  KEY `fk_servicio_tipo_servicio_subtipo_servicio_plan1_idx` (`idservicio`,`idtipo_servicio`,`idsubtipo_servicio`),
  KEY `fk_servicio_tipo_servicio_subtipo_servicio_plan2_idx` (`idplan`)
) ENGINE=InnoDB DEFAULT CHARSET=utf8 COLLATE=utf8_spanish2_ci;

--
-- Volcado de datos para la tabla `servicio_tipo_servicio_subtipo_servicio_plan`
--

INSERT INTO `servicio_tipo_servicio_subtipo_servicio_plan` (`idservicio`, `idtipo_servicio`, `idsubtipo_servicio`, `idplan`) VALUES
(3, 12, 1, 1),
(3, 13, 1, 1),
(4, 17, 17, 1),
(4, 17, 18, 1),
(4, 17, 19, 1),
(4, 17, 20, 1),
(4, 17, 21, 1),
(5, 21, 1, 1),
(5, 22, 1, 1),
(5, 23, 1, 1),
(5, 24, 1, 1),
(5, 34, 1, 1),
(6, 26, 27, 1),
(6, 26, 28, 1),
(6, 27, 1, 1),
(6, 28, 1, 1),
(6, 29, 1, 1),
(6, 30, 1, 1),
(6, 31, 1, 1),
(1, 5, 7, 2),
(1, 1, 1, 3),
(1, 2, 1, 3),
(1, 5, 7, 3),
(1, 1, 1, 4),
(1, 2, 1, 4),
(1, 5, 7, 4),
(1, 1, 1, 5),
(1, 2, 1, 5),
(1, 5, 6, 5),
(1, 5, 7, 5),
(2, 8, 8, 5),
(2, 8, 9, 5),
(1, 1, 1, 6),
(1, 2, 1, 6),
(1, 5, 6, 6),
(1, 5, 7, 6),
(2, 8, 8, 6),
(2, 8, 9, 6),
(1, 1, 1, 7),
(1, 2, 1, 7),
(1, 5, 6, 7),
(1, 5, 7, 7),
(2, 8, 8, 7),
(2, 8, 9, 7),
(2, 8, 8, 8),
(2, 8, 9, 8),
(1, 1, 1, 9),
(1, 2, 1, 9),
(1, 5, 6, 9),
(1, 5, 7, 9),
(2, 8, 8, 9),
(2, 8, 9, 9),
(1, 3, 3, 10),
(2, 9, 3, 10),
(1, 3, 3, 11),
(2, 9, 3, 11),
(1, 3, 3, 12),
(2, 9, 3, 12),
(1, 3, 3, 13),
(2, 9, 3, 13),
(1, 3, 3, 14),
(2, 9, 3, 14),
(1, 3, 3, 15),
(2, 9, 3, 15),
(1, 3, 3, 16),
(2, 9, 3, 16),
(1, 4, 4, 17),
(1, 4, 5, 17),
(1, 4, 4, 18),
(1, 4, 5, 18),
(1, 4, 4, 19),
(1, 4, 5, 19),
(1, 4, 5, 20),
(2, 6, 1, 21),
(2, 6, 1, 22),
(2, 6, 1, 23),
(2, 6, 1, 24),
(2, 6, 1, 25),
(2, 6, 1, 26),
(1, 3, 2, 27),
(2, 9, 2, 27),
(1, 3, 2, 28),
(2, 9, 2, 28),
(1, 3, 2, 29),
(2, 9, 2, 29),
(1, 3, 2, 30),
(2, 9, 2, 30),
(1, 3, 2, 31),
(2, 9, 2, 31),
(2, 10, 1, 32),
(2, 10, 1, 33),
(2, 10, 1, 34),
(2, 10, 1, 35),
(2, 10, 1, 36),
(2, 10, 1, 37),
(4, 14, 11, 38),
(4, 14, 11, 39),
(4, 14, 11, 40),
(4, 14, 11, 41),
(4, 14, 11, 42),
(4, 15, 12, 43),
(4, 15, 13, 43),
(4, 15, 12, 44),
(4, 15, 13, 44),
(4, 15, 12, 45),
(4, 15, 12, 46),
(4, 15, 13, 46),
(4, 15, 12, 47),
(4, 15, 13, 47),
(4, 15, 12, 48),
(4, 15, 12, 49),
(4, 15, 13, 49),
(4, 15, 13, 50),
(4, 15, 13, 51),
(4, 16, 14, 52),
(4, 16, 15, 52),
(4, 16, 14, 53),
(4, 16, 15, 53),
(4, 17, 22, 53),
(4, 17, 23, 53),
(4, 18, 22, 53),
(4, 18, 23, 53),
(4, 16, 14, 54),
(4, 16, 15, 54),
(4, 17, 23, 54),
(4, 18, 23, 54),
(4, 16, 14, 55),
(4, 17, 23, 55),
(4, 18, 23, 55),
(4, 16, 14, 56),
(4, 16, 15, 56),
(4, 16, 14, 57),
(4, 16, 15, 57),
(4, 16, 15, 58),
(4, 16, 16, 58),
(4, 16, 29, 58),
(4, 16, 16, 59),
(4, 16, 29, 59),
(4, 16, 16, 60),
(4, 16, 29, 60),
(2, 7, 1, 62),
(5, 19, 1, 62),
(2, 7, 1, 63),
(5, 19, 1, 63),
(2, 7, 1, 64),
(5, 19, 1, 64),
(2, 7, 1, 65),
(5, 19, 1, 65),
(5, 20, 24, 66),
(5, 20, 25, 67),
(5, 20, 26, 68),
(3, 11, 10, 69),
(3, 11, 10, 70),
(3, 11, 10, 71),
(3, 11, 10, 72),
(3, 11, 10, 73),
(5, 33, 34, 74),
(5, 33, 35, 74),
(5, 33, 36, 74),
(5, 33, 37, 74),
(6, 25, 30, 74),
(6, 25, 31, 74),
(6, 25, 32, 74),
(6, 25, 33, 74),
(5, 33, 34, 75),
(5, 33, 35, 75),
(5, 33, 36, 75),
(5, 33, 37, 75),
(6, 25, 30, 75),
(6, 25, 31, 75),
(6, 25, 32, 75),
(6, 25, 33, 75);

-- --------------------------------------------------------

--
-- Estructura de tabla para la tabla `status_proyecto`
--

CREATE TABLE IF NOT EXISTS `status_proyecto` (
  `idstatus_proyecto` bigint(20) NOT NULL AUTO_INCREMENT,
  `nombre_status_proyecto` varchar(30) COLLATE utf8_spanish2_ci NOT NULL,
  PRIMARY KEY (`idstatus_proyecto`)
) ENGINE=InnoDB  DEFAULT CHARSET=utf8 COLLATE=utf8_spanish2_ci AUTO_INCREMENT=5 ;

--
-- Volcado de datos para la tabla `status_proyecto`
--

INSERT INTO `status_proyecto` (`idstatus_proyecto`, `nombre_status_proyecto`) VALUES
(1, 'Activo'),
(2, 'Anulado'),
(3, 'Suspendido'),
(4, 'Facturado/Cerrado');

-- --------------------------------------------------------

--
-- Estructura de tabla para la tabla `status_usuario`
--

CREATE TABLE IF NOT EXISTS `status_usuario` (
  `idstatus_usuario` bigint(20) NOT NULL AUTO_INCREMENT,
  `nombre_status_usuario` varchar(30) COLLATE utf8_spanish2_ci NOT NULL,
  PRIMARY KEY (`idstatus_usuario`)
) ENGINE=InnoDB  DEFAULT CHARSET=utf8 COLLATE=utf8_spanish2_ci AUTO_INCREMENT=3 ;

--
-- Volcado de datos para la tabla `status_usuario`
--

INSERT INTO `status_usuario` (`idstatus_usuario`, `nombre_status_usuario`) VALUES
(1, 'Activo'),
(2, 'Inactivo');

-- --------------------------------------------------------

--
-- Estructura de tabla para la tabla `subtipo_servicio`
--

CREATE TABLE IF NOT EXISTS `subtipo_servicio` (
  `idsubtipo_servicio` bigint(20) NOT NULL AUTO_INCREMENT,
  `nombre_subtipo_servicio` varchar(100) COLLATE utf8_spanish2_ci NOT NULL,
  PRIMARY KEY (`idsubtipo_servicio`)
) ENGINE=InnoDB  DEFAULT CHARSET=utf8 COLLATE=utf8_spanish2_ci AUTO_INCREMENT=38 ;

--
-- Volcado de datos para la tabla `subtipo_servicio`
--

INSERT INTO `subtipo_servicio` (`idsubtipo_servicio`, `nombre_subtipo_servicio`) VALUES
(1, 'No Aplica'),
(2, 'Cobre'),
(3, 'Fibra'),
(4, 'Cableado'),
(5, 'Satelital'),
(6, 'ESCPC'),
(7, 'SCPC'),
(8, 'SSB'),
(9, 'Terceros'),
(10, 'DDE/DDS'),
(11, 'Unidad de Rack'),
(12, 'Hospedaje Web Avanzado'),
(13, 'Hospedaje Web Basico'),
(14, 'Compartido LINUX'),
(15, 'Compartido Windows'),
(16, 'Dedicado LINUX'),
(17, 'Numero Universal'),
(18, 'Servicio 0500'),
(19, 'Servicio 0501'),
(20, 'Servicio 0800'),
(21, 'Servicio 0900'),
(22, 'Audio'),
(23, 'Video'),
(24, 'Bes'),
(25, 'Bis'),
(26, 'Bis+Bes'),
(27, 'Laptop'),
(28, 'PC'),
(29, 'Dedicado Windows'),
(30, 'Gama Alta'),
(31, 'Gama Media'),
(32, 'Gama Baja'),
(33, 'Blackberry'),
(34, 'ABA Movil'),
(35, 'Gestion de Flota'),
(36, 'Pulsa y Habla'),
(37, 'Donde Estas');

-- --------------------------------------------------------

--
-- Estructura de tabla para la tabla `sucursales`
--

CREATE TABLE IF NOT EXISTS `sucursales` (
  `idsucursales` bigint(20) NOT NULL AUTO_INCREMENT,
  `nombre_sede` varchar(200) COLLATE utf8_spanish2_ci NOT NULL,
  `direccion` varchar(200) COLLATE utf8_spanish2_ci NOT NULL,
  `observaciones` varchar(250) COLLATE utf8_spanish2_ci DEFAULT NULL,
  `servicios_datos` int(3) NOT NULL,
  `servicios_internet` int(3) NOT NULL,
  `servicios_telf_fija` int(3) NOT NULL,
  `servicios_ti` int(3) NOT NULL,
  `servicios_moviles` int(4) NOT NULL,
  `servicios_equipamento` int(3) NOT NULL,
  `rif_institucion` varchar(20) COLLATE utf8_spanish2_ci NOT NULL,
  `idregion` bigint(20) NOT NULL,
  `idestado` bigint(20) NOT NULL,
  `idmunicipio` bigint(20) NOT NULL,
  `idcentral` bigint(20) NOT NULL,
  `idusuario` varchar(9) COLLATE utf8_spanish2_ci NOT NULL,
  `status` int(10) NOT NULL,
  PRIMARY KEY (`idsucursales`),
  KEY `fk_sucursales1_idx` (`idregion`,`idestado`,`idmunicipio`,`rif_institucion`),
  KEY `fk_sucursales2_idx` (`idcentral`)
) ENGINE=InnoDB  DEFAULT CHARSET=utf8 COLLATE=utf8_spanish2_ci AUTO_INCREMENT=13 ;

--
-- Volcado de datos para la tabla `sucursales`
--

INSERT INTO `sucursales` (`idsucursales`, `nombre_sede`, `direccion`, `observaciones`, `servicios_datos`, `servicios_internet`, `servicios_telf_fija`, `servicios_ti`, `servicios_moviles`, `servicios_equipamento`, `rif_institucion`, `idregion`, `idestado`, `idmunicipio`, `idcentral`, `idusuario`, `status`) VALUES
(1, 'Yaracuy Prin.', 'Av. Madrid', 'Ferney -04140553277', 1, 1, 1, 1, 1, 1, 'G200087188', 2, 15, 180, 95, 'V10403444', 1),
(2, 'yaracuy 2da', 'Av. Las Mercedes', 'Carlos-04415', 2, 1, 2, 1, 2, 1, 'G200087188', 1, 14, 172, 1074, 'V10403444', 1),
(3, 'Sede 2', 'Av. Lara', 'Jose-4606450', 1, 1, 1, 1, 1, 1, 'G200003189', 1, 14, 155, 1106, 'V10403444', 1),
(4, 'Sede 1', 'Fundalara', 'Maria-54400', 1, 1, 1, 1, 1, 1, 'G200004630', 1, 5, 56, 1011, 'V10403444', 1),
(12, 'Sede Nirgua', '', NULL, 0, 0, 0, 0, 0, 0, 'G200006315', 4, 23, 309, 662, 'V10403444', 1);

-- --------------------------------------------------------

--
-- Estructura de tabla para la tabla `tipo_fase`
--

CREATE TABLE IF NOT EXISTS `tipo_fase` (
  `idtipo_fase` bigint(20) NOT NULL,
  `nombre_tipo_fase` varchar(150) COLLATE utf8_spanish2_ci NOT NULL,
  `id_tipof` int(10) NOT NULL,
  PRIMARY KEY (`idtipo_fase`,`id_tipof`),
  KEY `id_tipof` (`id_tipof`)
) ENGINE=InnoDB DEFAULT CHARSET=utf8 COLLATE=utf8_spanish2_ci;

--
-- Volcado de datos para la tabla `tipo_fase`
--

INSERT INTO `tipo_fase` (`idtipo_fase`, `nombre_tipo_fase`, `id_tipof`) VALUES
(1, 'Levantar indicios con IP', 1),
(2, 'Crear Solicitud en ARC', 1),
(3, 'Asignacion SAC/GAI', 2),
(4, 'Levantamiento de Informacion por GAI O SAC', 2),
(5, 'Consultas de Costos(Compras/Contratos/Propuesta Modelo)', 2),
(6, 'Elaboracion de Propuesta', 2),
(7, 'Caso de Negocio', 2),
(8, 'Entrega de Propuesta a Departamento de Ventas', 2),
(9, 'Entrega Propuesta al Cliente', 3),
(10, 'Negociacion con la Institucion', 3),
(11, 'Reingenieria(Costos/Soluciones)', 3),
(12, 'Aceptacion por Cliente', 3),
(13, 'Generacion de Orden de Compra o Contrato por la Institucion', 3),
(14, 'Elaboracion de Acto Motivado Punto de Cuenta', 4),
(15, 'Comision de Licitacion', 4),
(16, 'Elaboracion de Punto de Cuenta', 4),
(17, 'Creacion de Solicitud de Pedido', 4),
(18, 'Ajuste de Pedido por Importacion', 4),
(19, 'Creacion de Orden de Compra', 4),
(20, 'Implantacion', 4),
(21, 'Entrega a Cliente', 4),
(22, 'Carta de Aceptacion con Cliente', 4),
(23, 'Facturacion', 4),
(24, 'Culminado/Facturado', 4);

-- --------------------------------------------------------

--
-- Estructura de tabla para la tabla `tipo_servicio`
--

CREATE TABLE IF NOT EXISTS `tipo_servicio` (
  `idtipo_servicio` bigint(20) NOT NULL AUTO_INCREMENT,
  `nombre_tipo_servicio` varchar(100) COLLATE utf8_spanish2_ci NOT NULL,
  PRIMARY KEY (`idtipo_servicio`)
) ENGINE=InnoDB  DEFAULT CHARSET=utf8 COLLATE=utf8_spanish2_ci AUTO_INCREMENT=35 ;

--
-- Volcado de datos para la tabla `tipo_servicio`
--

INSERT INTO `tipo_servicio` (`idtipo_servicio`, `nombre_tipo_servicio`) VALUES
(1, 'DPL'),
(2, 'Frame Relay'),
(3, 'Metro Lan'),
(4, 'POS, ATM, SCADA'),
(5, 'Ultima Milla Satelital'),
(6, 'ABA Alambrico'),
(7, 'ABA Inalambrico'),
(8, 'ABA Satelital'),
(9, 'Metro'),
(10, 'Internet Total'),
(11, 'CPA'),
(12, 'Linea No Residencial'),
(13, 'PBX'),
(14, 'Co-Location'),
(15, 'Hospedaje Web'),
(16, 'Hosting'),
(17, 'Red Inteligente'),
(18, 'Streaming'),
(19, 'ABA Movil'),
(20, 'Linea BlackBerry'),
(21, 'Donde estas Empresarial'),
(22, 'Donde estas Empresarial Plus'),
(23, 'Gestion de Flota'),
(24, 'Pulsa y Habla'),
(25, 'Celular'),
(26, 'Internet Equipado'),
(27, 'Router'),
(28, 'Swicht'),
(29, 'Modem'),
(30, 'Antena'),
(31, 'Radios'),
(32, 'Portal de Gestion'),
(33, 'Linea Movil'),
(34, 'TFI');

-- --------------------------------------------------------

--
-- Estructura de tabla para la tabla `tipo_usuario`
--

CREATE TABLE IF NOT EXISTS `tipo_usuario` (
  `idtipo_usuario` bigint(20) NOT NULL,
  `nombre_tipo_usuario` varchar(45) COLLATE utf8_spanish2_ci NOT NULL,
  `tipo` int(3) NOT NULL,
  PRIMARY KEY (`idtipo_usuario`)
) ENGINE=InnoDB DEFAULT CHARSET=utf8 COLLATE=utf8_spanish2_ci;

--
-- Volcado de datos para la tabla `tipo_usuario`
--

INSERT INTO `tipo_usuario` (`idtipo_usuario`, `nombre_tipo_usuario`, `tipo`) VALUES
(1, 'Administrador', 1),
(2, 'Lider', 2),
(3, 'Gerente', 2),
(4, 'Consultor', 2);

-- --------------------------------------------------------

--
-- Estructura de tabla para la tabla `trimestre`
--

CREATE TABLE IF NOT EXISTS `trimestre` (
  `idtrimestre` bigint(20) NOT NULL AUTO_INCREMENT,
  `nombre_trimestre` varchar(45) COLLATE utf8_spanish2_ci NOT NULL,
  PRIMARY KEY (`idtrimestre`)
) ENGINE=InnoDB  DEFAULT CHARSET=utf8 COLLATE=utf8_spanish2_ci AUTO_INCREMENT=5 ;

--
-- Volcado de datos para la tabla `trimestre`
--

INSERT INTO `trimestre` (`idtrimestre`, `nombre_trimestre`) VALUES
(1, '1ero'),
(2, '2do'),
(3, '3ero'),
(4, '4to');

-- --------------------------------------------------------

--
-- Estructura de tabla para la tabla `unidad`
--

CREATE TABLE IF NOT EXISTS `unidad` (
  `idunidad` bigint(20) NOT NULL AUTO_INCREMENT,
  `nombre_unidad` varchar(45) COLLATE utf8_spanish2_ci NOT NULL,
  PRIMARY KEY (`idunidad`)
) ENGINE=InnoDB  DEFAULT CHARSET=utf8 COLLATE=utf8_spanish2_ci AUTO_INCREMENT=3 ;

--
-- Volcado de datos para la tabla `unidad`
--

INSERT INTO `unidad` (`idunidad`, `nombre_unidad`) VALUES
(1, 'GAI'),
(2, 'SAC');

-- --------------------------------------------------------

--
-- Estructura de tabla para la tabla `usuario`
--

CREATE TABLE IF NOT EXISTS `usuario` (
  `idcedula` varchar(9) COLLATE utf8_spanish2_ci NOT NULL,
  `nombre` varchar(45) COLLATE utf8_spanish2_ci NOT NULL,
  `telefono_movil` varchar(22) COLLATE utf8_spanish2_ci NOT NULL,
  `email` varchar(45) COLLATE utf8_spanish2_ci NOT NULL,
  `contrasena` varchar(30) COLLATE utf8_spanish2_ci NOT NULL,
  `fecha_registro` date NOT NULL,
  `idtipo_usuario` bigint(20) NOT NULL,
  `idgerencia` bigint(20) NOT NULL,
  `idsector` bigint(20) NOT NULL,
  `idregion` bigint(20) NOT NULL,
  `idstatus_usuario` bigint(20) NOT NULL,
  PRIMARY KEY (`idcedula`),
  KEY `fk_usuario_idtipo_usuario_idx` (`idtipo_usuario`),
  KEY `fk_usuario_idgerencia_idsector_idx` (`idgerencia`,`idsector`),
  KEY `fk_usuario_idregion_idx` (`idregion`),
  KEY `fk_usuario_idstatus_usuario_idx` (`idstatus_usuario`)
) ENGINE=InnoDB DEFAULT CHARSET=utf8 COLLATE=utf8_spanish2_ci;

--
-- Volcado de datos para la tabla `usuario`
--

INSERT INTO `usuario` (`idcedula`, `nombre`, `telefono_movil`, `email`, `contrasena`, `fecha_registro`, `idtipo_usuario`, `idgerencia`, `idsector`, `idregion`, `idstatus_usuario`) VALUES
('0800', '0800 PUBLICA', '11111111', '0800p', '0800cantv', '2013-01-17', 1, 2, 6, 4, 1),
('E81995496', 'FERNEY VELASCO', '4166327976', 'fvelas@cantv.com.ve', 'P00115240', '2013-01-17', 2, 2, 6, 4, 1),
('V10111422', 'JOSE SIERRA', '4165866374', 'jsierr01@cantv.com.ve', 'P00127530', '2013-01-17', 4, 2, 8, 6, 1),
('V10334882', 'JOSÉ EDUARDO HERNANDEZ', '4166461385', 'eherna19@cantv.com.ve', 'P00130163', '2013-01-17', 3, 1, 16, 2, 1),
('V10403444', 'MARIA G. GONZALEZ', '4166132677', 'mgonz7@cantv.com.ve', 'P00113922', '2013-01-17', 4, 2, 6, 4, 1),
('V10544107', 'DEYAMIRA RAMIREZ', '4166376883', 'drami2@cantv.com.ve', 'P00113378', '2013-01-17', 4, 4, 11, 2, 1),
('V10570740', 'ANA BALZA', '4169407169', 'abalza01@cantv.com.ve', 'P00127606', '2013-01-17', 4, 4, 12, 2, 1),
('V10612161', 'KENNET VERSCHUREN', '4169407171', 'kversc01@cantv.com.ve', 'P00127607', '2013-01-17', 4, 5, 14, 2, 1),
('V10755124', 'MARIA Z. HERNANDEZ', '4166445908', 'mhern7@cantv.com.ve', 'P00114523', '2013-01-17', 2, 2, 7, 3, 1),
('V10788565', 'CARLOS PIMENTEL', '4166128910', 'xxxx@cantv.com.ve', 'P00300373', '2013-01-17', 4, 3, 10, 2, 1),
('V10803148', 'MARBELLA ROJAS', '4166054545', 'mroj15@cantv.com.ve', 'P00200609', '2013-01-17', 4, 3, 9, 2, 1),
('V10883104', 'FRANCISCO ROJAS', '4165800033', 'froja4@cantv.com.ve', 'P00201881', '2013-01-17', 4, 1, 3, 2, 1),
('V10966987', 'ROBERT MORILLO', '4165802129', 'rmoril01@cantv.com.ve', 'P00127743', '2013-01-17', 4, 2, 5, 5, 1),
('V11199323', 'DARRELSON MARQUEZ', '4166144000', 'dmarq4@cantv.com.ve', 'P00201614', '2013-01-17', 4, 4, 11, 2, 1),
('V11280186', 'FRANCISCO CARDOZO', '4165617386', 'fcardo@cantv.com.ve', 'P00114485', '2013-01-17', 3, 2, 16, 2, 1),
('V11389938', 'ALFREDO MACHADO', '4165613839', 'amacha@cantv.com.ve', 'P00201868', '2013-01-17', 2, 2, 5, 5, 1),
('V11428710', 'ERIKA FREITES', '4166509695', 'efreit01@cantv.com.ve', 'P00208495', '2013-01-17', 1, 2, 6, 4, 1),
('V11463608', 'MARIA ARANGUREN', '4166433838', 'marang@cantv.com.ve', 'P00114529', '2013-01-17', 2, 2, 4, 1, 1),
('V11507684', 'JOSE DANIEL GUTIERREZ', '4166079304', 'jgutie17@cantv.com.ve', 'P00132461', '2013-01-17', 2, 5, 15, 2, 1),
('V11510103', 'CLAUDIA BULLONES', '4166323815', 'cbullo@cantv.com.ve', 'P00202311', '2013-01-17', 4, 1, 1, 2, 1),
('V11767877', 'JUAN CARLOS ADRIANZA', '4166623225', 'jadri1@cantv.com.ve', 'P00202276', '2013-01-17', 4, 1, 2, 2, 1),
('V11844312', 'LUIS ESPINOZA', '4266135258', 'lespin02@cantv.com.ve', 'P00110287', '2013-01-17', 4, 4, 11, 2, 1),
('V11924878', 'JOHANA GONZALEZ', '4166848484', 'jgon67@cantv.com.ve', 'P00200948', '2013-01-17', 4, 3, 9, 2, 1),
('V11960389', 'GIOVANNI DAVILA', '4166740026', 'gdavil@cantv.com.ve', 'P00116921', '2013-01-17', 4, 2, 4, 1, 1),
('V11994183', 'PABLO RODRIGUEZ', '4166113298', 'prodr4@cantv.com.ve', 'P00115509', '2013-01-17', 4, 3, 10, 2, 1),
('V12047665', 'YASMIR RIVAS', '4166303107', 'yriva1@cantv.com.ve', 'P00116029', '2013-01-17', 4, 3, 9, 2, 1),
('V12060078', 'BARBARA LORETO', '4165802318', 'bloret01@cantv.com.ve', 'P00128051', '2013-01-17', 2, 4, 11, 2, 1),
('V12067637', 'LUIS GUERRERO', '4166248864', 'lguerr@cantv.com.ve', 'P00115474', '2013-01-17', 4, 5, 13, 2, 1),
('V12094584', 'RODOLFO POLANCO', '4166203075', 'rpolan@cantv.com.ve', 'P00112785', '2013-01-17', 4, 1, 1, 2, 1),
('V12111752', 'ALEXANDER SANCHEZ', '4166203107', 'asanc9@cantv.com.ve', 'P00114997', '2013-01-17', 4, 5, 14, 2, 1),
('V12260913', 'ELVIRA GONZALEZ', '4166288407', 'egonza14@cantv.com.ve', 'P00127361', '2013-01-17', 4, 3, 9, 2, 1),
('V12378846', 'CRISTIAN ESCOBAR', '4165867083', 'cescob@cantv.com.ve', 'P00201883', '2013-01-17', 4, 1, 3, 2, 1),
('V12394483', 'PATRICIA CANOS', '4166142122', 'pcanos@cantv.com.ve', 'P00200617', '2013-01-17', 4, 3, 10, 2, 1),
('V12722023', 'LUIS BASTIDAS', '4165515466', 'lbasti01@cantv.com.ve', 'P00205361', '2013-01-17', 4, 2, 6, 4, 1),
('V12749419', 'PABLO MOYA', '4166202566', 'pmoya1@cantv.com.ve', 'P00300187', '2013-01-17', 3, 3, 16, 2, 1),
('V12872964', 'EVELYN SOTO', '4166605272', 'esoto@cantv.com.ve', 'P00200471', '2013-01-17', 2, 1, 2, 2, 1),
('V12877423', 'ANDRES YBAÑEZ', '4166151375', 'aybane@cantv.com.ve', 'P00128405', '2013-01-17', 4, 3, 10, 2, 1),
('V12967862', 'SANDRA LOSADA', '4166505788', 'slosad@cantv.com.ve', 'P00205475', '2013-01-17', 4, 2, 7, 3, 1),
('V13035786', 'RODOLFO DE LEON', '4166325303', 'rdele3@cantv.com.ve', 'P00202270', '2013-01-17', 4, 2, 7, 3, 1),
('V13083977', 'JULIO ROJAS', '4166647896', 'jroj14@cantv.com.ve', 'P00114282', '2013-01-17', 4, 1, 2, 2, 1),
('V13109003', 'SCARLETT RODRIGUEZ', '4165439833', 'srodri14@cantv.com.ve', 'P00129019', '2013-01-17', 4, 3, 10, 2, 1),
('V13257340', 'BETHZABETH UGAS', '4166865545', 'bugasm01@cantv.com.ve', 'P00131756', '2013-01-17', 4, 2, 8, 6, 1),
('V13571006', 'YUSMARY LAGUNA', '4165439387', 'ylagun01@cantv.com.ve', 'P00129003', '2013-01-17', 4, 5, 15, 2, 1),
('V13763172', 'FREDDY PEREZ', '4166432247', 'fperez10@cantv.com.ve', 'P00135206', '2013-01-17', 4, 1, 1, 2, 1),
('V13891163', 'BEATRIZ JAIMES', '4166134680', 'bjaim1@cantv.com.ve', 'P00115320', '2013-01-17', 2, 3, 10, 2, 1),
('V13959691', 'ARCELIS DIAZ', '4166233660', 'adia11@cantv.com.ve', 'P00205458', '2013-01-17', 4, 5, 15, 2, 1),
('V14006684', 'ADELHAIDY PELEY', '4166667282', 'apeley@cantv.com.ve', 'P00124866', '2013-01-17', 4, 1, 2, 2, 1),
('V14018915', 'JULIO GUILLEN ', '4166126969', 'jguill01@cantv.com.ve', 'P00204213', '2013-01-17', 4, 3, 9, 2, 1),
('V14095695', 'RAFAEL CAMACHO', '4166144600', 'rcama2@cantv.com.ve', 'P00127974', '2013-01-17', 4, 5, 13, 2, 1),
('V14351870', 'YUSMARY LEZAMA', '4265119163', 'ylezam01@cantv.com.ve', 'P00132134', '2013-01-17', 4, 4, 12, 2, 1),
('V14363884', 'YAMILETH MELENDEZ', '4166183803', 'ymelen02@cantv.com.ve', 'P00134561', '2013-01-17', 4, 4, 11, 2, 1),
('V14482859', 'TIUNARY PA EZ', '4166107044', 'tpaezm01@cantv.com.ve', 'P00204836', '2013-01-17', 4, 2, 6, 4, 1),
('V14545441', 'BLANCA MARTINEZ', '4165802132', 'bmarti04@cantv.com.ve', 'P00127814', '2013-01-17', 4, 2, 5, 5, 1),
('V14810572', 'AIDA CAMACHO', '4166771420', 'acama2@cantv.com.ve', 'P00124868', '2013-01-17', 4, 2, 4, 1, 1),
('V14889589', 'JUAN  CARLOS MATUTE', '4165802468', 'jmatut02@cantv.com.ve', 'P00205782', '2013-01-17', 4, 2, 8, 6, 1),
('V14990086', 'ROSA GUZMAN', '4166234927', 'rguzm1@cantv.com.ve', 'P00205457', '2013-01-17', 4, 5, 14, 2, 1),
('V15521359', 'ELIMAR ESTABA', '4165860926', 'eestab01@cantv.com.ve', 'P00131758', '2013-01-17', 4, 1, 3, 2, 1),
('V15732544', 'FRANCISCO RODRIGUEZ', '4166814167', 'frodr8@cantv.com.ve', 'P00124864', '2013-01-17', 4, 1, 3, 2, 1),
('V16051491', 'MARIA A. GUEVARA', '4165406705', 'mguev6@cantv.com.ve', 'P00124865', '2013-01-17', 4, 2, 7, 3, 1),
('V16197656', 'DAVID JESUS HIGUERA', '4166437536', 'dhigue01@cantv.com.ve', 'P00134815', '2013-01-17', 4, 2, 5, 5, 1),
('V17058249', 'ANGELA ZAPATA', '4265363614', 'azapat01@cantv.com.ve', 'P00129614', '2013-01-17', 4, 4, 12, 2, 1),
('V17427546', 'FRANKLIN BIARRIETA', '4120974015', 'xxxx@cantv.com.ve', 'P00134667', '2013-01-17', 3, 6, 1, 2, 1),
('V17461917', 'ROSSANA PERALTA', '4265106620', 'rperal02@cantv.com.ve', 'P00125444', '2013-01-17', 4, 4, 11, 2, 1),
('V17626357', 'JOSÉ GONZÁLEZ', '4167551346', 'josegonzalezb85@hotmail.com', '12345', '2013-01-17', 1, 2, 6, 4, 1),
('V17691596', 'NELSON CONDORE', '4166183804', 'ncondo01@cantv.com.ve', 'P00134565', '2013-01-17', 4, 4, 12, 2, 1),
('V18190118', 'LESLY BLANCO', '4165861945', 'lblanc06@cantv.com.ve', 'P00132986', '2013-01-17', 4, 2, 8, 6, 1),
('V18367082', 'KATIUSKA MORENO', '4166261216', 'kmoren03@cantv.com.ve', 'P00136363', '2013-01-17', 4, 5, 14, 2, 1),
('V19572858', 'RAIZA DOMÍNGUEZ', '4264505507', 'raiza_dominguez_gastelo@hotmail.es', '1234', '2013-01-17', 1, 2, 6, 4, 1),
('V6207717', 'MARIA PIÑERO', '4166394345', 'mpiner@cantv.com.ve', 'P00110287', '2013-01-17', 4, 4, 12, 2, 1),
('V6227576', 'GISELA FIORILLO', '4166383535', 'gfiori@cantv.com.ve', 'P00114031', '2013-01-17', 4, 4, 11, 2, 1),
('V6321766', 'KEYLA MENDEZ', '4166387131', 'kmende@cantv.com.ve', 'P00113798', '2013-01-17', 4, 4, 12, 2, 1),
('V6562852', 'GUISEPPE BELLOSI', '4166238087', 'gbello@cantv.com.ve', 'P00115861', '2013-01-17', 2, 1, 1, 2, 1),
('V6823905', 'CARLOS BRITO', '4166387630', 'xxxx@cantv.com.ve', 'pxx', '2013-01-17', 3, 5, 16, 2, 1),
('V6865885', 'RONNY HERNANDEZ', '4166355594', 'rhern9@cantv.com.ve', 'P00115391', '2013-01-17', 4, 5, 15, 2, 1),
('V6870336', 'PEDRO TORREALBA', '4265119173', 'ptorre02@cantv.com.ve', 'P00132453', '2013-01-17', 4, 5, 13, 2, 1),
('V6948110', 'MIGUEL MORANTES', '4166282258', 'mmoran@cantv.com.ve', 'P00116149', '2013-01-17', 4, 1, 1, 2, 1),
('V6948145', 'RONALD RUIZ', '4166812814', 'rruiz4@cantv.com.ve', 'P00115442', '2013-01-17', 2, 2, 8, 6, 1),
('V8026963', 'JOSE GREGORIO VIELMA', '4166465386', 'xxxx@cantv.com.ve', 'P00130466', '2013-01-17', 3, 6, 1, 2, 1),
('V8227415', 'MARIA NIEVES VILLAROEL', '4165802365', 'mvilla@cantv.com.ve', 'P00113759', '2013-01-17', 2, 1, 3, 2, 1),
('V82290760', 'MARIO SUAREZ', '4166026031', 'msuar5@cantv.com.ve', 'P00130092', '2013-01-17', 2, 4, 12, 2, 1),
('V8258936', 'JORGE GUARAMATA', '4166209153', 'jguara@cantv.com.ve', 'P00115319', '2013-01-17', 2, 5, 13, 2, 1),
('V8345212', 'JOSE NARANJO', '4166924389', 'jnaran@cantv.com.ve', 'P00116129', '2013-01-17', 4, 2, 8, 6, 1),
('V8774134', 'MAYERLING BUSTAMANTE', '4169400627', 'mbusta01@cantv.com.ve', 'P00127889', '2013-01-17', 4, 4, 12, 2, 1);

--
-- Restricciones para tablas volcadas
--

--
-- Filtros para la tabla `cartera_instituciones`
--
ALTER TABLE `cartera_instituciones`
  ADD CONSTRAINT `fk_cartera_instituciones_idcedula` FOREIGN KEY (`idcedula`) REFERENCES `usuario` (`idcedula`) ON UPDATE CASCADE,
  ADD CONSTRAINT `fk_cartera_instituciones_rif_institucion` FOREIGN KEY (`rif_institucion`) REFERENCES `institucion` (`rif_institucion`) ON UPDATE CASCADE;

--
-- Filtros para la tabla `central`
--
ALTER TABLE `central`
  ADD CONSTRAINT `fk_central_region_estado_municipio1` FOREIGN KEY (`idregion`, `idestado`, `idmunicipio`) REFERENCES `region_estado_municipio` (`idregion`, `idestado`, `idmunicipio`) ON UPDATE CASCADE;

--
-- Filtros para la tabla `gerencia_sector`
--
ALTER TABLE `gerencia_sector`
  ADD CONSTRAINT `fk_gerencia_sector_idgerencia` FOREIGN KEY (`idgerencia`) REFERENCES `gerencia` (`idgerencia`) ON UPDATE CASCADE,
  ADD CONSTRAINT `fk_gerencia_sector_idsector` FOREIGN KEY (`idsector`) REFERENCES `sector` (`idsector`) ON UPDATE CASCADE;

--
-- Filtros para la tabla `institucion_servicios`
--
ALTER TABLE `institucion_servicios`
  ADD CONSTRAINT `fk_institucion_servicios1` FOREIGN KEY (`rif_institucion`) REFERENCES `institucion` (`rif_institucion`) ON UPDATE CASCADE,
  ADD CONSTRAINT `fk_institucion_servicios2` FOREIGN KEY (`idservicio`, `idtipo_servicio`, `idsubtipo_servicio`, `idplan`) REFERENCES `servicio_tipo_servicio_subtipo_servicio_plan` (`idservicio`, `idtipo_servicio`, `idsubtipo_servicio`, `idplan`) ON UPDATE CASCADE,
  ADD CONSTRAINT `fk_institucion_servicios3` FOREIGN KEY (`idcentral`) REFERENCES `central` (`idcentral`) ON UPDATE CASCADE,
  ADD CONSTRAINT `fk_institucion_servicios4` FOREIGN KEY (`idtrimestre`) REFERENCES `trimestre` (`idtrimestre`) ON UPDATE CASCADE;

--
-- Filtros para la tabla `macro_linea_propuesta`
--
ALTER TABLE `macro_linea_propuesta`
  ADD CONSTRAINT `macro_linea_propuesta_ibfk_1` FOREIGN KEY (`idpropuesta`) REFERENCES `propuesta` (`idpropuesta`) ON UPDATE CASCADE,
  ADD CONSTRAINT `macro_linea_propuesta_ibfk_3` FOREIGN KEY (`idlinea_de_negocio`) REFERENCES `linea_de_negocio` (`idlinea_de_negocio`) ON UPDATE CASCADE;

--
-- Filtros para la tabla `propuesta`
--
ALTER TABLE `propuesta`
  ADD CONSTRAINT `fk_propuesta1` FOREIGN KEY (`idprioridad`) REFERENCES `prioridad` (`idprioridad`) ON UPDATE CASCADE,
  ADD CONSTRAINT `fk_propuesta10` FOREIGN KEY (`id_fase`) REFERENCES `fase_proyecto` (`id_fase`) ON UPDATE CASCADE,
  ADD CONSTRAINT `fk_propuesta13` FOREIGN KEY (`idtipo_fase_actualizada`) REFERENCES `tipo_fase` (`idtipo_fase`) ON UPDATE CASCADE,
  ADD CONSTRAINT `fk_propuesta2` FOREIGN KEY (`idforma_de_pago`) REFERENCES `forma_de_pago` (`idforma_de_pago`) ON UPDATE CASCADE,
  ADD CONSTRAINT `fk_propuesta3` FOREIGN KEY (`idarea`) REFERENCES `area` (`idarea`) ON UPDATE CASCADE,
  ADD CONSTRAINT `fk_propuesta4` FOREIGN KEY (`idregion`) REFERENCES `region` (`idregion`) ON UPDATE CASCADE,
  ADD CONSTRAINT `fk_propuesta5` FOREIGN KEY (`idtipo_fase`) REFERENCES `tipo_fase` (`idtipo_fase`) ON UPDATE CASCADE,
  ADD CONSTRAINT `fk_propuesta6` FOREIGN KEY (`idunidad`) REFERENCES `unidad` (`idunidad`) ON UPDATE CASCADE,
  ADD CONSTRAINT `fk_propuesta7` FOREIGN KEY (`rif_institucion`) REFERENCES `institucion` (`rif_institucion`) ON UPDATE CASCADE,
  ADD CONSTRAINT `fk_propuesta8` FOREIGN KEY (`idstatus_proyecto`) REFERENCES `status_proyecto` (`idstatus_proyecto`) ON UPDATE CASCADE,
  ADD CONSTRAINT `fk_propuesta9` FOREIGN KEY (`idmacro_proyecto`) REFERENCES `macro_proyecto` (`idmacro_proyecto`) ON UPDATE CASCADE;

--
-- Filtros para la tabla `region_estado`
--
ALTER TABLE `region_estado`
  ADD CONSTRAINT `fk_region_estado_idestado` FOREIGN KEY (`idestado`) REFERENCES `estado` (`idestado`) ON UPDATE CASCADE,
  ADD CONSTRAINT `fk_region_estado_idregion` FOREIGN KEY (`idregion`) REFERENCES `region` (`idregion`) ON UPDATE CASCADE;

--
-- Filtros para la tabla `region_estado_municipio`
--
ALTER TABLE `region_estado_municipio`
  ADD CONSTRAINT `fk_region_estado_municipio_idmunicipio` FOREIGN KEY (`idmunicipio`) REFERENCES `municipio` (`idmunicipio`) ON UPDATE CASCADE,
  ADD CONSTRAINT `fk_region_estado_municipio_idregion_idestado` FOREIGN KEY (`idregion`, `idestado`) REFERENCES `region_estado` (`idregion`, `idestado`) ON UPDATE CASCADE;

--
-- Filtros para la tabla `region_estado_municipio_institucion`
--
ALTER TABLE `region_estado_municipio_institucion`
  ADD CONSTRAINT `fk_region_estado_municipio_institucion1` FOREIGN KEY (`idregion`, `idestado`, `idmunicipio`) REFERENCES `region_estado_municipio` (`idregion`, `idestado`, `idmunicipio`) ON UPDATE CASCADE,
  ADD CONSTRAINT `fk_region_estado_municipio_institucion2` FOREIGN KEY (`rif_institucion`) REFERENCES `institucion` (`rif_institucion`) ON UPDATE CASCADE;

--
-- Filtros para la tabla `servicio_tipo_servicio`
--
ALTER TABLE `servicio_tipo_servicio`
  ADD CONSTRAINT `fk_servicio_tipo_servicio1` FOREIGN KEY (`idservicio`) REFERENCES `servicio` (`idservicio`) ON UPDATE CASCADE,
  ADD CONSTRAINT `fk_servicio_tipo_servicio2` FOREIGN KEY (`idtipo_servicio`) REFERENCES `tipo_servicio` (`idtipo_servicio`) ON UPDATE CASCADE;

--
-- Filtros para la tabla `servicio_tipo_servicio_subtipo_servicio`
--
ALTER TABLE `servicio_tipo_servicio_subtipo_servicio`
  ADD CONSTRAINT `fk_servicio_tipo_servicio_subtipo_servicio1` FOREIGN KEY (`idservicio`, `idtipo_servicio`) REFERENCES `servicio_tipo_servicio` (`idservicio`, `idtipo_servicio`) ON UPDATE CASCADE,
  ADD CONSTRAINT `fk_servicio_tipo_servicio_subtipo_servicio2` FOREIGN KEY (`idsubtipo_servicio`) REFERENCES `subtipo_servicio` (`idsubtipo_servicio`) ON UPDATE CASCADE;

--
-- Filtros para la tabla `servicio_tipo_servicio_subtipo_servicio_plan`
--
ALTER TABLE `servicio_tipo_servicio_subtipo_servicio_plan`
  ADD CONSTRAINT `fk_servicio_tipo_servicio_subtipo_servicio_plan1` FOREIGN KEY (`idservicio`, `idtipo_servicio`, `idsubtipo_servicio`) REFERENCES `servicio_tipo_servicio_subtipo_servicio` (`idservicio`, `idtipo_servicio`, `idsubtipo_servicio`) ON UPDATE CASCADE,
  ADD CONSTRAINT `fk_servicio_tipo_servicio_subtipo_servicio_plan2` FOREIGN KEY (`idplan`) REFERENCES `plan` (`idplan`) ON UPDATE CASCADE;

--
-- Filtros para la tabla `tipo_fase`
--
ALTER TABLE `tipo_fase`
  ADD CONSTRAINT `tipo_fase_ibfk_1` FOREIGN KEY (`id_tipof`) REFERENCES `fase_proyecto` (`id_fase`) ON DELETE CASCADE ON UPDATE CASCADE;

--
-- Filtros para la tabla `usuario`
--
ALTER TABLE `usuario`
  ADD CONSTRAINT `fk_usuario_idgerencia_idsector` FOREIGN KEY (`idgerencia`, `idsector`) REFERENCES `gerencia_sector` (`idgerencia`, `idsector`) ON UPDATE CASCADE,
  ADD CONSTRAINT `fk_usuario_idregion` FOREIGN KEY (`idregion`) REFERENCES `region` (`idregion`) ON UPDATE CASCADE,
  ADD CONSTRAINT `fk_usuario_idstatus_usuario` FOREIGN KEY (`idstatus_usuario`) REFERENCES `status_usuario` (`idstatus_usuario`) ON UPDATE CASCADE,
  ADD CONSTRAINT `fk_usuario_idtipo_usuario` FOREIGN KEY (`idtipo_usuario`) REFERENCES `tipo_usuario` (`idtipo_usuario`) ON UPDATE CASCADE;
SET FOREIGN_KEY_CHECKS=1;

/*!40101 SET CHARACTER_SET_CLIENT=@OLD_CHARACTER_SET_CLIENT */;
/*!40101 SET CHARACTER_SET_RESULTS=@OLD_CHARACTER_SET_RESULTS */;
/*!40101 SET COLLATION_CONNECTION=@OLD_COLLATION_CONNECTION */;
